gana_id	gana_name_slp1	gana_name_deva	sutra_ref	serial	member_slp1	member_deva	note
1	mAheSvarasUtra	māheśvarasūtra	shivasutra	1	aiuR	अइउण्	
1	mAheSvarasUtra	māheśvarasūtra	shivasutra	2	fxk	ऋऌक्	
1	mAheSvarasUtra	māheśvarasūtra	shivasutra	3	eoN	एओङ्	
1	mAheSvarasUtra	māheśvarasūtra	shivasutra	4	EOc	ऐऔच्	
1	mAheSvarasUtra	māheśvarasūtra	shivasutra	5	hayavaraw	हयवरट्	
1	mAheSvarasUtra	māheśvarasūtra	shivasutra	6	laR	लण्	
1	mAheSvarasUtra	māheśvarasūtra	shivasutra	7	YamaNaRanam	ञमङणनम्	
1	mAheSvarasUtra	māheśvarasūtra	shivasutra	8	JaBaY	झभञ्	
1	mAheSvarasUtra	māheśvarasūtra	shivasutra	9	GaQaDaz	घढधष्	
1	mAheSvarasUtra	māheśvarasūtra	shivasutra	10	jabagaqadaS	जबगडदश्	
1	mAheSvarasUtra	māheśvarasūtra	shivasutra	11	KaPaCaWaTacawatav	खफछठथचटतव्	
1	mAheSvarasUtra	māheśvarasūtra	shivasutra	12	kapay	कपय्	
1	mAheSvarasUtra	māheśvarasūtra	shivasutra	13	Sazasar	शषसर्	
1	mAheSvarasUtra	māheśvarasūtra	shivasutra	14	hal	हल्	
2	sarvAdiH	सर्वादिः	1.1.27	1	sarva	सर्व	
2	sarvAdiH	सर्वादिः	1.1.27	2	viSva	विश्व	
2	sarvAdiH	सर्वादिः	1.1.27	3	uBa	उभ	
2	sarvAdiH	सर्वादिः	1.1.27	4	uBaya	उभय	
2	sarvAdiH	सर्वादिः	1.1.27	5	qatara	डतर	
2	sarvAdiH	सर्वादिः	1.1.27	6	qatama	डतम	
2	sarvAdiH	सर्वादिः	1.1.27	7	anya	अन्य	
2	sarvAdiH	सर्वादिः	1.1.27	8	anyatara	अन्यतर	
2	sarvAdiH	सर्वादिः	1.1.27	9	itara	इतर	
2	sarvAdiH	सर्वादिः	1.1.27	10	tvat	त्वत्	
2	sarvAdiH	सर्वादिः	1.1.27	11	tva	त्व	
2	sarvAdiH	सर्वादिः	1.1.27	12	nema	नेम	
2	sarvAdiH	सर्वादिः	1.1.27	13	sama	सम	
2	sarvAdiH	सर्वादिः	1.1.27	14	sima	सिम	
2	sarvAdiH	सर्वादिः	1.1.27	15	tyad	त्यद्	
2	sarvAdiH	सर्वादिः	1.1.27	16	tad	तद्	
2	sarvAdiH	सर्वादिः	1.1.27	17	yad	यद्	
2	sarvAdiH	सर्वादिः	1.1.27	18	etad	एतद्	
2	sarvAdiH	सर्वादिः	1.1.27	19	idam	इदम्	
2	sarvAdiH	सर्वादिः	1.1.27	20	adas	अदस्	
2	sarvAdiH	सर्वादिः	1.1.27	21	eka	एक	
2	sarvAdiH	सर्वादिः	1.1.27	22	dvi	द्वि	
2	sarvAdiH	सर्वादिः	1.1.27	23	yuzmad	युष्मद्	
2	sarvAdiH	सर्वादिः	1.1.27	24	asmad	अस्मद्	
2	sarvAdiH	सर्वादिः	1.1.27	25	Bavatu	भवतु	
2	sarvAdiH	सर्वादिः	1.1.27	26	kim 	किम् ॥	
3	svarAdiH	स्वरादिः	1.1.37	1	svar	स्वर्	
3	svarAdiH	स्वरादिः	1.1.37	2	antar	अन्तर्	
3	svarAdiH	स्वरादिः	1.1.37	3	prAtar	प्रातर्	
3	svarAdiH	स्वरादिः	1.1.37	4	<i>antodAttAH</i>	<i>अन्तोदात्ताः</i>	
3	svarAdiH	स्वरादिः	1.1.37	5	punar	पुनर्	
3	svarAdiH	स्वरादिः	1.1.37	6	sanutar	सनुतर्	
3	svarAdiH	स्वरादिः	1.1.37	7	uccEs	उच्चैस्	
3	svarAdiH	स्वरादिः	1.1.37	8	nIcEs	नीचैस्	
3	svarAdiH	स्वरादिः	1.1.37	9	SanEs	शनैस्	
3	svarAdiH	स्वरादिः	1.1.37	10	fDak	ऋधक्	
3	svarAdiH	स्वरादिः	1.1.37	11	fte	ऋते	
3	svarAdiH	स्वरादिः	1.1.37	12	yugapat	युगपत्	
3	svarAdiH	स्वरादिः	1.1.37	13	ArAt	आरात्	
3	svarAdiH	स्वरादिः	1.1.37	14	antikAt	अन्तिकात्	
3	svarAdiH	स्वरादिः	1.1.37	15	pfTak	पृथक्	
3	svarAdiH	स्वरादिः	1.1.37	16	<i>AdyudAttAH</i>	<i>आद्युदात्ताः</i>	
3	svarAdiH	स्वरादिः	1.1.37	17	hyas	ह्यस्	
3	svarAdiH	स्वरादिः	1.1.37	18	Svas	श्वस्	
3	svarAdiH	स्वरादिः	1.1.37	19	divA	दिवा	
3	svarAdiH	स्वरादिः	1.1.37	20	rAtrO	रात्रौ	
3	svarAdiH	स्वरादिः	1.1.37	21	sAyam	सायम्	
3	svarAdiH	स्वरादिः	1.1.37	22	ciram	चिरम्	
3	svarAdiH	स्वरादिः	1.1.37	23	manAk	मनाक्	
3	svarAdiH	स्वरादिः	1.1.37	24	Izat	ईषत्	
3	svarAdiH	स्वरादिः	1.1.37	25	SaSvat	शश्वत्	
3	svarAdiH	स्वरादिः	1.1.37	26	jozam	जोषम्	
3	svarAdiH	स्वरादिः	1.1.37	27	tUzRIm	तूष्णीम्	
3	svarAdiH	स्वरादिः	1.1.37	28	bahis	बहिस्	
3	svarAdiH	स्वरादिः	1.1.37	29	aDas	अधस्	
3	svarAdiH	स्वरादिः	1.1.37	30	avas	अवस्	
3	svarAdiH	स्वरादिः	1.1.37	31	samayA	समया	
3	svarAdiH	स्वरादिः	1.1.37	32	nikazA	निकषा	
3	svarAdiH	स्वरादिः	1.1.37	33	svayam	स्वयम्	
3	svarAdiH	स्वरादिः	1.1.37	34	mfzA	मृषा	
3	svarAdiH	स्वरादिः	1.1.37	35	naktam	नक्तम्	
3	svarAdiH	स्वरादिः	1.1.37	36	naY	नञ्	
3	svarAdiH	स्वरादिः	1.1.37	37	hetO	हेतौ	
3	svarAdiH	स्वरादिः	1.1.37	38	he	हे	
3	svarAdiH	स्वरादिः	1.1.37	39	hE	है	
3	svarAdiH	स्वरादिः	1.1.37	40	idDA	इद्धा	
3	svarAdiH	स्वरादिः	1.1.37	41	adDA	अद्धा	
3	svarAdiH	स्वरादिः	1.1.37	42	sAmi	सामि	
3	svarAdiH	स्वरादिः	1.1.37	43	<i>antodAttAH</i>	<i>अन्तोदात्ताः</i>	
3	svarAdiH	स्वरादिः	1.1.37	44	, yaTA  brAhmaRavat, kzatriyavat	, यथा  ब्राह्मणवत्, क्षत्रियवत्	
3	svarAdiH	स्वरादिः	1.1.37	45	sanA	सना	
3	svarAdiH	स्वरादिः	1.1.37	46	sanat	सनत्	
3	svarAdiH	स्वरादिः	1.1.37	47	sanAt	सनात्	
3	svarAdiH	स्वरादिः	1.1.37	48	upaDA	उपधा	
3	svarAdiH	स्वरादिः	1.1.37	49	tiras	तिरस्	
3	svarAdiH	स्वरादिः	1.1.37	50	<i>AdyudAttAH</i>	<i>आद्युदात्ताः</i>	
3	svarAdiH	स्वरादिः	1.1.37	51	antarA	अन्तरा	
3	svarAdiH	स्वरादिः	1.1.37	52	antodAttAH	अन्तोदात्ताः	
3	svarAdiH	स्वरादिः	1.1.37	53	antareRa	अन्तरेण	
3	svarAdiH	स्वरादिः	1.1.37	54	mak	मक्	
3	svarAdiH	स्वरादिः	1.1.37	55	jyok	ज्योक्	
3	svarAdiH	स्वरादिः	1.1.37	56	yok	योक्	
3	svarAdiH	स्वरादिः	1.1.37	57	nak	नक्	
3	svarAdiH	स्वरादिः	1.1.37	58	kam	कम्	
3	svarAdiH	स्वरादिः	1.1.37	59	Sam	शम्	
3	svarAdiH	स्वरादिः	1.1.37	60	sanA	सना	
3	svarAdiH	स्वरादिः	1.1.37	61	sahasA	सहसा	
3	svarAdiH	स्वरादिः	1.1.37	62	SradDA	श्रद्धा	
3	svarAdiH	स्वरादिः	1.1.37	63	alam	अलम्	
3	svarAdiH	स्वरादिः	1.1.37	64	svaDA	स्वधा	
3	svarAdiH	स्वरादिः	1.1.37	65	vazaw	वषट्	
3	svarAdiH	स्वरादिः	1.1.37	66	vinA	विना	
3	svarAdiH	स्वरादिः	1.1.37	67	nAnA	नाना	
3	svarAdiH	स्वरादिः	1.1.37	68	svasti	स्वस्ति	
3	svarAdiH	स्वरादिः	1.1.37	69	anyat	अन्यत्	
3	svarAdiH	स्वरादिः	1.1.37	70	asti	अस्ति	
3	svarAdiH	स्वरादिः	1.1.37	71	upAMSu	उपांशु	
3	svarAdiH	स्वरादिः	1.1.37	72	kzamA	क्षमा	
3	svarAdiH	स्वरादिः	1.1.37	73	vihAyasA	विहायसा	
3	svarAdiH	स्वरादिः	1.1.37	74	dozA	दोषा	
3	svarAdiH	स्वरादिः	1.1.37	75	mfzA	मृषा	
3	svarAdiH	स्वरादिः	1.1.37	76	muDA	मुधा	
3	svarAdiH	स्वरादिः	1.1.37	77	dizwyA	दिष्ट्या	
3	svarAdiH	स्वरादिः	1.1.37	78	vfTA	वृथा	
3	svarAdiH	स्वरादिः	1.1.37	79	miTyA	मिथ्या	
3	svarAdiH	स्वरादिः	1.1.37	80	purA	पुरा	
3	svarAdiH	स्वरादिः	1.1.37	81	miTo	मिथो	
3	svarAdiH	स्वरादिः	1.1.37	82	miTas	मिथस्	
3	svarAdiH	स्वरादिः	1.1.37	83	prAyas	प्रायस्	
3	svarAdiH	स्वरादिः	1.1.37	84	muhus	मुहुस्	
3	svarAdiH	स्वरादिः	1.1.37	85	pravAhukam	प्रवाहुकम्	
3	svarAdiH	स्वरादिः	1.1.37	86	pravAhikA	प्रवाहिका	
3	svarAdiH	स्वरादिः	1.1.37	87	Aryahalam	आर्यहलम्	
3	svarAdiH	स्वरादिः	1.1.37	88	aBIkzRam	अभीक्ष्णम्	
3	svarAdiH	स्वरादिः	1.1.37	89	sAyam	सायम्	
3	svarAdiH	स्वरादिः	1.1.37	90	sAkam	साकम्	
3	svarAdiH	स्वरादिः	1.1.37	91	sArDam	सार्धम्	
3	svarAdiH	स्वरादिः	1.1.37	92	sArTam	सार्थम्	
3	svarAdiH	स्वरादिः	1.1.37	93	satram	सत्रम्	
3	svarAdiH	स्वरादिः	1.1.37	94	samam	समम्	
3	svarAdiH	स्वरादिः	1.1.37	95	namas	नमस्	
3	svarAdiH	स्वरादिः	1.1.37	96	hiruk	हिरुक्	
3	svarAdiH	स्वरादिः	1.1.37	97	SastasI, kftvasuc, suc, AsTAlO	शस्तसी, कृत्वसुच्, सुच्, आस्थालौ	
3	svarAdiH	स्वरादिः	1.1.37	98	aTa	अथ	
3	svarAdiH	स्वरादिः	1.1.37	99	am	अम्	
3	svarAdiH	स्वरादिः	1.1.37	100	Am	आम्	
3	svarAdiH	स्वरादिः	1.1.37	101	pratAm	प्रताम्	
3	svarAdiH	स्वरादिः	1.1.37	102	pratAn	प्रतान्	
3	svarAdiH	स्वरादिः	1.1.37	103	praSAn	प्रशान्	
3	svarAdiH	स्वरादिः	1.1.37	104	taTAhi	तथाहि	
3	svarAdiH	स्वरादिः	1.1.37	105	mA	मा	
3	svarAdiH	स्वरादिः	1.1.37	106	mAN	माङ्	
3	svarAdiH	स्वरादिः	1.1.37	107	Sram	श्रम्	
3	svarAdiH	स्वरादिः	1.1.37	108	kAmam	कामम्	
3	svarAdiH	स्वरादिः	1.1.37	109	prakAmam	प्रकामम्	
3	svarAdiH	स्वरादिः	1.1.37	110	BUyas	भूयस्	
3	svarAdiH	स्वरादिः	1.1.37	111	param	परम्	
3	svarAdiH	स्वरादिः	1.1.37	112	sAkzAt	साक्षात्	
3	svarAdiH	स्वरादिः	1.1.37	113	sAci	साचि	
3	svarAdiH	स्वरादिः	1.1.37	114	sAvi	सावि	
3	svarAdiH	स्वरादिः	1.1.37	115	satyam	सत्यम्	
3	svarAdiH	स्वरादिः	1.1.37	116	maMkzu	मंक्षु	
3	svarAdiH	स्वरादिः	1.1.37	117	saMvat	संवत्	
3	svarAdiH	स्वरादिः	1.1.37	118	avaSyam	अवश्यम्	
3	svarAdiH	स्वरादिः	1.1.37	119	sapadi	सपदि	
3	svarAdiH	स्वरादिः	1.1.37	120	prAdus	प्रादुस्	
3	svarAdiH	स्वरादिः	1.1.37	121	Avis	आविस्	
3	svarAdiH	स्वरादिः	1.1.37	122	aniSam	अनिशम्	
3	svarAdiH	स्वरादिः	1.1.37	123	nityam	नित्यम्	
3	svarAdiH	स्वरादिः	1.1.37	124	nityadA	नित्यदा	
3	svarAdiH	स्वरादिः	1.1.37	125	sadA	सदा	
3	svarAdiH	स्वरादिः	1.1.37	126	ajasram	अजस्रम्	
3	svarAdiH	स्वरादिः	1.1.37	127	santatam	सन्ततम्	
3	svarAdiH	स्वरादिः	1.1.37	128	uzA	उषा	
3	svarAdiH	स्वरादिः	1.1.37	129	om	ओम्	
3	svarAdiH	स्वरादिः	1.1.37	130	BUr	भूर्	
3	svarAdiH	स्वरादिः	1.1.37	131	Buvar	भुवर्	
3	svarAdiH	स्वरादिः	1.1.37	132	Jawiti	झटिति	
3	svarAdiH	स्वरादिः	1.1.37	133	tarasA	तरसा	
3	svarAdiH	स्वरादिः	1.1.37	134	suzWu	सुष्ठु	
3	svarAdiH	स्वरादिः	1.1.37	135	ku	कु	
3	svarAdiH	स्वरादिः	1.1.37	136	aYjasA	अञ्जसा	
3	svarAdiH	स्वरादिः	1.1.37	137	a	अ	
3	svarAdiH	स्वरादिः	1.1.37	138	miTu	मिथु	
3	svarAdiH	स्वरादिः	1.1.37	139	amiTu	अमिथु	
3	svarAdiH	स्वरादिः	1.1.37	140	viTak	विथक्	
3	svarAdiH	स्वरादिः	1.1.37	141	BAjak	भाजक्	
3	svarAdiH	स्वरादिः	1.1.37	142	anvak	अन्वक्	
3	svarAdiH	स्वरादिः	1.1.37	143	cirAya	चिराय	
3	svarAdiH	स्वरादिः	1.1.37	144	ciram	चिरम्	
3	svarAdiH	स्वरादिः	1.1.37	145	cirarAtrAya	चिररात्राय	
3	svarAdiH	स्वरादिः	1.1.37	146	cirasya	चिरस्य	
3	svarAdiH	स्वरादिः	1.1.37	147	cireRa	चिरेण	
3	svarAdiH	स्वरादिः	1.1.37	148	cirAt	चिरात्	
3	svarAdiH	स्वरादिः	1.1.37	149	astam	अस्तम्	
3	svarAdiH	स्वरादिः	1.1.37	150	Anuzak	आनुषक्	
3	svarAdiH	स्वरादिः	1.1.37	151	anuzak	अनुषक्	
3	svarAdiH	स्वरादिः	1.1.37	152	anuzaw	अनुषट्	
3	svarAdiH	स्वरादिः	1.1.37	153	amnas	अम्नस्	
3	svarAdiH	स्वरादिः	1.1.37	154	amBas	अम्भस्	
3	svarAdiH	स्वरादिः	1.1.37	155	amnar	अम्नर्	
3	svarAdiH	स्वरादिः	1.1.37	156	amBar	अम्भर्	
3	svarAdiH	स्वरादिः	1.1.37	157	sTAne	स्थाने	
3	svarAdiH	स्वरादिः	1.1.37	158	varam	वरम्	
3	svarAdiH	स्वरादिः	1.1.37	159	duzWu	दुष्ठु	
3	svarAdiH	स्वरादिः	1.1.37	160	balAt	बलात्	
3	svarAdiH	स्वरादिः	1.1.37	161	Su	शु	
3	svarAdiH	स्वरादिः	1.1.37	162	arvAk	अर्वाक्	
3	svarAdiH	स्वरादिः	1.1.37	163	Sudi	शुदि	
3	svarAdiH	स्वरादिः	1.1.37	164	vadi	वदि	
3	svarAdiH	स्वरादिः	1.1.37	165	ityAdi	इत्यादि	
3	svarAdiH	स्वरादिः	1.1.37	166	nAnAYO 	नानाञौ ॥	
4	cAdiH	चादिः	1.4.57	1	ca	च	
4	cAdiH	चादिः	1.4.57	2	vA	वा	
4	cAdiH	चादिः	1.4.57	3	ha	ह	
4	cAdiH	चादिः	1.4.57	4	aha	अह	
4	cAdiH	चादिः	1.4.57	5	eva	एव	
4	cAdiH	चादिः	1.4.57	6	evam	एवम्	
4	cAdiH	चादिः	1.4.57	7	nUnam	नूनम्	
4	cAdiH	चादिः	1.4.57	8	SaSvat	शश्वत्	
4	cAdiH	चादिः	1.4.57	9	yugapat	युगपत्	
4	cAdiH	चादिः	1.4.57	10	BUyas	भूयस्	
4	cAdiH	चादिः	1.4.57	11	sUpat	सूपत्	
4	cAdiH	चादिः	1.4.57	12	kUpat	कूपत्	
4	cAdiH	चादिः	1.4.57	13	kuvit	कुवित्	
4	cAdiH	चादिः	1.4.57	14	net	नेत्	
4	cAdiH	चादिः	1.4.57	15	cet	चेत्	
4	cAdiH	चादिः	1.4.57	16	caR	चण्	
4	cAdiH	चादिः	1.4.57	17	kaccit	कच्चित्	
4	cAdiH	चादिः	1.4.57	18	yatra	यत्र	
4	cAdiH	चादिः	1.4.57	19	tatra	तत्र	
4	cAdiH	चादिः	1.4.57	20	naha	नह	
4	cAdiH	चादिः	1.4.57	21	hanta	हन्त	
4	cAdiH	चादिः	1.4.57	22	mAkim	माकिम्	
4	cAdiH	चादिः	1.4.57	23	mAkIm	माकीम्	
4	cAdiH	चादिः	1.4.57	24	mAkir	माकिर्	
4	cAdiH	चादिः	1.4.57	25	nakim	नकिम्	
4	cAdiH	चादिः	1.4.57	26	nakIm	नकीम्	
4	cAdiH	चादिः	1.4.57	27	nakir	नकिर्	
4	cAdiH	चादिः	1.4.57	28	AkIm	आकीम्	
4	cAdiH	चादिः	1.4.57	29	mANa	माङ	
4	cAdiH	चादिः	1.4.57	30	naY	नञ्	
4	cAdiH	चादिः	1.4.57	31	tAvat	तावत्	
4	cAdiH	चादिः	1.4.57	32	yAvat	यावत्	
4	cAdiH	चादिः	1.4.57	33	tvA	त्वा	
4	cAdiH	चादिः	1.4.57	34	tvE	त्वै	
4	cAdiH	चादिः	1.4.57	35	dvE	द्वै	
4	cAdiH	चादिः	1.4.57	36	nvE	न्वै	
4	cAdiH	चादिः	1.4.57	37	rE	रै	
4	cAdiH	चादिः	1.4.57	38	re	रे	
4	cAdiH	चादिः	1.4.57	39	SrOzaw	श्रौषट्	
4	cAdiH	चादिः	1.4.57	40	vOzaw	वौषट्	
4	cAdiH	चादिः	1.4.57	41	svAhA	स्वाहा	
4	cAdiH	चादिः	1.4.57	42	vazaw	वषट्	
4	cAdiH	चादिः	1.4.57	43	svaDA	स्वधा	
4	cAdiH	चादिः	1.4.57	44	om	ओम्	
4	cAdiH	चादिः	1.4.57	45	taTA	तथा	
4	cAdiH	चादिः	1.4.57	46	taTAhi	तथाहि	
4	cAdiH	चादिः	1.4.57	47	Kalu	खलु	
4	cAdiH	चादिः	1.4.57	48	kila	किल	
4	cAdiH	चादिः	1.4.57	49	aTa	अथ	
4	cAdiH	चादिः	1.4.57	50	suzwu	सुष्टु	
4	cAdiH	चादिः	1.4.57	51	sma	स्म	
4	cAdiH	चादिः	1.4.57	52	a	अ	
4	cAdiH	चादिः	1.4.57	53	i	इ	
4	cAdiH	चादिः	1.4.57	54	u	उ	
4	cAdiH	चादिः	1.4.57	55	f	ऋ	
4	cAdiH	चादिः	1.4.57	56	x	ऌ	
4	cAdiH	चादिः	1.4.57	57	u	उ	
4	cAdiH	चादिः	1.4.57	58	e	ए	
4	cAdiH	चादिः	1.4.57	59	E	ऐ	
4	cAdiH	चादिः	1.4.57	60	o	ओ	
4	cAdiH	चादिः	1.4.57	61	O	औ	
4	cAdiH	चादिः	1.4.57	62	Adaha	आदह	
4	cAdiH	चादिः	1.4.57	63	uY	उञ्	
4	cAdiH	चादिः	1.4.57	64	ukaY	उकञ्	
4	cAdiH	चादिः	1.4.57	65	velAyAm	वेलायाम्	
4	cAdiH	चादिः	1.4.57	66	mAtrAyAm	मात्रायाम्	
4	cAdiH	चादिः	1.4.57	67	yaTA	यथा	
4	cAdiH	चादिः	1.4.57	68	yat	यत्	
4	cAdiH	चादिः	1.4.57	69	tat	तत्	
4	cAdiH	चादिः	1.4.57	70	kim	किम्	
4	cAdiH	चादिः	1.4.57	71	purA	पुरा	
4	cAdiH	चादिः	1.4.57	72	vaDA	वधा	
4	cAdiH	चादिः	1.4.57	73	vaDvA	वध्वा	
4	cAdiH	चादिः	1.4.57	74	Dik	धिक्	
4	cAdiH	चादिः	1.4.57	75	hAhA	हाहा	
4	cAdiH	चादिः	1.4.57	76	hehE	हेहै	
4	cAdiH	चादिः	1.4.57	77	hahe	हहे	
4	cAdiH	चादिः	1.4.57	78	pAw	पाट्	
4	cAdiH	चादिः	1.4.57	79	pyAw	प्याट्	
4	cAdiH	चादिः	1.4.57	80	Aho	आहो	
4	cAdiH	चादिः	1.4.57	81	utAho	उताहो	
4	cAdiH	चादिः	1.4.57	82	ho	हो	
4	cAdiH	चादिः	1.4.57	83	aho	अहो	
4	cAdiH	चादिः	1.4.57	84	no	नो	
4	cAdiH	चादिः	1.4.57	85	nO	नौ	
4	cAdiH	चादिः	1.4.57	86	aTo	अथो	
4	cAdiH	चादिः	1.4.57	87	nanu	ननु	
4	cAdiH	चादिः	1.4.57	88	manye	मन्ये	
4	cAdiH	चादिः	1.4.57	89	miTyA	मिथ्या	
4	cAdiH	चादिः	1.4.57	90	asi	असि	
4	cAdiH	चादिः	1.4.57	91	brUhi	ब्रूहि	
4	cAdiH	चादिः	1.4.57	92	tu	तु	
4	cAdiH	चादिः	1.4.57	93	nu	नु	
4	cAdiH	चादिः	1.4.57	94	iti	इति	
4	cAdiH	चादिः	1.4.57	95	iva	इव	
4	cAdiH	चादिः	1.4.57	96	vat	वत्	
4	cAdiH	चादिः	1.4.57	97	vAt	वात्	
4	cAdiH	चादिः	1.4.57	98	vana	वन	
4	cAdiH	चादिः	1.4.57	99	bata	बत	
4	cAdiH	चादिः	1.4.57	100	sam	सम्	
4	cAdiH	चादिः	1.4.57	101	vaSam	वशम्	
4	cAdiH	चादिः	1.4.57	102	Sikam	शिकम्	
4	cAdiH	चादिः	1.4.57	103	dikam	दिकम्	
4	cAdiH	चादिः	1.4.57	104	sanukaM	सनुकं	
4	cAdiH	चादिः	1.4.57	105	CaMvaw	छंवट्	
4	cAdiH	चादिः	1.4.57	106	CaMbaw	छंबट्	
4	cAdiH	चादिः	1.4.57	107	SaNke	शङ्के	
4	cAdiH	चादिः	1.4.57	108	Sukam	शुकम्	
4	cAdiH	चादिः	1.4.57	109	Kam	खम्	
4	cAdiH	चादिः	1.4.57	110	sanAt	सनात्	
4	cAdiH	चादिः	1.4.57	111	sanutar	सनुतर्	
4	cAdiH	चादिः	1.4.57	112	nahikam	नहिकम्	
4	cAdiH	चादिः	1.4.57	113	satyam	सत्यम्	
4	cAdiH	चादिः	1.4.57	114	ftam	ऋतम्	
4	cAdiH	चादिः	1.4.57	115	adDA	अद्धा	
4	cAdiH	चादिः	1.4.57	116	idDA	इद्धा	
4	cAdiH	चादिः	1.4.57	117	nocet	नोचेत्	
4	cAdiH	चादिः	1.4.57	118	nacet	नचेत्	
4	cAdiH	चादिः	1.4.57	119	nahi	नहि	
4	cAdiH	चादिः	1.4.57	120	jAtu	जातु	
4	cAdiH	चादिः	1.4.57	121	kaTam	कथम्	
4	cAdiH	चादिः	1.4.57	122	kutaH	कुतः	
4	cAdiH	चादिः	1.4.57	123	kutra	कुत्र	
4	cAdiH	चादिः	1.4.57	124	ava	अव	
4	cAdiH	चादिः	1.4.57	125	anu	अनु	
4	cAdiH	चादिः	1.4.57	126	hA	हा	
4	cAdiH	चादिः	1.4.57	127	he	हे	
4	cAdiH	चादिः	1.4.57	128	hE	है	
4	cAdiH	चादिः	1.4.57	129	Ahosvit	आहोस्वित्	
4	cAdiH	चादिः	1.4.57	130	Sam	शम्	
4	cAdiH	चादिः	1.4.57	131	kam	कम्	
4	cAdiH	चादिः	1.4.57	132	Kam	खम्	
4	cAdiH	चादिः	1.4.57	133	dizwyA	दिष्ट्या	
4	cAdiH	चादिः	1.4.57	134	paSu	पशु	
4	cAdiH	चादिः	1.4.57	135	naw	नट्	
4	cAdiH	चादिः	1.4.57	136	saha	सह	
4	cAdiH	चादिः	1.4.57	137	Anuzaw	आनुषट्	
4	cAdiH	चादिः	1.4.57	138	Anuzak	आनुषक्	
4	cAdiH	चादिः	1.4.57	139	aNga	अङ्ग	
4	cAdiH	चादिः	1.4.57	140	Paw	फट्	
4	cAdiH	चादिः	1.4.57	141	tAjak	ताजक्	
4	cAdiH	चादिः	1.4.57	142	BAjak	भाजक्	
4	cAdiH	चादिः	1.4.57	143	aye	अये	
4	cAdiH	चादिः	1.4.57	144	are	अरे	
4	cAdiH	चादिः	1.4.57	145	vAw	वाट्	
4	cAdiH	चादिः	1.4.57	146	cAwu	चाटु	
4	cAdiH	चादिः	1.4.57	147	kum	कुम्	
4	cAdiH	चादिः	1.4.57	148	Kum	खुम्	
4	cAdiH	चादिः	1.4.57	149	Gum	घुम्	
4	cAdiH	चादिः	1.4.57	150	am	अम्	
4	cAdiH	चादिः	1.4.57	151	Im	ईम्	
4	cAdiH	चादिः	1.4.57	152	sIm	सीम्	
4	cAdiH	चादिः	1.4.57	153	sim	सिम्	
4	cAdiH	चादिः	1.4.57	154	si	सि	
4	cAdiH	चादिः	1.4.57	155	vE	वै	
4	cAdiH	चादिः	1.4.57	156		॥	
5	prAdiH	प्रादिः	1.4.58	1	pra	प्र	
5	prAdiH	प्रादिः	1.4.58	2	parA	परा	
5	prAdiH	प्रादिः	1.4.58	3	apa	अप	
5	prAdiH	प्रादिः	1.4.58	4	sam	सम्	
5	prAdiH	प्रादिः	1.4.58	5	anu	अनु	
5	prAdiH	प्रादिः	1.4.58	6	ava	अव	
5	prAdiH	प्रादिः	1.4.58	7	nis	निस्	
5	prAdiH	प्रादिः	1.4.58	8	nir	निर्	
5	prAdiH	प्रादिः	1.4.58	9	dus	दुस्	
5	prAdiH	प्रादिः	1.4.58	10	dur	दुर्	
5	prAdiH	प्रादिः	1.4.58	11	vi	वि	
5	prAdiH	प्रादिः	1.4.58	12	AN	आङ्	
5	prAdiH	प्रादिः	1.4.58	13	ni	नि	
5	prAdiH	प्रादिः	1.4.58	14	aDi	अधि	
5	prAdiH	प्रादिः	1.4.58	15	api	अपि	
5	prAdiH	प्रादिः	1.4.58	16	ati	अति	
5	prAdiH	प्रादिः	1.4.58	17	su	सु	
5	prAdiH	प्रादिः	1.4.58	18	ud	उद्	
5	prAdiH	प्रादिः	1.4.58	19	aBi	अभि	
5	prAdiH	प्रादिः	1.4.58	20	prati	प्रति	
5	prAdiH	प्रादिः	1.4.58	21	pari	परि	
5	prAdiH	प्रादिः	1.4.58	22	upa 	उप ॥	
6	UryAdiH	ऊर्यादिः	1.4.61	1	UrI	ऊरी	
6	UryAdiH	ऊर्यादिः	1.4.61	2	urarI	उररी	
6	UryAdiH	ऊर्यादिः	1.4.61	3	tanTI	तन्थी	
6	UryAdiH	ऊर्यादिः	1.4.61	4	tAlI	ताली	
6	UryAdiH	ऊर्यादिः	1.4.61	5	AttAlI	आत्ताली	
6	UryAdiH	ऊर्यादिः	1.4.61	6	vetAlI	वेताली	
6	UryAdiH	ऊर्यादिः	1.4.61	7	DUlI	धूली	
6	UryAdiH	ऊर्यादिः	1.4.61	8	DUsa	धूस	
6	UryAdiH	ऊर्यादिः	1.4.61	9	SakalA	शकला	
6	UryAdiH	ऊर्यादिः	1.4.61	10	saMSakalA	संशकला	
6	UryAdiH	ऊर्यादिः	1.4.61	11	DvaMsakalA	ध्वंसकला	
6	UryAdiH	ऊर्यादिः	1.4.61	12	BraMsakalA	भ्रंसकला	
6	UryAdiH	ऊर्यादिः	1.4.61	13	guluguDA	गुलुगुधा	
6	UryAdiH	ऊर्यादिः	1.4.61	14	sajUs	सजूस्	
6	UryAdiH	ऊर्यादिः	1.4.61	15	Pala	फल	
6	UryAdiH	ऊर्यादिः	1.4.61	16	PalI	फली	
6	UryAdiH	ऊर्यादिः	1.4.61	17	viklI	विक्ली	
6	UryAdiH	ऊर्यादिः	1.4.61	18	AklI	आक्ली	
6	UryAdiH	ऊर्यादिः	1.4.61	19	AlozWI	आलोष्ठी	
6	UryAdiH	ऊर्यादिः	1.4.61	20	kevAlI	केवाली	
6	UryAdiH	ऊर्यादिः	1.4.61	21	kevAsI	केवासी	
6	UryAdiH	ऊर्यादिः	1.4.61	22	sevAsI	सेवासी	
6	UryAdiH	ऊर्यादिः	1.4.61	23	paryAlI	पर्याली	
6	UryAdiH	ऊर्यादिः	1.4.61	24	SevAlI	शेवाली	
6	UryAdiH	ऊर्यादिः	1.4.61	25	varzAlI	वर्षाली	
6	UryAdiH	ऊर्यादिः	1.4.61	26	atyUmaSA	अत्यूमशा	
6	UryAdiH	ऊर्यादिः	1.4.61	27	maSmaSA	मश्मशा	
6	UryAdiH	ऊर्यादिः	1.4.61	28	masmasA	मस्मसा	
6	UryAdiH	ऊर्यादिः	1.4.61	29	masamasA	मसमसा	
6	UryAdiH	ऊर्यादिः	1.4.61	30	Ozaw	औषट्	
6	UryAdiH	ऊर्यादिः	1.4.61	31	SrOzaw	श्रौषट्	
6	UryAdiH	ऊर्यादिः	1.4.61	32	vOzaw	वौषट्	
6	UryAdiH	ऊर्यादिः	1.4.61	33	vazaw	वषट्	
6	UryAdiH	ऊर्यादिः	1.4.61	34	svAhA	स्वाहा	
6	UryAdiH	ऊर्यादिः	1.4.61	35	svaDA	स्वधा	
6	UryAdiH	ऊर्यादिः	1.4.61	36	vanDA	वन्धा	
6	UryAdiH	ऊर्यादिः	1.4.61	37	prAdus	प्रादुस्	
6	UryAdiH	ऊर्यादिः	1.4.61	38	Srat	श्रत्	
6	UryAdiH	ऊर्यादिः	1.4.61	39	Avis 	आविस् ॥	
7	sAkzAtpraBftiH	साक्षात्प्रभृतिः	1.4.74	1	sAkzAt	साक्षात्	
7	sAkzAtpraBftiH	साक्षात्प्रभृतिः	1.4.74	2	miTyA	मिथ्या	
7	sAkzAtpraBftiH	साक्षात्प्रभृतिः	1.4.74	3	cintA	चिन्ता	
7	sAkzAtpraBftiH	साक्षात्प्रभृतिः	1.4.74	4	BadrA	भद्रा	
7	sAkzAtpraBftiH	साक्षात्प्रभृतिः	1.4.74	5	rocanA	रोचना	
7	sAkzAtpraBftiH	साक्षात्प्रभृतिः	1.4.74	6	AsTA	आस्था	
7	sAkzAtpraBftiH	साक्षात्प्रभृतिः	1.4.74	7	amA	अमा	
7	sAkzAtpraBftiH	साक्षात्प्रभृतिः	1.4.74	8	SradDA	श्रद्धा	
7	sAkzAtpraBftiH	साक्षात्प्रभृतिः	1.4.74	9	prAjaryA	प्राजर्या	
7	sAkzAtpraBftiH	साक्षात्प्रभृतिः	1.4.74	10	prAjaruhA	प्राजरुहा	
7	sAkzAtpraBftiH	साक्षात्प्रभृतिः	1.4.74	11	bIjaryA	बीजर्या	
7	sAkzAtpraBftiH	साक्षात्प्रभृतिः	1.4.74	12	bIjaruhA	बीजरुहा	
7	sAkzAtpraBftiH	साक्षात्प्रभृतिः	1.4.74	13	saMsaryA	संसर्या	
7	sAkzAtpraBftiH	साक्षात्प्रभृतिः	1.4.74	14	arTe	अर्थे	
7	sAkzAtpraBftiH	साक्षात्प्रभृतिः	1.4.74	15	lavaRam	लवणम्	
7	sAkzAtpraBftiH	साक्षात्प्रभृतिः	1.4.74	16	uzRam	उष्णम्	
7	sAkzAtpraBftiH	साक्षात्प्रभृतिः	1.4.74	17	SItam	शीतम्	
7	sAkzAtpraBftiH	साक्षात्प्रभृतिः	1.4.74	18	udakam	उदकम्	
7	sAkzAtpraBftiH	साक्षात्प्रभृतिः	1.4.74	19	Ardram	आर्द्रम्	
7	sAkzAtpraBftiH	साक्षात्प्रभृतिः	1.4.74	20	agnO	अग्नौ	
7	sAkzAtpraBftiH	साक्षात्प्रभृतिः	1.4.74	21	vaSe	वशे	
7	sAkzAtpraBftiH	साक्षात्प्रभृतिः	1.4.74	22	vihasane	विहसने	
7	sAkzAtpraBftiH	साक्षात्प्रभृतिः	1.4.74	23	prasahane	प्रसहने	
7	sAkzAtpraBftiH	साक्षात्प्रभृतिः	1.4.74	24	pratapane	प्रतपने	
7	sAkzAtpraBftiH	साक्षात्प्रभृतिः	1.4.74	25	prAdus	प्रादुस्	
7	sAkzAtpraBftiH	साक्षात्प्रभृतिः	1.4.74	26	namas	नमस्	
7	sAkzAtpraBftiH	साक्षात्प्रभृतिः	1.4.74	27	Avis 	आविस् ॥	
8	tizWadgupraBftiH	तिष्ठद्गुप्रभृतिः	2.1.17	1	tizWadgu	तिष्ठद्गु	
8	tizWadgupraBftiH	तिष्ठद्गुप्रभृतिः	2.1.17	2	vahadgu	वहद्गु	
8	tizWadgupraBftiH	तिष्ठद्गुप्रभृतिः	2.1.17	3	AyatIgavam	आयतीगवम्	
8	tizWadgupraBftiH	तिष्ठद्गुप्रभृतिः	2.1.17	4	Kaleyavam	खलेयवम्	
8	tizWadgupraBftiH	तिष्ठद्गुप्रभृतिः	2.1.17	5	Kalebusam	खलेबुसम्	
8	tizWadgupraBftiH	तिष्ठद्गुप्रभृतिः	2.1.17	6	lUnayavam	लूनयवम्	
8	tizWadgupraBftiH	तिष्ठद्गुप्रभृतिः	2.1.17	7	lUyamAnayavam	लूयमानयवम्	
8	tizWadgupraBftiH	तिष्ठद्गुप्रभृतिः	2.1.17	8	pUtayavam	पूतयवम्	
8	tizWadgupraBftiH	तिष्ठद्गुप्रभृतिः	2.1.17	9	pUyamAnayavam	पूयमानयवम्	
8	tizWadgupraBftiH	तिष्ठद्गुप्रभृतिः	2.1.17	10	saMhftayavam	संहृतयवम्	
8	tizWadgupraBftiH	तिष्ठद्गुप्रभृतिः	2.1.17	11	saMhriyamARAyavam	संह्रियमाणायवम्	
8	tizWadgupraBftiH	तिष्ठद्गुप्रभृतिः	2.1.17	12	saMhftabusam	संहृतबुसम्	
8	tizWadgupraBftiH	तिष्ठद्गुप्रभृतिः	2.1.17	13	saMhriyamARAbusam	संह्रियमाणाबुसम्	
8	tizWadgupraBftiH	तिष्ठद्गुप्रभृतिः	2.1.17	14	samaBUmi	समभूमि	
8	tizWadgupraBftiH	तिष्ठद्गुप्रभृतिः	2.1.17	15	samapadAti	समपदाति	
8	tizWadgupraBftiH	तिष्ठद्गुप्रभृतिः	2.1.17	16	suzamam	सुषमम्	
8	tizWadgupraBftiH	तिष्ठद्गुप्रभृतिः	2.1.17	17	vizamam	विषमम्	
8	tizWadgupraBftiH	तिष्ठद्गुप्रभृतिः	2.1.17	18	duHzamam	दुःषमम्	
8	tizWadgupraBftiH	तिष्ठद्गुप्रभृतिः	2.1.17	19	niHzamam	निःषमम्	
8	tizWadgupraBftiH	तिष्ठद्गुप्रभृतिः	2.1.17	20	aparasamam	अपरसमम्	
8	tizWadgupraBftiH	तिष्ठद्गुप्रभृतिः	2.1.17	21	AyatIsamam	आयतीसमम्	
8	tizWadgupraBftiH	तिष्ठद्गुप्रभृतिः	2.1.17	22	prOQam	प्रौढम्	
8	tizWadgupraBftiH	तिष्ठद्गुप्रभृतिः	2.1.17	23	pApasamam	पापसमम्	
8	tizWadgupraBftiH	तिष्ठद्गुप्रभृतिः	2.1.17	24	puRyasamam	पुण्यसमम्	
8	tizWadgupraBftiH	तिष्ठद्गुप्रभृतिः	2.1.17	25	prAhRam	प्राह्णम्	
8	tizWadgupraBftiH	तिष्ठद्गुप्रभृतिः	2.1.17	26	praraTam	प्ररथम्	
8	tizWadgupraBftiH	तिष्ठद्गुप्रभृतिः	2.1.17	27	praBfgam	प्रभृगम्	
8	tizWadgupraBftiH	तिष्ठद्गुप्रभृतिः	2.1.17	28	pradakziRam	प्रदक्षिणम्	
8	tizWadgupraBftiH	तिष्ठद्गुप्रभृतिः	2.1.17	29	aparadakziRam	अपरदक्षिणम्	
8	tizWadgupraBftiH	तिष्ठद्गुप्रभृतिः	2.1.17	30	saMprati	संप्रति	
8	tizWadgupraBftiH	तिष्ठद्गुप्रभृतिः	2.1.17	31	asaMprati	असंप्रति	
8	tizWadgupraBftiH	तिष्ठद्गुप्रभृतिः	2.1.17	32	[[5	[[5	
8	tizWadgupraBftiH	तिष्ठद्गुप्रभृतिः	2.1.17	33	4	4	
8	tizWadgupraBftiH	तिष्ठद्गुप्रभृतिः	2.1.17	34	127]] - [[5	127]] - [[5	
8	tizWadgupraBftiH	तिष्ठद्गुप्रभृतिः	2.1.17	35	4	4	
8	tizWadgupraBftiH	तिष्ठद्गुप्रभृतिः	2.1.17	36	128]] 	128]] ॥	
9	SORqAdiH	शौण्डादिः	2.1.40	1	SORqa	शौण्ड	
9	SORqAdiH	शौण्डादिः	2.1.40	2	DUrta	धूर्त	
9	SORqAdiH	शौण्डादिः	2.1.40	3	kitava	कितव	
9	SORqAdiH	शौण्डादिः	2.1.40	4	vyAqa	व्याड	
9	SORqAdiH	शौण्डादिः	2.1.40	5	pravIRa	प्रवीण	
9	SORqAdiH	शौण्डादिः	2.1.40	6	saMvIta	संवीत	
9	SORqAdiH	शौण्डादिः	2.1.40	7	antar	अन्तर्	
9	SORqAdiH	शौण्डादिः	2.1.40	8	aDi	अधि	
9	SORqAdiH	शौण्डादिः	2.1.40	9	pawu	पटु	
9	SORqAdiH	शौण्डादिः	2.1.40	10	paRqita	पण्डित	
9	SORqAdiH	शौण्डादिः	2.1.40	11	kuSala	कुशल	
9	SORqAdiH	शौण्डादिः	2.1.40	12	capala	चपल	
9	SORqAdiH	शौण्डादिः	2.1.40	13	nipuRa 	निपुण ॥	
10	pAtresamitAdiH	पात्रेसमितादिः	2.1.48	1	pAtresamitAH	पात्रेसमिताः	
10	pAtresamitAdiH	पात्रेसमितादिः	2.1.48	2	pAtrebahulAH	पात्रेबहुलाः	
10	pAtresamitAdiH	पात्रेसमितादिः	2.1.48	3	udumbaramaSakAH	उदुम्बरमशकाः	
10	pAtresamitAdiH	पात्रेसमितादिः	2.1.48	4	udarakfmiH	उदरकृमिः	
10	pAtresamitAdiH	पात्रेसमितादिः	2.1.48	5	kUpakacCapaH	कूपकच्छपः	
10	pAtresamitAdiH	पात्रेसमितादिः	2.1.48	6	avawakacCapaH	अवटकच्छपः	
10	pAtresamitAdiH	पात्रेसमितादिः	2.1.48	7	kUpamaRqUkaH	कूपमण्डूकः	
10	pAtresamitAdiH	पात्रेसमितादिः	2.1.48	8	kumBamaRqUkaH	कुम्भमण्डूकः	
10	pAtresamitAdiH	पात्रेसमितादिः	2.1.48	9	udapAnamaRqUkaH	उदपानमण्डूकः	
10	pAtresamitAdiH	पात्रेसमितादिः	2.1.48	10	nagarakAkaH	नगरकाकः	
10	pAtresamitAdiH	पात्रेसमितादिः	2.1.48	11	nagaravAyasaH	नगरवायसः	
10	pAtresamitAdiH	पात्रेसमितादिः	2.1.48	12	mAtarizuruzaH	मातरिषुरुषः	
10	pAtresamitAdiH	पात्रेसमितादिः	2.1.48	13	piRqISUraH	पिण्डीशूरः	
10	pAtresamitAdiH	पात्रेसमितादिः	2.1.48	14	pitariSUraH	पितरिशूरः	
10	pAtresamitAdiH	पात्रेसमितादिः	2.1.48	15	geheSUraH	गेहेशूरः	
10	pAtresamitAdiH	पात्रेसमितादिः	2.1.48	16	gehenardI	गेहेनर्दी	
10	pAtresamitAdiH	पात्रेसमितादिः	2.1.48	17	gehekzveqI	गेहेक्ष्वेडी	
10	pAtresamitAdiH	पात्रेसमितादिः	2.1.48	18	gehevijitI	गेहेविजिती	
10	pAtresamitAdiH	पात्रेसमितादिः	2.1.48	19	gehevyAqaH	गेहेव्याडः	
10	pAtresamitAdiH	पात्रेसमितादिः	2.1.48	20	gehemehI	गेहेमेही	
10	pAtresamitAdiH	पात्रेसमितादिः	2.1.48	21	gehedAhI	गेहेदाही	
10	pAtresamitAdiH	पात्रेसमितादिः	2.1.48	22	gehedfptaH	गेहेदृप्तः	
10	pAtresamitAdiH	पात्रेसमितादिः	2.1.48	23	geheDfzwaH	गेहेधृष्टः	
10	pAtresamitAdiH	पात्रेसमितादिः	2.1.48	24	garBetfptaH	गर्भेतृप्तः	
10	pAtresamitAdiH	पात्रेसमितादिः	2.1.48	25	AKanikavakaH	आखनिकवकः	
10	pAtresamitAdiH	पात्रेसमितादिः	2.1.48	26	gozWeSUraH	गोष्ठेशूरः	
10	pAtresamitAdiH	पात्रेसमितादिः	2.1.48	27	gozWevijitI	गोष्ठेविजिती	
10	pAtresamitAdiH	पात्रेसमितादिः	2.1.48	28	gozWekzveqI	गोष्ठेक्ष्वेडी	
10	pAtresamitAdiH	पात्रेसमितादिः	2.1.48	29	gozWepawu	गोष्ठेपटु	
10	pAtresamitAdiH	पात्रेसमितादिः	2.1.48	30	gozWepaRqitaH	गोष्ठेपण्डितः	
10	pAtresamitAdiH	पात्रेसमितादिः	2.1.48	31	gozWepragalBaH	गोष्ठेप्रगल्भः	
10	pAtresamitAdiH	पात्रेसमितादिः	2.1.48	32	karRewiriwirA	कर्णेटिरिटिरा	
10	pAtresamitAdiH	पात्रेसमितादिः	2.1.48	33	karRecuracurA 	कर्णेचुरचुरा ॥	
11	vyAGrAdiH	व्याघ्रादिः	2.1.56	1	vyAGra	व्याघ्र	
11	vyAGrAdiH	व्याघ्रादिः	2.1.56	2	siMha	सिंह	
11	vyAGrAdiH	व्याघ्रादिः	2.1.56	3	fkza	ऋक्ष	
11	vyAGrAdiH	व्याघ्रादिः	2.1.56	4	fzaBa	ऋषभ	
11	vyAGrAdiH	व्याघ्रादिः	2.1.56	5	candana	चन्दन	
11	vyAGrAdiH	व्याघ्रादिः	2.1.56	6	vfka	वृक	
11	vyAGrAdiH	व्याघ्रादिः	2.1.56	7	vfza	वृष	
11	vyAGrAdiH	व्याघ्रादिः	2.1.56	8	varAha	वराह	
11	vyAGrAdiH	व्याघ्रादिः	2.1.56	9	hastin	हस्तिन्	
11	vyAGrAdiH	व्याघ्रादिः	2.1.56	10	taru	तरु	
11	vyAGrAdiH	व्याघ्रादिः	2.1.56	11	kuYjara	कुञ्जर	
11	vyAGrAdiH	व्याघ्रादिः	2.1.56	12	ruru	रुरु	
11	vyAGrAdiH	व्याघ्रादिः	2.1.56	13	pfzat	पृषत्	
11	vyAGrAdiH	व्याघ्रादिः	2.1.56	14	puRqarIka	पुण्डरीक	
11	vyAGrAdiH	व्याघ्रादिः	2.1.56	15	palASa	पलाश	
11	vyAGrAdiH	व्याघ्रादिः	2.1.56	16	kitava	कितव	
11	vyAGrAdiH	व्याघ्रादिः	2.1.56	17	muKapadmam	मुखपद्मम्	
11	vyAGrAdiH	व्याघ्रादिः	2.1.56	18	muKakamalam	मुखकमलम्	
11	vyAGrAdiH	व्याघ्रादिः	2.1.56	19	karakisalayam	करकिसलयम्	
11	vyAGrAdiH	व्याघ्रादिः	2.1.56	20	pArTivacandraH 	पार्थिवचन्द्रः ॥	
12	SreRyAdiH	श्रेण्यादिः	2.1.59	1	SreRi	श्रेणि	
12	SreRyAdiH	श्रेण्यादिः	2.1.59	2	eka	एक	
12	SreRyAdiH	श्रेण्यादिः	2.1.59	3	pUga	पूग	
12	SreRyAdiH	श्रेण्यादिः	2.1.59	4	mukunda	मुकुन्द	
12	SreRyAdiH	श्रेण्यादिः	2.1.59	5	rASi	राशि	
12	SreRyAdiH	श्रेण्यादिः	2.1.59	6	nicaya	निचय	
12	SreRyAdiH	श्रेण्यादिः	2.1.59	7	vizaya	विषय	
12	SreRyAdiH	श्रेण्यादिः	2.1.59	8	niDana	निधन	
12	SreRyAdiH	श्रेण्यादिः	2.1.59	9	para	पर	
12	SreRyAdiH	श्रेण्यादिः	2.1.59	10	indra	इन्द्र	
12	SreRyAdiH	श्रेण्यादिः	2.1.59	11	deva	देव	
12	SreRyAdiH	श्रेण्यादिः	2.1.59	12	muRqaBUta	मुण्डभूत	
12	SreRyAdiH	श्रेण्यादिः	2.1.59	13	SravaRa	श्रवण	
12	SreRyAdiH	श्रेण्यादिः	2.1.59	14	vadAnya	वदान्य	
12	SreRyAdiH	श्रेण्यादिः	2.1.59	15	aDyApaka	अध्यापक	
12	SreRyAdiH	श्रेण्यादिः	2.1.59	16	aBirUpaka	अभिरूपक	
12	SreRyAdiH	श्रेण्यादिः	2.1.59	17	brAhmaRa	ब्राह्मण	
12	SreRyAdiH	श्रेण्यादिः	2.1.59	18	kzatriya	क्षत्रिय	
12	SreRyAdiH	श्रेण्यादिः	2.1.59	19	viSizwa	विशिष्ट	
12	SreRyAdiH	श्रेण्यादिः	2.1.59	20	pawu	पटु	
12	SreRyAdiH	श्रेण्यादिः	2.1.59	21	paRqita	पण्डित	
12	SreRyAdiH	श्रेण्यादिः	2.1.59	22	kuSala	कुशल	
12	SreRyAdiH	श्रेण्यादिः	2.1.59	23	capala	चपल	
12	SreRyAdiH	श्रेण्यादिः	2.1.59	24	nipuRa	निपुण	
12	SreRyAdiH	श्रेण्यादिः	2.1.59	25	kfpaRa 	कृपण ॥	
13	kftAdiH	कृतादिः	2.1.59	1	kfta	कृत	
13	kftAdiH	कृतादिः	2.1.59	2	mita	मित	
13	kftAdiH	कृतादिः	2.1.59	3	mata	मत	
13	kftAdiH	कृतादिः	2.1.59	4	BUta	भूत	
13	kftAdiH	कृतादिः	2.1.59	5	ukta	उक्त	
13	kftAdiH	कृतादिः	2.1.59	6	yukta	युक्त	
13	kftAdiH	कृतादिः	2.1.59	7	samAjYAta	समाज्ञात	
13	kftAdiH	कृतादिः	2.1.59	8	samAmnAta	समाम्नात	
13	kftAdiH	कृतादिः	2.1.59	9	samAKyAta	समाख्यात	
13	kftAdiH	कृतादिः	2.1.59	10	samBAvita	सम्भावित	
13	kftAdiH	कृतादिः	2.1.59	11	saMsevita	संसेवित	
13	kftAdiH	कृतादिः	2.1.59	12	avaDArita	अवधारित	
13	kftAdiH	कृतादिः	2.1.59	13	avakalpita	अवकल्पित	
13	kftAdiH	कृतादिः	2.1.59	14	nirAkfta	निराकृत	
13	kftAdiH	कृतादिः	2.1.59	15	upakfta	उपकृत	
13	kftAdiH	कृतादिः	2.1.59	16	upAkfta	उपाकृत	
13	kftAdiH	कृतादिः	2.1.59	17	dfzwa	दृष्ट	
13	kftAdiH	कृतादिः	2.1.59	18	kalita	कलित	
13	kftAdiH	कृतादिः	2.1.59	19	dalita	दलित	
13	kftAdiH	कृतादिः	2.1.59	20	udAhfta	उदाहृत	
13	kftAdiH	कृतादिः	2.1.59	21	viSruta	विश्रुत	
13	kftAdiH	कृतादिः	2.1.59	22	udita 	उदित ॥	
14	SAkapArTivAdiH	शाकपार्थिवादिः	2.1.60	1	SAkapArTivaH	शाकपार्थिवः	
14	SAkapArTivAdiH	शाकपार्थिवादिः	2.1.60	2	kutapasOSruta	कुतपसौश्रुत	
14	SAkapArTivAdiH	शाकपार्थिवादिः	2.1.60	3	ajAtOlvali	अजातौल्वलि	
14	SAkapArTivAdiH	शाकपार्थिवादिः	2.1.60	4	kftAkfta	कृताकृत	
14	SAkapArTivAdiH	शाकपार्थिवादिः	2.1.60	5	BuktaviBukta	भुक्तविभुक्त	
14	SAkapArTivAdiH	शाकपार्थिवादिः	2.1.60	6	pItavipIta	पीतविपीत	
14	SAkapArTivAdiH	शाकपार्थिवादिः	2.1.60	7	gatapratyAgata	गतप्रत्यागत	
14	SAkapArTivAdiH	शाकपार्थिवादिः	2.1.60	8	yAtAnuyAta	यातानुयात	
14	SAkapArTivAdiH	शाकपार्थिवादिः	2.1.60	9	krayAkrayikA	क्रयाक्रयिका	
14	SAkapArTivAdiH	शाकपार्थिवादिः	2.1.60	10	puwApuwikA	पुटापुटिका	
14	SAkapArTivAdiH	शाकपार्थिवादिः	2.1.60	11	PalAPalikA	फलाफलिका	
14	SAkapArTivAdiH	शाकपार्थिवादिः	2.1.60	12	mAnonmAnikA 	मानोन्मानिका ॥	
15	SramaRAdiH	श्रमणादिः	3.1.70	1	SramaRA	श्रमणा	
15	SramaRAdiH	श्रमणादिः	3.1.70	2	pravrajitA	प्रव्रजिता	
15	SramaRAdiH	श्रमणादिः	3.1.70	3	kulawA	कुलटा	
15	SramaRAdiH	श्रमणादिः	3.1.70	4	garBiRI	गर्भिणी	
15	SramaRAdiH	श्रमणादिः	3.1.70	5	tApasI	तापसी	
15	SramaRAdiH	श्रमणादिः	3.1.70	6	dAsI	दासी	
15	SramaRAdiH	श्रमणादिः	3.1.70	7	banDakI	बन्धकी	
15	SramaRAdiH	श्रमणादिः	3.1.70	8	aDyApaka	अध्यापक	
15	SramaRAdiH	श्रमणादिः	3.1.70	9	aBirUpaka	अभिरूपक	
15	SramaRAdiH	श्रमणादिः	3.1.70	10	paRqita	पण्डित	
15	SramaRAdiH	श्रमणादिः	3.1.70	11	pawu	पटु	
15	SramaRAdiH	श्रमणादिः	3.1.70	12	mfdu	मृदु	
15	SramaRAdiH	श्रमणादिः	3.1.70	13	kuSala	कुशल	
15	SramaRAdiH	श्रमणादिः	3.1.70	14	capala	चपल	
15	SramaRAdiH	श्रमणादिः	3.1.70	15	nipuRA 	निपुणा ॥	
16	mayUravyaMsakAdiH	मयूरव्यंसकादिः	2.1.72	1	mayUravyaMsaka	मयूरव्यंसक	
16	mayUravyaMsakAdiH	मयूरव्यंसकादिः	2.1.72	2	CAtravyaMsaka	छात्रव्यंसक	
16	mayUravyaMsakAdiH	मयूरव्यंसकादिः	2.1.72	3	kambojamuRqa	कम्बोजमुण्ड	
16	mayUravyaMsakAdiH	मयूरव्यंसकादिः	2.1.72	4	yavanamuRqa	यवनमुण्ड	
16	mayUravyaMsakAdiH	मयूरव्यंसकादिः	2.1.72	5	hastagfhya	हस्तगृह्य	
16	mayUravyaMsakAdiH	मयूरव्यंसकादिः	2.1.72	6	pAdegfhya	पादेगृह्य	
16	mayUravyaMsakAdiH	मयूरव्यंसकादिः	2.1.72	7	pAdagfhya	पादगृह्य	
16	mayUravyaMsakAdiH	मयूरव्यंसकादिः	2.1.72	8	lANgUlegfhya	लाङ्गूलेगृह्य	
16	mayUravyaMsakAdiH	मयूरव्यंसकादिः	2.1.72	9	lANgUlagfhya	लाङ्गूलगृह्य	
16	mayUravyaMsakAdiH	मयूरव्यंसकादिः	2.1.72	10	punardAya	पुनर्दाय	
16	mayUravyaMsakAdiH	मयूरव्यंसकादिः	2.1.72	11	ehIqam	एहीडम्	
16	mayUravyaMsakAdiH	मयूरव्यंसकादिः	2.1.72	12	ehiyavam	एहियवम्	
16	mayUravyaMsakAdiH	मयूरव्यंसकादिः	2.1.72	13	apehivARijA	अपेहिवाणिजा	
16	mayUravyaMsakAdiH	मयूरव्यंसकादिः	2.1.72	14	prehivARijA	प्रेहिवाणिजा	
16	mayUravyaMsakAdiH	मयूरव्यंसकादिः	2.1.72	15	ehisvAgatA	एहिस्वागता	
16	mayUravyaMsakAdiH	मयूरव्यंसकादिः	2.1.72	16	apohisvAgatA	अपोहिस्वागता	
16	mayUravyaMsakAdiH	मयूरव्यंसकादिः	2.1.72	17	prehisvAgatA	प्रेहिस्वागता	
16	mayUravyaMsakAdiH	मयूरव्यंसकादिः	2.1.72	18	ehidvitIyA	एहिद्वितीया	
16	mayUravyaMsakAdiH	मयूरव्यंसकादिः	2.1.72	19	apehidvitIyA	अपेहिद्वितीया	
16	mayUravyaMsakAdiH	मयूरव्यंसकादिः	2.1.72	20	prehidvitIyA	प्रेहिद्वितीया	
16	mayUravyaMsakAdiH	मयूरव्यंसकादिः	2.1.72	21	ehikawA	एहिकटा	
16	mayUravyaMsakAdiH	मयूरव्यंसकादिः	2.1.72	22	apohakawA	अपोहकटा	
16	mayUravyaMsakAdiH	मयूरव्यंसकादिः	2.1.72	23	prohakawA	प्रोहकटा	
16	mayUravyaMsakAdiH	मयूरव्यंसकादिः	2.1.72	24	AharakawA	आहरकटा	
16	mayUravyaMsakAdiH	मयूरव्यंसकादिः	2.1.72	25	prohikardamA	प्रोहिकर्दमा	
16	mayUravyaMsakAdiH	मयूरव्यंसकादिः	2.1.72	26	prohakardamA	प्रोहकर्दमा	
16	mayUravyaMsakAdiH	मयूरव्यंसकादिः	2.1.72	27	viDamacUqA	विधमचूडा	
16	mayUravyaMsakAdiH	मयूरव्यंसकादिः	2.1.72	28	udDamacUqA	उद्धमचूडा	
16	mayUravyaMsakAdiH	मयूरव्यंसकादिः	2.1.72	29	udDaracUqA	उद्धरचूडा	
16	mayUravyaMsakAdiH	मयूरव्यंसकादिः	2.1.72	30	AharacelA	आहरचेला	
16	mayUravyaMsakAdiH	मयूरव्यंसकादिः	2.1.72	31	haravasana	हरवसन	
16	mayUravyaMsakAdiH	मयूरव्यंसकादिः	2.1.72	32	AharavanitA	आहरवनिता	
16	mayUravyaMsakAdiH	मयूरव्यंसकादिः	2.1.72	33	hatavinata	हतविनत	
16	mayUravyaMsakAdiH	मयूरव्यंसकादिः	2.1.72	34	kfntavicakzaRA	कृन्तविचक्षणा	
16	mayUravyaMsakAdiH	मयूरव्यंसकादिः	2.1.72	35	udDarotsfjA	उद्धरोत्सृजा	
16	mayUravyaMsakAdiH	मयूरव्यंसकादिः	2.1.72	36	udDarAvasfjA	उद्धरावसृजा	
16	mayUravyaMsakAdiH	मयूरव्यंसकादिः	2.1.72	37	udDamaviDamA	उद्धमविधमा	
16	mayUravyaMsakAdiH	मयूरव्यंसकादिः	2.1.72	38	utpacanipacA	उत्पचनिपचा	
16	mayUravyaMsakAdiH	मयूरव्यंसकादिः	2.1.72	39	utpatanipatA	उत्पतनिपता	
16	mayUravyaMsakAdiH	मयूरव्यंसकादिः	2.1.72	40	uccAvacam	उच्चावचम्	
16	mayUravyaMsakAdiH	मयूरव्यंसकादिः	2.1.72	41	uccanIcam	उच्चनीचम्	
16	mayUravyaMsakAdiH	मयूरव्यंसकादिः	2.1.72	42	acopacam	अचोपचम्	
16	mayUravyaMsakAdiH	मयूरव्यंसकादिः	2.1.72	43	AparAcam	आपराचम्	
16	mayUravyaMsakAdiH	मयूरव्यंसकादिः	2.1.72	44	Kapracama	खप्रचम	
16	mayUravyaMsakAdiH	मयूरव्यंसकादिः	2.1.72	45	niScapracam	निश्चप्रचम्	
16	mayUravyaMsakAdiH	मयूरव्यंसकादिः	2.1.72	46	akiMcana	अकिंचन	
16	mayUravyaMsakAdiH	मयूरव्यंसकादिः	2.1.72	47	snAtvAkAlaka	स्नात्वाकालक	
16	mayUravyaMsakAdiH	मयूरव्यंसकादिः	2.1.72	48	pItvAsTiraka	पीत्वास्थिरक	
16	mayUravyaMsakAdiH	मयूरव्यंसकादिः	2.1.72	49	BuktvAsuhita	भुक्त्वासुहित	
16	mayUravyaMsakAdiH	मयूरव्यंसकादिः	2.1.72	50	prozyapApIyAn	प्रोष्यपापीयान्	
16	mayUravyaMsakAdiH	मयूरव्यंसकादिः	2.1.72	51	utpatyapAkalA	उत्पत्यपाकला	
16	mayUravyaMsakAdiH	मयूरव्यंसकादिः	2.1.72	52	nipatyarohiRI	निपत्यरोहिणी	
16	mayUravyaMsakAdiH	मयूरव्यंसकादिः	2.1.72	53	nizaRRASyAmA	निषण्णाश्यामा	
16	mayUravyaMsakAdiH	मयूरव्यंसकादिः	2.1.72	54	aprehipraGasA	अप्रेहिप्रघसा	
16	mayUravyaMsakAdiH	मयूरव्यंसकादिः	2.1.72	55	prehipraGasA	प्रेहिप्रघसा	
16	mayUravyaMsakAdiH	मयूरव्यंसकादिः	2.1.72	56	ihapaYcamI	इहपञ्चमी	
16	mayUravyaMsakAdiH	मयूरव्यंसकादिः	2.1.72	57	ihadvitIyA	इहद्वितीया	
16	mayUravyaMsakAdiH	मयूरव्यंसकादिः	2.1.72	58	jahijoqa	जहिजोड	
16	mayUravyaMsakAdiH	मयूरव्यंसकादिः	2.1.72	59	jahijoqam	जहिजोडम्	
16	mayUravyaMsakAdiH	मयूरव्यंसकादिः	2.1.72	60	jahistambaH	जहिस्तम्बः	
16	mayUravyaMsakAdiH	मयूरव्यंसकादिः	2.1.72	61	jjahistambama	ज्जहिस्तम्बम	
16	mayUravyaMsakAdiH	मयूरव्यंसकादिः	2.1.72	62	aSnItapibatA	अश्नीतपिबता	
16	mayUravyaMsakAdiH	मयूरव्यंसकादिः	2.1.72	63	pacataBfjjatA	पचतभृज्जता	
16	mayUravyaMsakAdiH	मयूरव्यंसकादिः	2.1.72	64	KAdatamodatA	खादतमोदता	
16	mayUravyaMsakAdiH	मयूरव्यंसकादिः	2.1.72	65	KAdatavamatA	खादतवमता	
16	mayUravyaMsakAdiH	मयूरव्यंसकादिः	2.1.72	66	KAdatAcamatA	खादताचमता	
16	mayUravyaMsakAdiH	मयूरव्यंसकादिः	2.1.72	67	AharanivapA	आहरनिवपा	
16	mayUravyaMsakAdiH	मयूरव्यंसकादिः	2.1.72	68	AvapanizkirA	आवपनिष्किरा	
16	mayUravyaMsakAdiH	मयूरव्यंसकादिः	2.1.72	69	utpacacvipacA	उत्पचच्विपचा	
16	mayUravyaMsakAdiH	मयूरव्यंसकादिः	2.1.72	70	BinDilavaRA	भिन्धिलवणा	
16	mayUravyaMsakAdiH	मयूरव्यंसकादिः	2.1.72	71	kfnDivicakzanA	कृन्धिविचक्षना	
16	mayUravyaMsakAdiH	मयूरव्यंसकादिः	2.1.72	72	pacalavaRA	पचलवणा	
16	mayUravyaMsakAdiH	मयूरव्यंसकादिः	2.1.72	73	pacaprakUwA	पचप्रकूटा	
16	mayUravyaMsakAdiH	मयूरव्यंसकादिः	2.1.72	74	akutoBayaH	अकुतोभयः	
16	mayUravyaMsakAdiH	मयूरव्यंसकादिः	2.1.72	75	kAndiSIkaH	कान्दिशीकः	
16	mayUravyaMsakAdiH	मयूरव्यंसकादिः	2.1.72	76	kAndoSIkaH	कान्दोशीकः	
16	mayUravyaMsakAdiH	मयूरव्यंसकादिः	2.1.72	77	strAhopuruzikA	स्त्राहोपुरुषिका	
16	mayUravyaMsakAdiH	मयूरव्यंसकादिः	2.1.72	78	ahamahamikA	अहमहमिका	
16	mayUravyaMsakAdiH	मयूरव्यंसकादिः	2.1.72	79	yadfcCA	यदृच्छा	
16	mayUravyaMsakAdiH	मयूरव्यंसकादिः	2.1.72	80	ehireyAhirA	एहिरेयाहिरा	
16	mayUravyaMsakAdiH	मयूरव्यंसकादिः	2.1.72	81	unmfjAvamfjA	उन्मृजावमृजा	
16	mayUravyaMsakAdiH	मयूरव्यंसकादिः	2.1.72	82	dravyAntaram	द्रव्यान्तरम्	
16	mayUravyaMsakAdiH	मयूरव्यंसकादिः	2.1.72	83	avaSyakAryam 	अवश्यकार्यम् ॥	
17	yAjakAdiH	याजकादिः	2.2.9	1	yAjaka	याजक	
17	yAjakAdiH	याजकादिः	2.2.9	2	pUjaka	पूजक	
17	yAjakAdiH	याजकादिः	2.2.9	3	paricAraka	परिचारक	
17	yAjakAdiH	याजकादिः	2.2.9	4	parivezaka	परिवेषक	
17	yAjakAdiH	याजकादिः	2.2.9	5	parizecaka	परिषेचक	
17	yAjakAdiH	याजकादिः	2.2.9	6	snAtaka	स्नातक	
17	yAjakAdiH	याजकादिः	2.2.9	7	aDyApaka	अध्यापक	
17	yAjakAdiH	याजकादिः	2.2.9	8	utsAha	उत्साह	
17	yAjakAdiH	याजकादिः	2.2.9	9	udvartaka	उद्वर्तक	
17	yAjakAdiH	याजकादिः	2.2.9	10	hotf	होतृ	
17	yAjakAdiH	याजकादिः	2.2.9	11	Batf	भतृ	
17	yAjakAdiH	याजकादिः	2.2.9	12	raTagaRaka	रथगणक	
17	yAjakAdiH	याजकादिः	2.2.9	13	pattigaRaka 	पत्तिगणक ॥	
18	rAjadantAdiH	राजदन्तादिः	2.2.31	1	rAjadantaH	राजदन्तः	
18	rAjadantAdiH	राजदन्तादिः	2.2.31	2	agrevaRam	अग्रेवणम्	
18	rAjadantAdiH	राजदन्तादिः	2.2.31	3	liptavAsitam	लिप्तवासितम्	
18	rAjadantAdiH	राजदन्तादिः	2.2.31	4	nagnamuzitam	नग्नमुषितम्	
18	rAjadantAdiH	राजदन्तादिः	2.2.31	5	siktasaMmfzwam	सिक्तसंमृष्टम्	
18	rAjadantAdiH	राजदन्तादिः	2.2.31	6	mfzwaluYcitam	मृष्टलुञ्चितम्	
18	rAjadantAdiH	राजदन्तादिः	2.2.31	7	avaklinnapakvam	अवक्लिन्नपक्वम्	
18	rAjadantAdiH	राजदन्तादिः	2.2.31	8	arpitoptam	अर्पितोप्तम्	
18	rAjadantAdiH	राजदन्तादिः	2.2.31	9	uptagAQam	उप्तगाढम्	
18	rAjadantAdiH	राजदन्तादिः	2.2.31	10	ulUKalamusalam	उलूखलमुसलम्	
18	rAjadantAdiH	राजदन्तादिः	2.2.31	11	taRqulakiRvam	तण्डुलकिण्वम्	
18	rAjadantAdiH	राजदन्तादिः	2.2.31	12	dfzadupalam	दृषदुपलम्	
18	rAjadantAdiH	राजदन्तादिः	2.2.31	13	AraqvAyani	आरड्वायनि	
18	rAjadantAdiH	राजदन्तादिः	2.2.31	14	AragvAyanabanDakI	आरग्वायनबन्धकी	
18	rAjadantAdiH	राजदन्तादिः	2.2.31	15	citraraTavAhlIkam	चित्ररथवाह्लीकम्	
18	rAjadantAdiH	राजदन्तादिः	2.2.31	16	AvantyaSmakam	आवन्त्यश्मकम्	
18	rAjadantAdiH	राजदन्तादिः	2.2.31	17	SUdrAryam	शूद्रार्यम्	
18	rAjadantAdiH	राजदन्तादिः	2.2.31	18	snAtakarAjAnO	स्नातकराजानौ	
18	rAjadantAdiH	राजदन्तादिः	2.2.31	19	vizvaksenArjunO	विष्वक्सेनार्जुनौ	
18	rAjadantAdiH	राजदन्तादिः	2.2.31	20	akziBruvam	अक्षिभ्रुवम्	
18	rAjadantAdiH	राजदन्तादिः	2.2.31	21	dAragavam	दारगवम्	
18	rAjadantAdiH	राजदन्तादिः	2.2.31	22	SabdArTO	शब्दार्थौ	
18	rAjadantAdiH	राजदन्तादिः	2.2.31	23	DarmArTO	धर्मार्थौ	
18	rAjadantAdiH	राजदन्तादिः	2.2.31	24	kAmArTO	कामार्थौ	
18	rAjadantAdiH	राजदन्तादिः	2.2.31	25	arTaSabdO	अर्थशब्दौ	
18	rAjadantAdiH	राजदन्तादिः	2.2.31	26	arTaDarmO	अर्थधर्मौ	
18	rAjadantAdiH	राजदन्तादिः	2.2.31	27	arTakAmO	अर्थकामौ	
18	rAjadantAdiH	राजदन्तादिः	2.2.31	28	vEkArimatam	वैकारिमतम्	
18	rAjadantAdiH	राजदन्तादिः	2.2.31	29	gAjavAjam	गाजवाजम्	
18	rAjadantAdiH	राजदन्तादिः	2.2.31	30	gopAlaDAnapUlAsam	गोपालधानपूलासम्	
18	rAjadantAdiH	राजदन्तादिः	2.2.31	31	gopAlaDAnIpUlAsam	गोपालधानीपूलासम्	
18	rAjadantAdiH	राजदन्तादिः	2.2.31	32	pUlAsakAraRqam	पूलासकारण्डम्	
18	rAjadantAdiH	राजदन्तादिः	2.2.31	33	pUlAsakakuraRqam	पूलासककुरण्डम्	
18	rAjadantAdiH	राजदन्तादिः	2.2.31	34	sTUlAsama	स्थूलासम	
18	rAjadantAdiH	राजदन्तादिः	2.2.31	35	sTUlapUlAsam	स्थूलपूलासम्	
18	rAjadantAdiH	राजदन्तादिः	2.2.31	36	uSIrabIjam	उशीरबीजम्	
18	rAjadantAdiH	राजदन्तादिः	2.2.31	37	jijYAsTi	जिज्ञास्थि	
18	rAjadantAdiH	राजदन्तादिः	2.2.31	38	siYjAsTam	सिञ्जास्थम्	
18	rAjadantAdiH	राजदन्तादिः	2.2.31	39	siYjASvatTam	सिञ्जाश्वत्थम्	
18	rAjadantAdiH	राजदन्तादिः	2.2.31	40	citrAsvAtI	चित्रास्वाती	
18	rAjadantAdiH	राजदन्तादिः	2.2.31	41	citrasvAtI	चित्रस्वाती	
18	rAjadantAdiH	राजदन्तादिः	2.2.31	42	BAryApatI	भार्यापती	
18	rAjadantAdiH	राजदन्तादिः	2.2.31	43	daMpatI	दंपती	
18	rAjadantAdiH	राजदन्तादिः	2.2.31	44	jaMpatI	जंपती	
18	rAjadantAdiH	राजदन्तादिः	2.2.31	45	jAyApatI	जायापती	
18	rAjadantAdiH	राजदन्तादिः	2.2.31	46	putrapatI	पुत्रपती	
18	rAjadantAdiH	राजदन्तादिः	2.2.31	47	putrapaSU	पुत्रपशू	
18	rAjadantAdiH	राजदन्तादिः	2.2.31	48	keSaraSmaSrU	केशरश्मश्रू	
18	rAjadantAdiH	राजदन्तादिः	2.2.31	49	Sirobiju	शिरोबिजु	
18	rAjadantAdiH	राजदन्तादिः	2.2.31	50	SirobIjama	शिरोबीजम	
18	rAjadantAdiH	राजदन्तादिः	2.2.31	51	SirojAnu	शिरोजानु	
18	rAjadantAdiH	राजदन्तादिः	2.2.31	52	sarpirmaDuna	सर्पिर्मधुन	
18	rAjadantAdiH	राजदन्तादिः	2.2.31	53	maDusarpizI	मधुसर्पिषी	
18	rAjadantAdiH	राजदन्तादिः	2.2.31	54	AdyantO	आद्यन्तौ	
18	rAjadantAdiH	राजदन्तादिः	2.2.31	55	antAdI	अन्तादी	
18	rAjadantAdiH	राजदन्तादिः	2.2.31	56	guRavfdDI	गुणवृद्धी	
18	rAjadantAdiH	राजदन्तादिः	2.2.31	57	vfdDiguRO 	वृद्धिगुणौ ॥	
19	AhitAgnyAdiH	आहिताग्न्यादिः	2.2.37	1	AhitAgniH	आहिताग्निः	
19	AhitAgnyAdiH	आहिताग्न्यादिः	2.2.37	2	jAtapUtraH	जातपूत्रः	
19	AhitAgnyAdiH	आहिताग्न्यादिः	2.2.37	3	jAtadanta	जातदन्त	
19	AhitAgnyAdiH	आहिताग्न्यादिः	2.2.37	4	jAtaSamaSru	जातशमश्रु	
19	AhitAgnyAdiH	आहिताग्न्यादिः	2.2.37	5	tElapIta	तैलपीत	
19	AhitAgnyAdiH	आहिताग्न्यादिः	2.2.37	6	GftapIta	घृतपीत	
19	AhitAgnyAdiH	आहिताग्न्यादिः	2.2.37	7	dyapI	द्यपी	
19	AhitAgnyAdiH	आहिताग्न्यादिः	2.2.37	8	UQaBArya	ऊढभार्य	
19	AhitAgnyAdiH	आहिताग्न्यादिः	2.2.37	9	gatArTa	गतार्थ	
19	AhitAgnyAdiH	आहिताग्न्यादिः	2.2.37	10	gaqukaRWa	गडुकण्ठ	
19	AhitAgnyAdiH	आहिताग्न्यादिः	2.2.37	11	asyudyata	अस्युद्यत	
19	AhitAgnyAdiH	आहिताग्न्यादिः	2.2.37	12	aramudyata	अरमुद्यत	
19	AhitAgnyAdiH	आहिताग्न्यादिः	2.2.37	13	daRqapARi 	दण्डपाणि ॥	
20	kaqArAdiH	कडारादिः	2.2.38	1	kaqAra	कडार	
20	kaqArAdiH	कडारादिः	2.2.38	2	guqula	गुडुल	
20	kaqArAdiH	कडारादिः	2.2.38	3	KaYja	खञ्ज	
20	kaqArAdiH	कडारादिः	2.2.38	4	Koqa	खोड	
20	kaqArAdiH	कडारादिः	2.2.38	5	kARa	काण	
20	kaqArAdiH	कडारादिः	2.2.38	6	kuRWa	कुण्ठ	
20	kaqArAdiH	कडारादिः	2.2.38	7	Kalati	खलति	
20	kaqArAdiH	कडारादिः	2.2.38	8	gOra	गौर	
20	kaqArAdiH	कडारादिः	2.2.38	9	vfdDa	वृद्ध	
20	kaqArAdiH	कडारादिः	2.2.38	10	Bikzuka	भिक्षुक	
20	kaqArAdiH	कडारादिः	2.2.38	11	piNgula	पिङ्गुल	
20	kaqArAdiH	कडारादिः	2.2.38	12	piNgala	पिङ्गल	
20	kaqArAdiH	कडारादिः	2.2.38	13	taqa	तड	
20	kaqArAdiH	कडारादिः	2.2.38	14	tanu	तनु	
20	kaqArAdiH	कडारादिः	2.2.38	15	Wa	ठ	
20	kaqArAdiH	कडारादिः	2.2.38	16	baDira	बधिर	
20	kaqArAdiH	कडारादिः	2.2.38	17	maWara	मठर	
20	kaqArAdiH	कडारादिः	2.2.38	18	kaYja	कञ्ज	
20	kaqArAdiH	कडारादिः	2.2.38	19	barbara 	बर्बर ॥	
21	nAvAdiH	नावादिः	2.3.17	1	nO	नौ	
21	nAvAdiH	नावादिः	2.3.17	2	kAka	काक	
21	nAvAdiH	नावादिः	2.3.17	3	anna	अन्न	
21	nAvAdiH	नावादिः	2.3.17	4	Suka	शुक	
21	nAvAdiH	नावादिः	2.3.17	5	SfgAla 	शृगाल ॥	
22	prakftyAdiH	प्रकृत्यादिः	2.3.18	1	prakfti	प्रकृति	
22	prakftyAdiH	प्रकृत्यादिः	2.3.18	2	prAya	प्राय	
22	prakftyAdiH	प्रकृत्यादिः	2.3.18	3	gotra	गोत्र	
22	prakftyAdiH	प्रकृत्यादिः	2.3.18	4	sama	सम	
22	prakftyAdiH	प्रकृत्यादिः	2.3.18	5	vizama	विषम	
22	prakftyAdiH	प्रकृत्यादिः	2.3.18	6	dvidroRa	द्विद्रोण	
22	prakftyAdiH	प्रकृत्यादिः	2.3.18	7	paYcaka	पञ्चक	
22	prakftyAdiH	प्रकृत्यादिः	2.3.18	8	sAhasra 	साहस्र ॥	
23	pratyAdiH	प्रत्यादिः	2.3.43	1	prati	प्रति	
23	pratyAdiH	प्रत्यादिः	2.3.43	2	pari	परि	
23	pratyAdiH	प्रत्यादिः	2.3.43	3	anu 	अनु ॥	
24	gavASvAdiH	गवाश्वादिः	2.4.11	1	gavASvam	गवाश्वम्	
24	gavASvAdiH	गवाश्वादिः	2.4.11	2	gavAvikam	गवाविकम्	
24	gavASvAdiH	गवाश्वादिः	2.4.11	3	gavEqakam	गवैडकम्	
24	gavASvAdiH	गवाश्वादिः	2.4.11	4	ajAvikam	अजाविकम्	
24	gavASvAdiH	गवाश्वादिः	2.4.11	5	ajEqakam	अजैडकम्	
24	gavASvAdiH	गवाश्वादिः	2.4.11	6	kubjavAmanam	कुब्जवामनम्	
24	gavASvAdiH	गवाश्वादिः	2.4.11	7	kubjakirAtam	कुब्जकिरातम्	
24	gavASvAdiH	गवाश्वादिः	2.4.11	8	putrapOtram	पुत्रपौत्रम्	
24	gavASvAdiH	गवाश्वादिः	2.4.11	9	SvacaRqAlam	श्वचण्डालम्	
24	gavASvAdiH	गवाश्वादिः	2.4.11	10	strIkumAram	स्त्रीकुमारम्	
24	gavASvAdiH	गवाश्वादिः	2.4.11	11	dAsImARavakam	दासीमाणवकम्	
24	gavASvAdiH	गवाश्वादिः	2.4.11	12	SAwIpawIram	शाटीपटीरम्	
24	gavASvAdiH	गवाश्वादिः	2.4.11	13	SAwIpacCakam	शाटीपच्छकम्	
24	gavASvAdiH	गवाश्वादिः	2.4.11	14	SAwIpawwIkam	शाटीपट्टीकम्	
24	gavASvAdiH	गवाश्वादिः	2.4.11	15	uzwraKaram	उष्ट्रखरम्	
24	gavASvAdiH	गवाश्वादिः	2.4.11	16	uzwraSaSam	उष्ट्रशशम्	
24	gavASvAdiH	गवाश्वादिः	2.4.11	17	mUtraSakft	मूत्रशकृत्	
24	gavASvAdiH	गवाश्वादिः	2.4.11	18	mUtrapurIzam	मूत्रपुरीषम्	
24	gavASvAdiH	गवाश्वादिः	2.4.11	19	yakfnmedaH	यकृन्मेदः	
24	gavASvAdiH	गवाश्वादिः	2.4.11	20	mAMsaSoRitam	मांसशोणितम्	
24	gavASvAdiH	गवाश्वादिः	2.4.11	21	darBaSaram	दर्भशरम्	
24	gavASvAdiH	गवाश्वादिः	2.4.11	22	darBapUtIkam	दर्भपूतीकम्	
24	gavASvAdiH	गवाश्वादिः	2.4.11	23	arjunaSirIzam	अर्जुनशिरीषम्	
24	gavASvAdiH	गवाश्वादिः	2.4.11	24	arjunapuruzam	अर्जुनपुरुषम्	
24	gavASvAdiH	गवाश्वादिः	2.4.11	25	tfRopalam	तृणोपलम्	
24	gavASvAdiH	गवाश्वादिः	2.4.11	26	tfRolapama	तृणोलपम	
24	gavASvAdiH	गवाश्वादिः	2.4.11	27	dAsIdAsam	दासीदासम्	
24	gavASvAdiH	गवाश्वादिः	2.4.11	28	kuwIkuwam	कुटीकुटम्	
24	gavASvAdiH	गवाश्वादिः	2.4.11	29	BAgavatIBAgavatam 	भागवतीभागवतम् ॥	
25	daDipayasyAdiH	दधिपयस्यादिः	2.4.14	1	daDipayasI	दधिपयसी	
25	daDipayasyAdiH	दधिपयस्यादिः	2.4.14	2	sarpirmaDunI	सर्पिर्मधुनी	
25	daDipayasyAdiH	दधिपयस्यादिः	2.4.14	3	maDusapizI	मधुसपिषी	
25	daDipayasyAdiH	दधिपयस्यादिः	2.4.14	4	brahmaprajApatI	ब्रह्मप्रजापती	
25	daDipayasyAdiH	दधिपयस्यादिः	2.4.14	5	SivavESravaRO	शिववैश्रवणौ	
25	daDipayasyAdiH	दधिपयस्यादिः	2.4.14	6	skandaviSAKO	स्कन्दविशाखौ	
25	daDipayasyAdiH	दधिपयस्यादिः	2.4.14	7	parivrAjakakOSikO	परिव्राजककौशिकौ	
25	daDipayasyAdiH	दधिपयस्यादिः	2.4.14	8	( parivrAwkOSikO )	( परिव्राट्कौशिकौ )	
25	daDipayasyAdiH	दधिपयस्यादिः	2.4.14	9	pravargyopasadO	प्रवर्ग्योपसदौ	
25	daDipayasyAdiH	दधिपयस्यादिः	2.4.14	10	SuklakfzRO	शुक्लकृष्णौ	
25	daDipayasyAdiH	दधिपयस्यादिः	2.4.14	11	iDmAbarhizI	इध्माबर्हिषी	
25	daDipayasyAdiH	दधिपयस्यादिः	2.4.14	12	dIkzAtapasI	दीक्षातपसी	
25	daDipayasyAdiH	दधिपयस्यादिः	2.4.14	13	SradDAtapasI	श्रद्धातपसी	
25	daDipayasyAdiH	दधिपयस्यादिः	2.4.14	14	meDAtapasI	मेधातपसी	
25	daDipayasyAdiH	दधिपयस्यादिः	2.4.14	15	aDyayanatapasI	अध्ययनतपसी	
25	daDipayasyAdiH	दधिपयस्यादिः	2.4.14	16	ulUKalamusale	उलूखलमुसले	
25	daDipayasyAdiH	दधिपयस्यादिः	2.4.14	17	AdyAvasAne	आद्यावसाने	
25	daDipayasyAdiH	दधिपयस्यादिः	2.4.14	18	SradDAmeDe	श्रद्धामेधे	
25	daDipayasyAdiH	दधिपयस्यादिः	2.4.14	19	fksAme	ऋक्सामे	
25	daDipayasyAdiH	दधिपयस्यादिः	2.4.14	20	vANmanase	वाङ्मनसे	
26	arDarcAdiH	अर्धर्चादिः	2.4.31	1	arDarca	अर्धर्च	
26	arDarcAdiH	अर्धर्चादिः	2.4.31	2	gomaya	गोमय	
26	arDarcAdiH	अर्धर्चादिः	2.4.31	3	kazAya	कषाय	
26	arDarcAdiH	अर्धर्चादिः	2.4.31	4	kArzApaRa	कार्षापण	
26	arDarcAdiH	अर्धर्चादिः	2.4.31	5	kutapa	कुतप	
26	arDarcAdiH	अर्धर्चादिः	2.4.31	6	kusapa	कुसप	
26	arDarcAdiH	अर्धर्चादिः	2.4.31	7	kuRapa	कुणप	
26	arDarcAdiH	अर्धर्चादिः	2.4.31	8	kapAwa	कपाट	
26	arDarcAdiH	अर्धर्चादिः	2.4.31	9	SaNKa	शङ्ख	
26	arDarcAdiH	अर्धर्चादिः	2.4.31	10	gUTa	गूथ	
26	arDarcAdiH	अर्धर्चादिः	2.4.31	11	yUTa	यूथ	
26	arDarcAdiH	अर्धर्चादिः	2.4.31	12	Dvaja	ध्वज	
26	arDarcAdiH	अर्धर्चादिः	2.4.31	13	kabanDa	कबन्ध	
26	arDarcAdiH	अर्धर्चादिः	2.4.31	14	padma	पद्म	
26	arDarcAdiH	अर्धर्चादिः	2.4.31	15	gfha	गृह	
26	arDarcAdiH	अर्धर्चादिः	2.4.31	16	saraka	सरक	
26	arDarcAdiH	अर्धर्चादिः	2.4.31	17	kaMsa	कंस	
26	arDarcAdiH	अर्धर्चादिः	2.4.31	18	divasa	दिवस	
26	arDarcAdiH	अर्धर्चादिः	2.4.31	19	yUza	यूष	
26	arDarcAdiH	अर्धर्चादिः	2.4.31	20	anDakAra	अन्धकार	
26	arDarcAdiH	अर्धर्चादिः	2.4.31	21	daRqa	दण्ड	
26	arDarcAdiH	अर्धर्चादिः	2.4.31	22	kamaRqalu	कमण्डलु	
26	arDarcAdiH	अर्धर्चादिः	2.4.31	23	manqa	मन्ड	
26	arDarcAdiH	अर्धर्चादिः	2.4.31	24	BUta	भूत	
26	arDarcAdiH	अर्धर्चादिः	2.4.31	25	dvIpa	द्वीप	
26	arDarcAdiH	अर्धर्चादिः	2.4.31	26	dyUta	द्यूत	
26	arDarcAdiH	अर्धर्चादिः	2.4.31	27	cakra	चक्र	
26	arDarcAdiH	अर्धर्चादिः	2.4.31	28	Darma	धर्म	
26	arDarcAdiH	अर्धर्चादिः	2.4.31	29	karman	कर्मन्	
26	arDarcAdiH	अर्धर्चादिः	2.4.31	30	modaka	मोदक	
26	arDarcAdiH	अर्धर्चादिः	2.4.31	31	SatamAna	शतमान	
26	arDarcAdiH	अर्धर्चादिः	2.4.31	32	yAna	यान	
26	arDarcAdiH	अर्धर्चादिः	2.4.31	33	naKa	नख	
26	arDarcAdiH	अर्धर्चादिः	2.4.31	34	naKara	नखर	
26	arDarcAdiH	अर्धर्चादिः	2.4.31	35	caraRa	चरण	
26	arDarcAdiH	अर्धर्चादिः	2.4.31	36	pucCa	पुच्छ	
26	arDarcAdiH	अर्धर्चादिः	2.4.31	37	dAqima	दाडिम	
26	arDarcAdiH	अर्धर्चादिः	2.4.31	38	hima	हिम	
26	arDarcAdiH	अर्धर्चादिः	2.4.31	39	rajata	रजत	
26	arDarcAdiH	अर्धर्चादिः	2.4.31	40	saktu	सक्तु	
26	arDarcAdiH	अर्धर्चादिः	2.4.31	41	piDAna	पिधान	
26	arDarcAdiH	अर्धर्चादिः	2.4.31	42	sAra	सार	
26	arDarcAdiH	अर्धर्चादिः	2.4.31	43	pAtra	पात्र	
26	arDarcAdiH	अर्धर्चादिः	2.4.31	44	Gfta	घृत	
26	arDarcAdiH	अर्धर्चादिः	2.4.31	45	sEnDava	सैन्धव	
26	arDarcAdiH	अर्धर्चादिः	2.4.31	46	OzaDa	औषध	
26	arDarcAdiH	अर्धर्चादिः	2.4.31	47	AQaka	आढक	
26	arDarcAdiH	अर्धर्चादिः	2.4.31	48	cazaka	चषक	
26	arDarcAdiH	अर्धर्चादिः	2.4.31	49	droRa	द्रोण	
26	arDarcAdiH	अर्धर्चादिः	2.4.31	50	KalIna	खलीन	
26	arDarcAdiH	अर्धर्चादिः	2.4.31	51	pAtrIva	पात्रीव	
26	arDarcAdiH	अर्धर्चादिः	2.4.31	52	zazwika	षष्टिक	
26	arDarcAdiH	अर्धर्चादिः	2.4.31	53	vArabARa	वारबाण	
26	arDarcAdiH	अर्धर्चादिः	2.4.31	54	vAravAraRa	वारवारण	
26	arDarcAdiH	अर्धर्चादिः	2.4.31	55	proTa	प्रोथ	
26	arDarcAdiH	अर्धर्चादिः	2.4.31	56	kapitTa	कपित्थ	
26	arDarcAdiH	अर्धर्चादिः	2.4.31	57	Suzka	शुष्क	
26	arDarcAdiH	अर्धर्चादिः	2.4.31	58	SAla	शाल	
26	arDarcAdiH	अर्धर्चादिः	2.4.31	59	SIla	शील	
26	arDarcAdiH	अर्धर्चादिः	2.4.31	60	Sukla	शुक्ल	
26	arDarcAdiH	अर्धर्चादिः	2.4.31	61	Sulka	शुल्क	
26	arDarcAdiH	अर्धर्चादिः	2.4.31	62	SIDu	शीधु	
26	arDarcAdiH	अर्धर्चादिः	2.4.31	63	kavaca	कवच	
26	arDarcAdiH	अर्धर्चादिः	2.4.31	64	reRu	रेणु	
26	arDarcAdiH	अर्धर्चादिः	2.4.31	65	fRa	ऋण	
26	arDarcAdiH	अर्धर्चादिः	2.4.31	66	kapawa	कपट	
26	arDarcAdiH	अर्धर्चादिः	2.4.31	67	SIkara	शीकर	
26	arDarcAdiH	अर्धर्चादिः	2.4.31	68	musala	मुसल	
26	arDarcAdiH	अर्धर्चादिः	2.4.31	69	suvarRa	सुवर्ण	
26	arDarcAdiH	अर्धर्चादिः	2.4.31	70	varRa	वर्ण	
26	arDarcAdiH	अर्धर्चादिः	2.4.31	71	pUrva	पूर्व	
26	arDarcAdiH	अर्धर्चादिः	2.4.31	72	camasa	चमस	
26	arDarcAdiH	अर्धर्चादिः	2.4.31	73	kzIra	क्षीर	
26	arDarcAdiH	अर्धर्चादिः	2.4.31	74	karza	कर्ष	
26	arDarcAdiH	अर्धर्चादिः	2.4.31	75	AkASa	आकाश	
26	arDarcAdiH	अर्धर्चादिः	2.4.31	76	azwApada	अष्टापद	
26	arDarcAdiH	अर्धर्चादिः	2.4.31	77	maNgala	मङ्गल	
26	arDarcAdiH	अर्धर्चादिः	2.4.31	78	niDana	निधन	
26	arDarcAdiH	अर्धर्चादिः	2.4.31	79	niryAsa	निर्यास	
26	arDarcAdiH	अर्धर्चादिः	2.4.31	80	jfmBa	जृम्भ	
26	arDarcAdiH	अर्धर्चादिः	2.4.31	81	vftta	वृत्त	
26	arDarcAdiH	अर्धर्चादिः	2.4.31	82	pusta	पुस्त	
26	arDarcAdiH	अर्धर्चादिः	2.4.31	83	busta	बुस्त	
26	arDarcAdiH	अर्धर्चादिः	2.4.31	84	kzveqita	क्ष्वेडित	
26	arDarcAdiH	अर्धर्चादिः	2.4.31	85	SfNga	शृङ्ग	
26	arDarcAdiH	अर्धर्चादिः	2.4.31	86	nigaqa	निगड	
26	arDarcAdiH	अर्धर्चादिः	2.4.31	87	Kala	खल	
26	arDarcAdiH	अर्धर्चादिः	2.4.31	88	mUlaka	मूलक	
26	arDarcAdiH	अर्धर्चादिः	2.4.31	89	maDu	मधु	
26	arDarcAdiH	अर्धर्चादिः	2.4.31	90	mUla	मूल	
26	arDarcAdiH	अर्धर्चादिः	2.4.31	91	sTUla	स्थूल	
26	arDarcAdiH	अर्धर्चादिः	2.4.31	92	SarAva	शराव	
26	arDarcAdiH	अर्धर्चादिः	2.4.31	93	nAla	नाल	
26	arDarcAdiH	अर्धर्चादिः	2.4.31	94	vapra	वप्र	
26	arDarcAdiH	अर्धर्चादिः	2.4.31	95	vimAna	विमान	
26	arDarcAdiH	अर्धर्चादिः	2.4.31	96	muKa	मुख	
26	arDarcAdiH	अर्धर्चादिः	2.4.31	97	pragrIva	प्रग्रीव	
26	arDarcAdiH	अर्धर्चादिः	2.4.31	98	SUla	शूल	
26	arDarcAdiH	अर्धर्चादिः	2.4.31	99	vajra	वज्र	
26	arDarcAdiH	अर्धर्चादिः	2.4.31	100	kawaka	कटक	
26	arDarcAdiH	अर्धर्चादिः	2.4.31	101	kaRwaka	कण्टक	
26	arDarcAdiH	अर्धर्चादिः	2.4.31	102	karpawa	कर्पट	
26	arDarcAdiH	अर्धर्चादिः	2.4.31	103	SiKara	शिखर	
26	arDarcAdiH	अर्धर्चादिः	2.4.31	104	kalka	कल्क	
26	arDarcAdiH	अर्धर्चादिः	2.4.31	105	valkala	वल्कल	
26	arDarcAdiH	अर्धर्चादिः	2.4.31	106	nawamastaka	नटमस्तक	
26	arDarcAdiH	अर्धर्चादिः	2.4.31	107	nAwamastaka	नाटमस्तक	
26	arDarcAdiH	अर्धर्चादिः	2.4.31	108	valaya	वलय	
26	arDarcAdiH	अर्धर्चादिः	2.4.31	109	kusuma	कुसुम	
26	arDarcAdiH	अर्धर्चादिः	2.4.31	110	tfRa	तृण	
26	arDarcAdiH	अर्धर्चादिः	2.4.31	111	paNka	पङ्क	
26	arDarcAdiH	अर्धर्चादिः	2.4.31	112	kuRqala	कुण्डल	
26	arDarcAdiH	अर्धर्चादिः	2.4.31	113	kirIwa	किरीट	
26	arDarcAdiH	अर्धर्चादिः	2.4.31	114	kumuda	कुमुद	
26	arDarcAdiH	अर्धर्चादिः	2.4.31	115	arbuda	अर्बुद	
26	arDarcAdiH	अर्धर्चादिः	2.4.31	116	aNkuSa	अङ्कुश	
26	arDarcAdiH	अर्धर्चादिः	2.4.31	117	timira	तिमिर	
26	arDarcAdiH	अर्धर्चादिः	2.4.31	118	ASraya	आश्रय	
26	arDarcAdiH	अर्धर्चादिः	2.4.31	119	BUzaRa	भूषण	
26	arDarcAdiH	अर्धर्चादिः	2.4.31	120	ikkasa	इक्कस	
26	arDarcAdiH	अर्धर्चादिः	2.4.31	121	izvAsa	इष्वास	
26	arDarcAdiH	अर्धर्चादिः	2.4.31	122	mukula	मुकुल	
26	arDarcAdiH	अर्धर्चादिः	2.4.31	123	vasanta	वसन्त	
26	arDarcAdiH	अर्धर्चादिः	2.4.31	124	tawAka	तटाक	
26	arDarcAdiH	अर्धर्चादिः	2.4.31	125	taqAga	तडाग	
26	arDarcAdiH	अर्धर्चादिः	2.4.31	126	piwaka	पिटक	
26	arDarcAdiH	अर्धर्चादिः	2.4.31	127	viwaNka	विटङ्क	
26	arDarcAdiH	अर्धर्चादिः	2.4.31	128	viqaNga	विडङ्ग	
26	arDarcAdiH	अर्धर्चादिः	2.4.31	129	piRyAka	पिण्याक	
26	arDarcAdiH	अर्धर्चादिः	2.4.31	130	mAza	माष	
26	arDarcAdiH	अर्धर्चादिः	2.4.31	131	koSa	कोश	
26	arDarcAdiH	अर्धर्चादिः	2.4.31	132	Palaka	फलक	
26	arDarcAdiH	अर्धर्चादिः	2.4.31	133	dina	दिन	
26	arDarcAdiH	अर्धर्चादिः	2.4.31	134	dEvata	दैवत	
26	arDarcAdiH	अर्धर्चादिः	2.4.31	135	pinAka	पिनाक	
26	arDarcAdiH	अर्धर्चादिः	2.4.31	136	samara	समर	
26	arDarcAdiH	अर्धर्चादिः	2.4.31	137	sTARu	स्थाणु	
26	arDarcAdiH	अर्धर्चादिः	2.4.31	138	anIka	अनीक	
26	arDarcAdiH	अर्धर्चादिः	2.4.31	139	upavAsa	उपवास	
26	arDarcAdiH	अर्धर्चादिः	2.4.31	140	SAka	शाक	
26	arDarcAdiH	अर्धर्चादिः	2.4.31	141	karpAsa	कर्पास	
26	arDarcAdiH	अर्धर्चादिः	2.4.31	142	viSAla	विशाल	
26	arDarcAdiH	अर्धर्चादिः	2.4.31	143	cazAla	चषाल	
26	arDarcAdiH	अर्धर्चादिः	2.4.31	144	caKAla	चखाल	
26	arDarcAdiH	अर्धर्चादिः	2.4.31	145	KaRqa	खण्ड	
26	arDarcAdiH	अर्धर्चादिः	2.4.31	146	dara	दर	
26	arDarcAdiH	अर्धर्चादिः	2.4.31	147	viwapa	विटप	
26	arDarcAdiH	अर्धर्चादिः	2.4.31	148	raRa	रण	
26	arDarcAdiH	अर्धर्चादिः	2.4.31	149	bala	बल	
26	arDarcAdiH	अर्धर्चादिः	2.4.31	150	maka	मक	
26	arDarcAdiH	अर्धर्चादिः	2.4.31	151	mfRAla	मृणाल	
26	arDarcAdiH	अर्धर्चादिः	2.4.31	152	hasta	हस्त	
26	arDarcAdiH	अर्धर्चादिः	2.4.31	153	Ardra	आर्द्र	
26	arDarcAdiH	अर्धर्चादिः	2.4.31	154	hala	हल	
26	arDarcAdiH	अर्धर्चादिः	2.4.31	155	sUtra	सूत्र	
26	arDarcAdiH	अर्धर्चादिः	2.4.31	156	tARqava	ताण्डव	
26	arDarcAdiH	अर्धर्चादिः	2.4.31	157	gARqIva	गाण्डीव	
26	arDarcAdiH	अर्धर्चादिः	2.4.31	158	maRqapa	मण्डप	
26	arDarcAdiH	अर्धर्चादिः	2.4.31	159	pawaha	पटह	
26	arDarcAdiH	अर्धर्चादिः	2.4.31	160	sODa	सौध	
26	arDarcAdiH	अर्धर्चादिः	2.4.31	161	yoDa	योध	
26	arDarcAdiH	अर्धर्चादिः	2.4.31	162	pArSva	पार्श्व	
26	arDarcAdiH	अर्धर्चादिः	2.4.31	163	SarIra	शरीर	
26	arDarcAdiH	अर्धर्चादिः	2.4.31	164	Pala	फल	
26	arDarcAdiH	अर्धर्चादिः	2.4.31	165	Cala	छल	
26	arDarcAdiH	अर्धर्चादिः	2.4.31	166	pura	पुर	
26	arDarcAdiH	अर्धर्चादिः	2.4.31	167	purA	पुरा	
26	arDarcAdiH	अर्धर्चादिः	2.4.31	168	rAzwra	राष्ट्र	
26	arDarcAdiH	अर्धर्चादिः	2.4.31	169	ambara	अम्बर	
26	arDarcAdiH	अर्धर्चादिः	2.4.31	170	bimba	बिम्ब	
26	arDarcAdiH	अर्धर्चादिः	2.4.31	171	kuwwima	कुट्टिम	
26	arDarcAdiH	अर्धर्चादिः	2.4.31	172	maRqala	मण्डल	
26	arDarcAdiH	अर्धर्चादिः	2.4.31	173	kukkuwa	कुक्कुट	
26	arDarcAdiH	अर्धर्चादिः	2.4.31	174	kuqapa	कुडप	
26	arDarcAdiH	अर्धर्चादिः	2.4.31	175	kakuda	ककुद	
26	arDarcAdiH	अर्धर्चादिः	2.4.31	176	KaRqala	खण्डल	
26	arDarcAdiH	अर्धर्चादिः	2.4.31	177	tomara	तोमर	
26	arDarcAdiH	अर्धर्चादिः	2.4.31	178	toraRa	तोरण	
26	arDarcAdiH	अर्धर्चादिः	2.4.31	179	maYcaka	मञ्चक	
26	arDarcAdiH	अर्धर्चादिः	2.4.31	180	puNKa	पुङ्ख	
26	arDarcAdiH	अर्धर्चादिः	2.4.31	181	maDya	मध्य	
26	arDarcAdiH	अर्धर्चादिः	2.4.31	182	bAla	बाल	
26	arDarcAdiH	अर्धर्चादिः	2.4.31	183	CAla	छाल	
26	arDarcAdiH	अर्धर्चादिः	2.4.31	184	valmIka	वल्मीक	
26	arDarcAdiH	अर्धर्चादिः	2.4.31	185	varza	वर्ष	
26	arDarcAdiH	अर्धर्चादिः	2.4.31	186	vastra	वस्त्र	
26	arDarcAdiH	अर्धर्चादिः	2.4.31	187	vasu	वसु	
26	arDarcAdiH	अर्धर्चादिः	2.4.31	188	deha	देह	
26	arDarcAdiH	अर्धर्चादिः	2.4.31	189	udyAna	उद्यान	
26	arDarcAdiH	अर्धर्चादिः	2.4.31	190	udyoga	उद्योग	
26	arDarcAdiH	अर्धर्चादिः	2.4.31	191	sneha	स्नेह	
26	arDarcAdiH	अर्धर्चादिः	2.4.31	192	stena	स्तेन	
26	arDarcAdiH	अर्धर्चादिः	2.4.31	193	Kana	खन	
26	arDarcAdiH	अर्धर्चादिः	2.4.31	194	svara	स्वर	
26	arDarcAdiH	अर्धर्चादिः	2.4.31	195	saNgama	सङ्गम	
26	arDarcAdiH	अर्धर्चादिः	2.4.31	196	nizka	निष्क	
26	arDarcAdiH	अर्धर्चादिः	2.4.31	197	kzema	क्षेम	
26	arDarcAdiH	अर्धर्चादिः	2.4.31	198	SUka	शूक	
26	arDarcAdiH	अर्धर्चादिः	2.4.31	199	kzatrapavitra	क्षत्रपवित्र	
26	arDarcAdiH	अर्धर्चादिः	2.4.31	200	yOvana	यौवन	
26	arDarcAdiH	अर्धर्चादिः	2.4.31	201	kalaha	कलह	
26	arDarcAdiH	अर्धर्चादिः	2.4.31	202	mAlaka	मालक	
26	arDarcAdiH	अर्धर्चादिः	2.4.31	203	pAlaka	पालक	
26	arDarcAdiH	अर्धर्चादिः	2.4.31	204	mUzika	मूषिक	
26	arDarcAdiH	अर्धर्चादिः	2.4.31	205	maRqala	मण्डल	
26	arDarcAdiH	अर्धर्चादिः	2.4.31	206	valkala	वल्कल	
26	arDarcAdiH	अर्धर्चादिः	2.4.31	207	kuja	कुज	
26	arDarcAdiH	अर्धर्चादिः	2.4.31	208	kuYja	कुञ्ज	
26	arDarcAdiH	अर्धर्चादिः	2.4.31	209	vihAra	विहार	
26	arDarcAdiH	अर्धर्चादिः	2.4.31	210	lohita	लोहित	
26	arDarcAdiH	अर्धर्चादिः	2.4.31	211	vizARa	विषाण	
26	arDarcAdiH	अर्धर्चादिः	2.4.31	212	Bavana	भवन	
26	arDarcAdiH	अर्धर्चादिः	2.4.31	213	araRya	अरण्य	
26	arDarcAdiH	अर्धर्चादिः	2.4.31	214	pulina	पुलिन	
26	arDarcAdiH	अर्धर्चादिः	2.4.31	215	dfQa	दृढ	
26	arDarcAdiH	अर्धर्चादिः	2.4.31	216	Asana	आसन	
26	arDarcAdiH	अर्धर्चादिः	2.4.31	217	ErAvata	ऐरावत	
26	arDarcAdiH	अर्धर्चादिः	2.4.31	218	SUrpa	शूर्प	
26	arDarcAdiH	अर्धर्चादिः	2.4.31	219	tIrTa	तीर्थ	
26	arDarcAdiH	अर्धर्चादिः	2.4.31	220	lomana	लोमन	
26	arDarcAdiH	अर्धर्चादिः	2.4.31	221	lomaSa	लोमश	
26	arDarcAdiH	अर्धर्चादिः	2.4.31	222	tamAla	तमाल	
26	arDarcAdiH	अर्धर्चादिः	2.4.31	223	loha	लोह	
26	arDarcAdiH	अर्धर्चादिः	2.4.31	224	daRqaka	दण्डक	
26	arDarcAdiH	अर्धर्चादिः	2.4.31	225	SapaTa	शपथ	
26	arDarcAdiH	अर्धर्चादिः	2.4.31	226	pratisara	प्रतिसर	
26	arDarcAdiH	अर्धर्चादिः	2.4.31	227	dAru	दारु	
26	arDarcAdiH	अर्धर्चादिः	2.4.31	228	Danus	धनुस्	
26	arDarcAdiH	अर्धर्चादिः	2.4.31	229	mAna	मान	
26	arDarcAdiH	अर्धर्चादिः	2.4.31	230	varcaska	वर्चस्क	
26	arDarcAdiH	अर्धर्चादिः	2.4.31	231	kUrca	कूर्च	
26	arDarcAdiH	अर्धर्चादिः	2.4.31	232	taRqaka	तण्डक	
26	arDarcAdiH	अर्धर्चादिः	2.4.31	233	maWa	मठ	
26	arDarcAdiH	अर्धर्चादिः	2.4.31	234	sahasra	सहस्र	
26	arDarcAdiH	अर्धर्चादिः	2.4.31	235	odana	ओदन	
26	arDarcAdiH	अर्धर्चादिः	2.4.31	236	pravAla	प्रवाल	
26	arDarcAdiH	अर्धर्चादिः	2.4.31	237	Sakawa	शकट	
26	arDarcAdiH	अर्धर्चादिः	2.4.31	238	aparAhRa	अपराह्ण	
26	arDarcAdiH	अर्धर्चादिः	2.4.31	239	nIqa	नीड	
26	arDarcAdiH	अर्धर्चादिः	2.4.31	240	Sakala	शकल	
26	arDarcAdiH	अर्धर्चादिः	2.4.31	241	taRqula 	तण्डुल ॥	
27	pElAdiH	पैलादिः	2.4.59	1	pEla	पैल	
27	pElAdiH	पैलादिः	2.4.59	2	SAlaNki	शालङ्कि	
27	pElAdiH	पैलादिः	2.4.59	3	sAtyaki	सात्यकि	
27	pElAdiH	पैलादिः	2.4.59	4	sAtyakAmi	सात्यकामि	
27	pElAdiH	पैलादिः	2.4.59	5	rAhavi	राहवि	
27	pElAdiH	पैलादिः	2.4.59	6	rAvaRi	रावणि	
27	pElAdiH	पैलादिः	2.4.59	7	OdaYco	औदञ्चो	
27	pElAdiH	पैलादिः	2.4.59	8	Odavraji	औदव्रजि	
27	pElAdiH	पैलादिः	2.4.59	9	OdameGi	औदमेघि	
27	pElAdiH	पैलादिः	2.4.59	10	Odavyajri	औदव्यज्रि	
27	pElAdiH	पैलादिः	2.4.59	11	Odamajji	औदमज्जि	
27	pElAdiH	पैलादिः	2.4.59	12	Odamfjji	औदमृज्जि	
27	pElAdiH	पैलादिः	2.4.59	13	dEvasTAni	दैवस्थानि	
27	pElAdiH	पैलादिः	2.4.59	14	pENgalOdAyani	पैङ्गलौदायनि	
27	pElAdiH	पैलादिः	2.4.59	15	rAhakzati	राहक्षति	
27	pElAdiH	पैलादिः	2.4.59	16	BOliNgi	भौलिङ्गि	
27	pElAdiH	पैलादिः	2.4.59	17	Odanyi	औदन्यि	
27	pElAdiH	पैलादिः	2.4.59	18	OdgAhamAni	औद्गाहमानि	
27	pElAdiH	पैलादिः	2.4.59	19	OjjihAni	औज्जिहानि	
27	pElAdiH	पैलादिः	2.4.59	20	OdaSudDi	औदशुद्धि	
27	pElAdiH	पैलादिः	2.4.59	21	tadrAjAccARaH	तद्राजाच्चाणः	
27	pElAdiH	पैलादिः	2.4.59	22	tadrAja 	तद्राज ॥	
28	tOlvalyAdiH	तौल्वल्यादिः	2.4.61	1	tOlvali	तौल्वलि	
28	tOlvalyAdiH	तौल्वल्यादिः	2.4.61	2	DAraRi	धारणि	
28	tOlvalyAdiH	तौल्वल्यादिः	2.4.61	3	pAraRi	पारणि	
28	tOlvalyAdiH	तौल्वल्यादिः	2.4.61	4	rAvaRi	रावणि	
28	tOlvalyAdiH	तौल्वल्यादिः	2.4.61	5	dElIpi	दैलीपि	
28	tOlvalyAdiH	तौल्वल्यादिः	2.4.61	6	dEvati	दैवति	
28	tOlvalyAdiH	तौल्वल्यादिः	2.4.61	7	vArkali	वार्कलि	
28	tOlvalyAdiH	तौल्वल्यादिः	2.4.61	8	nEvati	नैवति	
28	tOlvalyAdiH	तौल्वल्यादिः	2.4.61	9	nEvaki	नैवकि	
28	tOlvalyAdiH	तौल्वल्यादिः	2.4.61	10	dEvamitri	दैवमित्रि	
28	tOlvalyAdiH	तौल्वल्यादिः	2.4.61	11	dEvamati	दैवमति	
28	tOlvalyAdiH	तौल्वल्यादिः	2.4.61	12	dEvayajYi	दैवयज्ञि	
28	tOlvalyAdiH	तौल्वल्यादिः	2.4.61	13	cAPawwaki	चाफट्टकि	
28	tOlvalyAdiH	तौल्वल्यादिः	2.4.61	14	bElvaki	बैल्वकि	
28	tOlvalyAdiH	तौल्वल्यादिः	2.4.61	15	vEki	वैकि	
28	tOlvalyAdiH	तौल्वल्यादिः	2.4.61	16	vENki	वैङ्कि	
28	tOlvalyAdiH	तौल्वल्यादिः	2.4.61	17	AnuhArati	आनुहारति	
28	tOlvalyAdiH	तौल्वल्यादिः	2.4.61	18	AnurAhati	आनुराहति	
28	tOlvalyAdiH	तौल्वल्यादिः	2.4.61	19	pOzkarasAdi	पौष्करसादि	
28	tOlvalyAdiH	तौल्वल्यादिः	2.4.61	20	Anurohati	आनुरोहति	
28	tOlvalyAdiH	तौल्वल्यादिः	2.4.61	21	Anuti	आनुति	
28	tOlvalyAdiH	तौल्वल्यादिः	2.4.61	22	prAdohani	प्रादोहनि	
28	tOlvalyAdiH	तौल्वल्यादिः	2.4.61	23	nEmiSri	नैमिश्रि	
28	tOlvalyAdiH	तौल्वल्यादिः	2.4.61	24	prAqAhati	प्राडाहति	
28	tOlvalyAdiH	तौल्वल्यादिः	2.4.61	25	bAnDaki	बान्धकि	
28	tOlvalyAdiH	तौल्वल्यादिः	2.4.61	26	vESIti	वैशीति	
28	tOlvalyAdiH	तौल्वल्यादिः	2.4.61	27	AsinAsi	आसिनासि	
28	tOlvalyAdiH	तौल्वल्यादिः	2.4.61	28	AMhisi	आंहिसि	
28	tOlvalyAdiH	तौल्वल्यादिः	2.4.61	29	AsurI	आसुरी	
28	tOlvalyAdiH	तौल्वल्यादिः	2.4.61	30	nEmizi	नैमिषि	
28	tOlvalyAdiH	तौल्वल्यादिः	2.4.61	31	AsibanDaki	आसिबन्धकि	
28	tOlvalyAdiH	तौल्वल्यादिः	2.4.61	32	pOzpi	पौष्पि	
28	tOlvalyAdiH	तौल्वल्यादिः	2.4.61	33	kAreRupAli	कारेणुपालि	
28	tOlvalyAdiH	तौल्वल्यादिः	2.4.61	34	vEkarRi	वैकर्णि	
28	tOlvalyAdiH	तौल्वल्यादिः	2.4.61	35	vEraki	वैरकि	
28	tOlvalyAdiH	तौल्वल्यादिः	2.4.61	36	vEhati 	वैहति ॥	
29	yaskAdiH	यस्कादिः	2.4.63	1	yaska	यस्क	
29	yaskAdiH	यस्कादिः	2.4.63	2	lahya	लह्य	
29	yaskAdiH	यस्कादिः	2.4.63	3	duhya	दुह्य	
29	yaskAdiH	यस्कादिः	2.4.63	4	ayasTURa	अयस्थूण	
29	yaskAdiH	यस्कादिः	2.4.63	5	ayaHsTURa	अयःस्थूण	
29	yaskAdiH	यस्कादिः	2.4.63	6	tfRakar	तृणकर्	
29	yaskAdiH	यस्कादिः	2.4.63	7	sadAmatta	सदामत्त	
29	yaskAdiH	यस्कादिः	2.4.63	8	kambalahAra	कम्बलहार	
29	yaskAdiH	यस्कादिः	2.4.63	9	bahiryoga	बहिर्योग	
29	yaskAdiH	यस्कादिः	2.4.63	10	parRAQaka	पर्णाढक	
29	yaskAdiH	यस्कादिः	2.4.63	11	karRAQaka	कर्णाढक	
29	yaskAdiH	यस्कादिः	2.4.63	12	piRqIjaNGa	पिण्डीजङ्घ	
29	yaskAdiH	यस्कादिः	2.4.63	13	bakasakTa	बकसक्थ	
29	yaskAdiH	यस्कादिः	2.4.63	14	vakasakTa	वकसक्थ	
29	yaskAdiH	यस्कादिः	2.4.63	15	voSri	वोश्रि	
29	yaskAdiH	यस्कादिः	2.4.63	16	kudri	कुद्रि	
29	yaskAdiH	यस्कादिः	2.4.63	17	ajavasti	अजवस्ति	
29	yaskAdiH	यस्कादिः	2.4.63	18	mitrayu	मित्रयु	
29	yaskAdiH	यस्कादिः	2.4.63	19	rakzomuKa	रक्षोमुख	
29	yaskAdiH	यस्कादिः	2.4.63	20	jaNGAraTa	जङ्घारथ	
29	yaskAdiH	यस्कादिः	2.4.63	21	utkAsa	उत्कास	
29	yaskAdiH	यस्कादिः	2.4.63	22	kawukamaTaka	कटुकमथक	
29	yaskAdiH	यस्कादिः	2.4.63	23	manTaka	मन्थक	
29	yaskAdiH	यस्कादिः	2.4.63	24	puzkaraw	पुष्करट्	
29	yaskAdiH	यस्कादिः	2.4.63	25	puzkarasad	पुष्करसद्	
29	yaskAdiH	यस्कादिः	2.4.63	26	vizapuwa	विषपुट	
29	yaskAdiH	यस्कादिः	2.4.63	27	uparimeKala	उपरिमेखल	
29	yaskAdiH	यस्कादिः	2.4.63	28	krozwukamAna	क्रोष्टुकमान	
29	yaskAdiH	यस्कादिः	2.4.63	29	krozwumAna	क्रोष्टुमान	
29	yaskAdiH	यस्कादिः	2.4.63	30	krozwupAda	क्रोष्टुपाद	
29	yaskAdiH	यस्कादिः	2.4.63	31	krozwumAya	क्रोष्टुमाय	
29	yaskAdiH	यस्कादिः	2.4.63	32	SIrzamAya	शीर्षमाय	
29	yaskAdiH	यस्कादिः	2.4.63	33	Karapa	खरप	
29	yaskAdiH	यस्कादिः	2.4.63	34	padaka	पदक	
29	yaskAdiH	यस्कादिः	2.4.63	35	varzuka	वर्षुक	
29	yaskAdiH	यस्कादिः	2.4.63	36	Balandana	भलन्दन	
29	yaskAdiH	यस्कादिः	2.4.63	37	Baqila	भडिल	
29	yaskAdiH	यस्कादिः	2.4.63	38	BaRqila	भण्डिल	
29	yaskAdiH	यस्कादिः	2.4.63	39	Baqita 	भडित ॥	
30	gopavanAdiH	गोपवनादिः	2.4.67	1	gOpavana	गौपवन	
30	gopavanAdiH	गोपवनादिः	2.4.67	2	Seyu	शेयु	
30	gopavanAdiH	गोपवनादिः	2.4.67	3	Sipru	शिप्रु	
30	gopavanAdiH	गोपवनादिः	2.4.67	4	bindu	बिन्दु	
30	gopavanAdiH	गोपवनादिः	2.4.67	5	BAjana	भाजन	
30	gopavanAdiH	गोपवनादिः	2.4.67	6	aSvAvatAna	अश्वावतान	
30	gopavanAdiH	गोपवनादिः	2.4.67	7	SyAmAka	श्यामाक	
30	gopavanAdiH	गोपवनादिः	2.4.67	8	SyonAka	श्योनाक	
30	gopavanAdiH	गोपवनादिः	2.4.67	9	SyAmaka	श्यामक	
30	gopavanAdiH	गोपवनादिः	2.4.67	10	SyAparRa	श्यापर्ण	
30	gopavanAdiH	गोपवनादिः	2.4.67	11	(bidAdyantargaRoyam [[4	(बिदाद्यन्तर्गणोऽयम् [[4	
30	gopavanAdiH	गोपवनादिः	2.4.67	12	1	1	
30	gopavanAdiH	गोपवनादिः	2.4.67	13	104]])  	104]])  ॥	
31	tikakitavAdiH	तिककितवादिः	2.4.68	1	tikakitavAH	तिककितवाः	
31	tikakitavAdiH	तिककितवादिः	2.4.68	2	vaNKaraBaRqIraTAH	वङ्खरभण्डीरथाः	
31	tikakitavAdiH	तिककितवादिः	2.4.68	3	upakalamakAH	उपकलमकाः	
31	tikakitavAdiH	तिककितवादिः	2.4.68	4	paPakanarakAH	पफकनरकाः	
31	tikakitavAdiH	तिककितवादिः	2.4.68	5	bakanaKagudapariRadDAH	बकनखगुदपरिणद्धाः	
31	tikakitavAdiH	तिककितवादिः	2.4.68	6	ubjakakuBAH	उब्जककुभाः	
31	tikakitavAdiH	तिककितवादिः	2.4.68	7	laNkaSAntamuKAH	लङ्कशान्तमुखाः	
31	tikakitavAdiH	तिककितवादिः	2.4.68	8	uttaraSalaNkawAH	उत्तरशलङ्कटाः	
31	tikakitavAdiH	तिककितवादिः	2.4.68	9	kfzRAjinakfzRasundarAH	कृष्णाजिनकृष्णसुन्दराः	
31	tikakitavAdiH	तिककितवादिः	2.4.68	10	BrazwakakapizWalAH	भ्रष्टककपिष्ठलाः	
31	tikakitavAdiH	तिककितवादिः	2.4.68	11	agniveSadaSerukAH 	अग्निवेशदशेरुकाः ॥	
32	upakAdiH	उपकादिः	2.4.69	1	upakalamaka	उपकलमक	
32	upakAdiH	उपकादिः	2.4.69	2	BrAzwraka	भ्राष्ट्रक	
32	upakAdiH	उपकादिः	2.4.69	3	kapizWala	कपिष्ठल	
32	upakAdiH	उपकादिः	2.4.69	4	kfzRAjina	कृष्णाजिन	
32	upakAdiH	उपकादिः	2.4.69	5	kfzRasundara	कृष्णसुन्दर	
32	upakAdiH	उपकादिः	2.4.69	6	cUqAraka	चूडारक	
32	upakAdiH	उपकादिः	2.4.69	7	AqAraka	आडारक	
32	upakAdiH	उपकादिः	2.4.69	8	gaquka	गडुक	
32	upakAdiH	उपकादिः	2.4.69	9	udaNka	उदङ्क	
32	upakAdiH	उपकादिः	2.4.69	10	suDAyuka	सुधायुक	
32	upakAdiH	उपकादिः	2.4.69	11	avanDaka	अवन्धक	
32	upakAdiH	उपकादिः	2.4.69	12	piNgalaka	पिङ्गलक	
32	upakAdiH	उपकादिः	2.4.69	13	pizwaka	पिष्टक	
32	upakAdiH	उपकादिः	2.4.69	14	supizwa	सुपिष्ट	
32	upakAdiH	उपकादिः	2.4.69	15	supizWa	सुपिष्ठ	
32	upakAdiH	उपकादिः	2.4.69	16	mayUrakarRa	मयूरकर्ण	
32	upakAdiH	उपकादिः	2.4.69	17	KArIjaNGa	खारीजङ्घ	
32	upakAdiH	उपकादिः	2.4.69	18	SalATala	शलाथल	
32	upakAdiH	उपकादिः	2.4.69	19	pataYjala	पतञ्जल	
32	upakAdiH	उपकादिः	2.4.69	20	padaYjala	पदञ्जल	
32	upakAdiH	उपकादिः	2.4.69	21	kaWeraRi	कठेरणि	
32	upakAdiH	उपकादिः	2.4.69	22	kuzItaka	कुषीतक	
32	upakAdiH	उपकादिः	2.4.69	23	kASakftsna	काशकृत्स्न	
32	upakAdiH	उपकादिः	2.4.69	24	kASakftsna	काशकृत्स्न	
32	upakAdiH	उपकादिः	2.4.69	25	nidAGa	निदाघ	
32	upakAdiH	उपकादिः	2.4.69	26	kalaSIkaRWa	कलशीकण्ठ	
32	upakAdiH	उपकादिः	2.4.69	27	dAmakaR	दामकण्	
32	upakAdiH	उपकादिः	2.4.69	28	kfzRapiNgala	कृष्णपिङ्गल	
32	upakAdiH	उपकादिः	2.4.69	29	karRa	कर्ण	
32	upakAdiH	उपकादिः	2.4.69	30	parRaka	पर्णक	
32	upakAdiH	उपकादिः	2.4.69	31	jawiraka	जटिरक	
32	upakAdiH	उपकादिः	2.4.69	32	baDiraka	बधिरक	
32	upakAdiH	उपकादिः	2.4.69	33	jantuka	जन्तुक	
32	upakAdiH	उपकादिः	2.4.69	34	anuloma	अनुलोम	
32	upakAdiH	उपकादिः	2.4.69	35	anupada	अनुपद	
32	upakAdiH	उपकादिः	2.4.69	36	pratiloma	प्रतिलोम	
32	upakAdiH	उपकादिः	2.4.69	37	apajagDa	अपजग्ध	
32	upakAdiH	उपकादिः	2.4.69	38	pratA	प्रता	
32	upakAdiH	उपकादिः	2.4.69	39	anaBihita	अनभिहित	
32	upakAdiH	उपकादिः	2.4.69	40	kamaka	कमक	
32	upakAdiH	उपकादिः	2.4.69	41	karAwaka	कराटक	
32	upakAdiH	उपकादिः	2.4.69	42	leKAmra	लेखाम्र	
32	upakAdiH	उपकादिः	2.4.69	43	kamandaka	कमन्दक	
32	upakAdiH	उपकादिः	2.4.69	44	piYjalaka	पिञ्जलक	
32	upakAdiH	उपकादिः	2.4.69	45	karRaka	कर्णक	
32	upakAdiH	उपकादिः	2.4.69	46	mayUrakarRa	मयूरकर्ण	
32	upakAdiH	उपकादिः	2.4.69	47	nadAGa	नदाघ	
32	upakAdiH	उपकादिः	2.4.69	48	kavantaka	कवन्तक	
32	upakAdiH	उपकादिः	2.4.69	49	kamantaka	कमन्तक	
32	upakAdiH	उपकादिः	2.4.69	50	kadAmata	कदामत	
32	upakAdiH	उपकादिः	2.4.69	51	dAmakaRWa 	दामकण्ठ ॥	
33	BfSAdiH	भृशादिः	3.1.12	1	BfSa	भृश	
33	BfSAdiH	भृशादिः	3.1.12	2	SIGra	शीघ्र	
33	BfSAdiH	भृशादिः	3.1.12	3	capala	चपल	
33	BfSAdiH	भृशादिः	3.1.12	4	manda	मन्द	
33	BfSAdiH	भृशादिः	3.1.12	5	paRqita	पण्डित	
33	BfSAdiH	भृशादिः	3.1.12	6	utsuka	उत्सुक	
33	BfSAdiH	भृशादिः	3.1.12	7	sumanas	सुमनस्	
33	BfSAdiH	भृशादिः	3.1.12	8	durmanas	दुर्मनस्	
33	BfSAdiH	भृशादिः	3.1.12	9	aBimanas	अभिमनस्	
33	BfSAdiH	भृशादिः	3.1.12	10	unmanas	उन्मनस्	
33	BfSAdiH	भृशादिः	3.1.12	11	rahas	रहस्	
33	BfSAdiH	भृशादिः	3.1.12	12	rohat	रोहत्	
33	BfSAdiH	भृशादिः	3.1.12	13	rehat	रेहत्	
33	BfSAdiH	भृशादिः	3.1.12	14	saMScat	संश्चत्	
33	BfSAdiH	भृशादिः	3.1.12	15	tfpat	तृपत्	
33	BfSAdiH	भृशादिः	3.1.12	16	SaSvat	शश्वत्	
33	BfSAdiH	भृशादिः	3.1.12	17	Bramat	भ्रमत्	
33	BfSAdiH	भृशादिः	3.1.12	18	vehat	वेहत्	
33	BfSAdiH	भृशादिः	3.1.12	19	Sucis	शुचिस्	
33	BfSAdiH	भृशादिः	3.1.12	20	Sucivarcas	शुचिवर्चस्	
33	BfSAdiH	भृशादिः	3.1.12	21	aRqara	अण्डर	
33	BfSAdiH	भृशादिः	3.1.12	22	varcas	वर्चस्	
33	BfSAdiH	भृशादिः	3.1.12	23	ojas	ओजस्	
33	BfSAdiH	भृशादिः	3.1.12	24	surajas	सुरजस्	
33	BfSAdiH	भृशादिः	3.1.12	25	arajas 	अरजस् ॥	
34	lohitAdiH	लोहितादिः	3.1.13	1	lohita	लोहित	
34	lohitAdiH	लोहितादिः	3.1.13	2	carita	चरित	
34	lohitAdiH	लोहितादिः	3.1.13	3	nIla	नील	
34	lohitAdiH	लोहितादिः	3.1.13	4	Pena	फेन	
34	lohitAdiH	लोहितादिः	3.1.13	5	madra	मद्र	
34	lohitAdiH	लोहितादिः	3.1.13	6	hari	हरि	
34	lohitAdiH	लोहितादिः	3.1.13	7	dAsa	दास	
34	lohitAdiH	लोहितादिः	3.1.13	8	man 	मन् ॥	
35	suKAdiH	सुखादिः	3.1.18	1	suKa	सुख	
35	suKAdiH	सुखादिः	3.1.18	2	duHKa	दुःख	
35	suKAdiH	सुखादिः	3.1.18	3	tfpta	तृप्त	
35	suKAdiH	सुखादिः	3.1.18	4	kfcCra	कृच्छ्र	
35	suKAdiH	सुखादिः	3.1.18	5	asra	अस्र	
35	suKAdiH	सुखादिः	3.1.18	6	Asra	आस्र	
35	suKAdiH	सुखादिः	3.1.18	7	aloka	अलोक	
35	suKAdiH	सुखादिः	3.1.18	8	pratIpa	प्रतीप	
35	suKAdiH	सुखादिः	3.1.18	9	karuRa	करुण	
35	suKAdiH	सुखादिः	3.1.18	10	kfpaRa	कृपण	
35	suKAdiH	सुखादिः	3.1.18	11	so	सो॥	
36	kaRqvAdiH	कण्ड्वादिः	3.1.27	1	kaRqUY	कण्डूञ्	
36	kaRqvAdiH	कण्ड्वादिः	3.1.27	2	mantu	मन्तु	
36	kaRqvAdiH	कण्ड्वादिः	3.1.27	3	hfRIN	हृणीङ्	
36	kaRqvAdiH	कण्ड्वादिः	3.1.27	4	valgu	वल्गु	
36	kaRqvAdiH	कण्ड्वादिः	3.1.27	5	asu	असु	
36	kaRqvAdiH	कण्ड्वादिः	3.1.27	6	nasa	नस	
36	kaRqvAdiH	कण्ड्वादिः	3.1.27	7	mahIN	महीङ्	
36	kaRqvAdiH	कण्ड्वादिः	3.1.27	8	low	लोट्	
36	kaRqvAdiH	कण्ड्वादिः	3.1.27	9	lew	लेट्	
36	kaRqvAdiH	कण्ड्वादिः	3.1.27	10	iras	इरस्	
36	kaRqvAdiH	कण्ड्वादिः	3.1.27	11	iraj	इरज्	
36	kaRqvAdiH	कण्ड्वादिः	3.1.27	12	iraY	इरञ्	
36	kaRqvAdiH	कण्ड्वादिः	3.1.27	13	uvas	उवस्	
36	kaRqvAdiH	कण्ड्वादिः	3.1.27	14	uzas	उषस्	
36	kaRqvAdiH	कण्ड्वादिः	3.1.27	15	vew	वेट्	
36	kaRqvAdiH	कण्ड्वादिः	3.1.27	16	meDA	मेधा	
36	kaRqvAdiH	कण्ड्वादिः	3.1.27	17	kuzuBa	कुषुभ	
36	kaRqvAdiH	कण्ड्वादिः	3.1.27	18	namas	नमस्	
36	kaRqvAdiH	कण्ड्वादिः	3.1.27	19	magaDa	मगध	
36	kaRqvAdiH	कण्ड्वादिः	3.1.27	20	tantas	तन्तस्	
36	kaRqvAdiH	कण्ड्वादिः	3.1.27	21	pampas	पम्पस्	
36	kaRqvAdiH	कण्ड्वादिः	3.1.27	22	papas	पपस्	
36	kaRqvAdiH	कण्ड्वादिः	3.1.27	23	suKa	सुख	
36	kaRqvAdiH	कण्ड्वादिः	3.1.27	24	duHKa	दुःख	
36	kaRqvAdiH	कण्ड्वादिः	3.1.27	25	Bikza	भिक्ष	
36	kaRqvAdiH	कण्ड्वादिः	3.1.27	26	caraRa	चरण	
36	kaRqvAdiH	कण्ड्वादिः	3.1.27	27	carama	चरम	
36	kaRqvAdiH	कण्ड्वादिः	3.1.27	28	avara	अवर	
36	kaRqvAdiH	कण्ड्वादिः	3.1.27	29	sapara	सपर	
36	kaRqvAdiH	कण्ड्वादिः	3.1.27	30	arara	अरर	
36	kaRqvAdiH	कण्ड्वादिः	3.1.27	31	arar	अरर्	
36	kaRqvAdiH	कण्ड्वादिः	3.1.27	32	Bizaj	भिषज्	
36	kaRqvAdiH	कण्ड्वादिः	3.1.27	33	BizRuj	भिष्णुज्	
36	kaRqvAdiH	कण्ड्वादिः	3.1.27	34	apara	अपर	
36	kaRqvAdiH	कण्ड्वादिः	3.1.27	35	Ara	आर	
36	kaRqvAdiH	कण्ड्वादिः	3.1.27	36	izuDa	इषुध	
36	kaRqvAdiH	कण्ड्वादिः	3.1.27	37	varaRa	वरण	
36	kaRqvAdiH	कण्ड्वादिः	3.1.27	38	curaRa	चुरण	
36	kaRqvAdiH	कण्ड्वादिः	3.1.27	39	curaRa	चुरण	
36	kaRqvAdiH	कण्ड्वादिः	3.1.27	40	BuraRa	भुरण	
36	kaRqvAdiH	कण्ड्वादिः	3.1.27	41	gadgada	गद्गद	
36	kaRqvAdiH	कण्ड्वादिः	3.1.27	42	elA	एला	
36	kaRqvAdiH	कण्ड्वादिः	3.1.27	43	kelA	केला	
36	kaRqvAdiH	कण्ड्वादिः	3.1.27	44	KelA	खेला	
36	kaRqvAdiH	कण्ड्वादिः	3.1.27	45	velA	वेला	
36	kaRqvAdiH	कण्ड्वादिः	3.1.27	46	SelA	शेला	
36	kaRqvAdiH	कण्ड्वादिः	3.1.27	47	liw	लिट्	
36	kaRqvAdiH	कण्ड्वादिः	3.1.27	48	lAw	लाट्	
36	kaRqvAdiH	कण्ड्वादिः	3.1.27	49	leKA	लेखा	
36	kaRqvAdiH	कण्ड्वादिः	3.1.27	50	leKa	लेख	
36	kaRqvAdiH	कण्ड्वादिः	3.1.27	51	reKA	रेखा	
36	kaRqvAdiH	कण्ड्वादिः	3.1.27	52	dravas	द्रवस्	
36	kaRqvAdiH	कण्ड्वादिः	3.1.27	53	tiras	तिरस्	
36	kaRqvAdiH	कण्ड्वादिः	3.1.27	54	agada	अगद	
36	kaRqvAdiH	कण्ड्वादिः	3.1.27	55	uras	उरस्	
36	kaRqvAdiH	कण्ड्वादिः	3.1.27	56	taraRa	तरण	
36	kaRqvAdiH	कण्ड्वादिः	3.1.27	57	tariRa	तरिण	
36	kaRqvAdiH	कण्ड्वादिः	3.1.27	58	payas	पयस्	
36	kaRqvAdiH	कण्ड्वादिः	3.1.27	59	saMBUyas	संभूयस्	
36	kaRqvAdiH	कण्ड्वादिः	3.1.27	60	sambara 	सम्बर ॥	
37	nandyAdiH	नन्द्यादिः	3.1.134	1	nandanaH	नन्दनः	
37	nandyAdiH	नन्द्यादिः	3.1.134	2	vASanaH	वाशनः	
37	nandyAdiH	नन्द्यादिः	3.1.134	3	madanaH	मदनः	
37	nandyAdiH	नन्द्यादिः	3.1.134	4	dUzaRaH	दूषणः	
37	nandyAdiH	नन्द्यादिः	3.1.134	5	sADanaH	साधनः	
37	nandyAdiH	नन्द्यादिः	3.1.134	6	varDanaH	वर्धनः	
37	nandyAdiH	नन्द्यादिः	3.1.134	7	SoBanaH	शोभनः	
37	nandyAdiH	नन्द्यादिः	3.1.134	8	rocanaH	रोचनः	
37	nandyAdiH	नन्द्यादिः	3.1.134	9	sahanaH	सहनः	
37	nandyAdiH	नन्द्यादिः	3.1.134	10	tapanaH	तपनः	
37	nandyAdiH	नन्द्यादिः	3.1.134	11	damanaH	दमनः	
37	nandyAdiH	नन्द्यादिः	3.1.134	12	jalpanaH	जल्पनः	
37	nandyAdiH	नन्द्यादिः	3.1.134	13	ramaRaH	रमणः	
37	nandyAdiH	नन्द्यादिः	3.1.134	14	darpaRaH	दर्पणः	
37	nandyAdiH	नन्द्यादिः	3.1.134	15	saNkrandanaH	सङ्क्रन्दनः	
37	nandyAdiH	नन्द्यादिः	3.1.134	16	saNkarzaRaH	सङ्कर्षणः	
37	nandyAdiH	नन्द्यादिः	3.1.134	17	saMharzaRaH	संहर्षणः	
37	nandyAdiH	नन्द्यादिः	3.1.134	18	janArdanaH	जनार्दनः	
37	nandyAdiH	नन्द्यादिः	3.1.134	19	yavanaH	यवनः	
37	nandyAdiH	नन्द्यादिः	3.1.134	20	maDusUdanaH	मधुसूदनः	
37	nandyAdiH	नन्द्यादिः	3.1.134	21	viBIzaRaH	विभीषणः	
37	nandyAdiH	नन्द्यादिः	3.1.134	22	lavaRaH	लवणः	
37	nandyAdiH	नन्द्यादिः	3.1.134	23	cittavinASanaH	चित्तविनाशनः	
37	nandyAdiH	नन्द्यादिः	3.1.134	24	kuladamanaH	कुलदमनः	
37	nandyAdiH	नन्द्यादिः	3.1.134	25	SatrudamanaH	शत्रुदमनः॥	
38	grahyAdiH	ग्रह्यादिः	3.1.134	1	grAhI	ग्राही	
38	grahyAdiH	ग्रह्यादिः	3.1.134	2	utsAhI	उत्साही	
38	grahyAdiH	ग्रह्यादिः	3.1.134	3	uddAso	उद्दासो	
38	grahyAdiH	ग्रह्यादिः	3.1.134	4	udBAsI	उद्भासी	
38	grahyAdiH	ग्रह्यादिः	3.1.134	5	sTAyI	स्थायी	
38	grahyAdiH	ग्रह्यादिः	3.1.134	6	mantrI	मन्त्री	
38	grahyAdiH	ग्रह्यादिः	3.1.134	7	saMmardI	संमर्दी	
38	grahyAdiH	ग्रह्यादिः	3.1.134	8	nirakzI	निरक्षी	
38	grahyAdiH	ग्रह्यादिः	3.1.134	9	niSrAvI	निश्रावी	
38	grahyAdiH	ग्रह्यादिः	3.1.134	10	nivApO	निवापौ	
38	grahyAdiH	ग्रह्यादिः	3.1.134	11	niSAyI	निशायी	
38	grahyAdiH	ग्रह्यादिः	3.1.134	12	ayAcI	अयाची	
38	grahyAdiH	ग्रह्यादिः	3.1.134	13	avyAhArI	अव्याहारी	
38	grahyAdiH	ग्रह्यादिः	3.1.134	14	asaMvyAhArI	असंव्याहारी	
38	grahyAdiH	ग्रह्यादिः	3.1.134	15	avrAjI	अव्राजी	
38	grahyAdiH	ग्रह्यादिः	3.1.134	16	avAdI	अवादी	
38	grahyAdiH	ग्रह्यादिः	3.1.134	17	avAsI	अवासी	
38	grahyAdiH	ग्रह्यादिः	3.1.134	18	akArI	अकारी	
38	grahyAdiH	ग्रह्यादिः	3.1.134	19	ahArI	अहारी	
38	grahyAdiH	ग्रह्यादिः	3.1.134	20	avinAyI	अविनायी	
38	grahyAdiH	ग्रह्यादिः	3.1.134	21	viSAyI	विशायी	
38	grahyAdiH	ग्रह्यादिः	3.1.134	22	vizAyI	विषायी	
38	grahyAdiH	ग्रह्यादिः	3.1.134	23	viSayI  deSaH	विशयी  देशः	
38	grahyAdiH	ग्रह्यादिः	3.1.134	24	vizayI  deSaH	विषयी  देशः	
38	grahyAdiH	ग्रह्यादिः	3.1.134	25	aparADI	अपराधी	
38	grahyAdiH	ग्रह्यादिः	3.1.134	26	uparoDI	उपरोधी	
38	grahyAdiH	ग्रह्यादिः	3.1.134	27	pariBavI	परिभवी	
38	grahyAdiH	ग्रह्यादिः	3.1.134	28	pariBAvI 	परिभावी ॥	
39	pacAdiH	पचादिः	3.1.134	1	paca	पच	
39	pacAdiH	पचादिः	3.1.134	2	vaca	वच	
39	pacAdiH	पचादिः	3.1.134	3	vapa	वप	
39	pacAdiH	पचादिः	3.1.134	4	vada	वद	
39	pacAdiH	पचादिः	3.1.134	5	cala	चल	
39	pacAdiH	पचादिः	3.1.134	6	pata	पत	
39	pacAdiH	पचादिः	3.1.134	7	nadaw	नदट्	
39	pacAdiH	पचादिः	3.1.134	8	Bazaw	भषट्	
39	pacAdiH	पचादिः	3.1.134	9	plavaw	प्लवट्	
39	pacAdiH	पचादिः	3.1.134	10	caraw	चरट्	
39	pacAdiH	पचादिः	3.1.134	11	garaw	गरट्	
39	pacAdiH	पचादिः	3.1.134	12	taraw	तरट्	
39	pacAdiH	पचादिः	3.1.134	13	coraw	चोरट्	
39	pacAdiH	पचादिः	3.1.134	14	gAhaw	गाहट्	
39	pacAdiH	पचादिः	3.1.134	15	saraw	सरट्	
39	pacAdiH	पचादिः	3.1.134	16	devaw	देवट्	
39	pacAdiH	पचादिः	3.1.134	17	dozaw	दोषट्	
39	pacAdiH	पचादिः	3.1.134	18	jara	जर	
39	pacAdiH	पचादिः	3.1.134	19	raja	रज	
39	pacAdiH	पचादिः	3.1.134	20	mara	मर	
39	pacAdiH	पचादिः	3.1.134	21	mada	मद	
39	pacAdiH	पचादिः	3.1.134	22	kzama	क्षम	
39	pacAdiH	पचादिः	3.1.134	23	kzapa	क्षप	
39	pacAdiH	पचादिः	3.1.134	24	seva	सेव	
39	pacAdiH	पचादिः	3.1.134	25	meza	मेष	
39	pacAdiH	पचादिः	3.1.134	26	kopa	कोप	
39	pacAdiH	पचादिः	3.1.134	27	koza	कोष	
39	pacAdiH	पचादिः	3.1.134	28	meDA	मेधा	
39	pacAdiH	पचादिः	3.1.134	29	narta	नर्त	
39	pacAdiH	पचादिः	3.1.134	30	vraRa	व्रण	
39	pacAdiH	पचादिः	3.1.134	31	darSa	दर्श	
39	pacAdiH	पचादिः	3.1.134	32	sarpa	सर्प	
39	pacAdiH	पचादिः	3.1.134	33	damBa	दम्भ	
39	pacAdiH	पचादिः	3.1.134	34	darpa	दर्प	
39	pacAdiH	पचादिः	3.1.134	35	jAraBara	जारभर	
39	pacAdiH	पचादिः	3.1.134	36	Svapaca 	श्वपच ॥	
40	mUlaviBujAdiH	मूलविभुजादिः	3.2.5	1	mUlaviBuja	मूलविभुज	
40	mUlaviBujAdiH	मूलविभुजादिः	3.2.5	2	naKamuca	नखमुच	
40	mUlaviBujAdiH	मूलविभुजादिः	3.2.5	3	kAkaguha	काकगुह	
40	mUlaviBujAdiH	मूलविभुजादिः	3.2.5	4	kumuda	कुमुद	
40	mUlaviBujAdiH	मूलविभुजादिः	3.2.5	5	mahIDra	महीध्र	
40	mUlaviBujAdiH	मूलविभुजादिः	3.2.5	6	kuDra	कुध्र	
40	mUlaviBujAdiH	मूलविभुजादिः	3.2.5	7	giGra 	गिघ्र ॥	
41	pArSvAdiH	पार्श्वादिः	3.2.15	1	pArSva	पार्श्व	
41	pArSvAdiH	पार्श्वादिः	3.2.15	2	udara	उदर	
41	pArSvAdiH	पार्श्वादिः	3.2.15	3	pfzWa	पृष्ठ	
41	pArSvAdiH	पार्श्वादिः	3.2.15	4	uttAna	उत्तान	
41	pArSvAdiH	पार्श्वादिः	3.2.15	5	avamUrDana 	अवमूर्धन ॥	
42	gamyAdiH	गम्यादिः	3.3.3	1	gamI	गमी	
42	gamyAdiH	गम्यादिः	3.3.3	2	AgamI	आगमी	
42	gamyAdiH	गम्यादिः	3.3.3	3	BAvI	भावी	
42	gamyAdiH	गम्यादिः	3.3.3	4	prasTAyI	प्रस्थायी	
42	gamyAdiH	गम्यादिः	3.3.3	5	pratiroDI	प्रतिरोधी	
42	gamyAdiH	गम्यादिः	3.3.3	6	pratiyoDI	प्रतियोधी	
42	gamyAdiH	गम्यादिः	3.3.3	7	pratiboDI	प्रतिबोधी	
42	gamyAdiH	गम्यादिः	3.3.3	8	pratiyAyI	प्रतियायी	
42	gamyAdiH	गम्यादिः	3.3.3	9	pratiyogI 	प्रतियोगी ॥	
43	BidAdiH	भिदादिः	3.3.104	1	vidA	विदा	
43	BidAdiH	भिदादिः	3.3.104	2	kzipA	क्षिपा	
43	BidAdiH	भिदादिः	3.3.104	3	SradDA	श्रद्धा	
43	BidAdiH	भिदादिः	3.3.104	4	meDA	मेधा	
43	BidAdiH	भिदादिः	3.3.104	5	goDA	गोधा	
43	BidAdiH	भिदादिः	3.3.104	6	hArA	हारा	
43	BidAdiH	भिदादिः	3.3.104	7	kziyA	क्षिया	
43	BidAdiH	भिदादिः	3.3.104	8	reKA	रेखा	
43	BidAdiH	भिदादिः	3.3.104	9	cUqA	चूडा	
43	BidAdiH	भिदादिः	3.3.104	10	pIqA	पीडा	
43	BidAdiH	भिदादिः	3.3.104	11	vapA	वपा	
43	BidAdiH	भिदादिः	3.3.104	12	vasA	वसा	
43	BidAdiH	भिदादिः	3.3.104	13	sfjA	सृजा	
43	BidAdiH	भिदादिः	3.3.104	14	kfpA 	कृपा ॥	
44	saMpadAdiH	संपदादिः	3.3.108	1	saMpad	संपद्	
44	saMpadAdiH	संपदादिः	3.3.108	2	vipad	विपद्	
44	saMpadAdiH	संपदादिः	3.3.108	3	Apad	आपद्	
44	saMpadAdiH	संपदादिः	3.3.108	4	pratipad	प्रतिपद्	
44	saMpadAdiH	संपदादिः	3.3.108	5	parizad 	परिषद् ॥	
45	BImAdiH	भीमादिः	3.4.74	1	BIma	भीम	
45	BImAdiH	भीमादिः	3.4.74	2	BIzma	भीष्म	
45	BImAdiH	भीमादिः	3.4.74	3	BayAnaka	भयानक	
45	BImAdiH	भीमादिः	3.4.74	4	vahacara	वहचर	
45	BImAdiH	भीमादिः	3.4.74	5	vahacaru	वहचरु	
45	BImAdiH	भीमादिः	3.4.74	6	praskandana	प्रस्कन्दन	
45	BImAdiH	भीमादिः	3.4.74	7	pratapana	प्रतपन	
45	BImAdiH	भीमादिः	3.4.74	8	prapatana	प्रपतन	
45	BImAdiH	भीमादिः	3.4.74	9	samudra	समुद्र	
45	BImAdiH	भीमादिः	3.4.74	10	sruva	स्रुव	
45	BImAdiH	भीमादिः	3.4.74	11	sruk	स्रुक्	
45	BImAdiH	भीमादिः	3.4.74	12	vfzwI	वृष्टी	
45	BImAdiH	भीमादिः	3.4.74	13	vfzwI	वृष्टी	
45	BImAdiH	भीमादिः	3.4.74	14	rakzaH	रक्षः	
45	BImAdiH	भीमादिः	3.4.74	15	saMkasuka	संकसुक	
45	BImAdiH	भीमादिः	3.4.74	16	SaNkusuka	शङ्कुसुक	
45	BImAdiH	भीमादिः	3.4.74	17	mUrKa	मूर्ख	
45	BImAdiH	भीमादिः	3.4.74	18	Kalati 	खलति ॥	
46	ajAdiH	अजादिः	4.1.4	1	ajA	अजा	
46	ajAdiH	अजादिः	4.1.4	2	eqakA	एडका	
46	ajAdiH	अजादिः	4.1.4	3	kokilA	कोकिला	
46	ajAdiH	अजादिः	4.1.4	4	cawakA	चटका	
46	ajAdiH	अजादिः	4.1.4	5	aSvA	अश्वा	
46	ajAdiH	अजादिः	4.1.4	6	mUzikA	मूषिका	
46	ajAdiH	अजादिः	4.1.4	7	bAlA	बाला	
46	ajAdiH	अजादिः	4.1.4	8	hoqA	होडा	
46	ajAdiH	अजादिः	4.1.4	9	pAkA	पाका	
46	ajAdiH	अजादिः	4.1.4	10	vatsA	वत्सा	
46	ajAdiH	अजादिः	4.1.4	11	mandA	मन्दा	
46	ajAdiH	अजादिः	4.1.4	12	vilAtA	विलाता	
46	ajAdiH	अजादिः	4.1.4	13	pUrvApihARA	पूर्वापिहाणा	
46	ajAdiH	अजादिः	4.1.4	14	pUrvApahARA	पूर्वापहाणा	
46	ajAdiH	अजादिः	4.1.4	15	aparApahARA	अपरापहाणा	
46	ajAdiH	अजादिः	4.1.4	16	kruYcA	क्रुञ्चा	
46	ajAdiH	अजादिः	4.1.4	17	uzRihA	उष्णिहा	
46	ajAdiH	अजादिः	4.1.4	18	devaviSA	देवविशा	
46	ajAdiH	अजादिः	4.1.4	19	jyezWA	ज्येष्ठा	
46	ajAdiH	अजादिः	4.1.4	20	kanizWA	कनिष्ठा	
46	ajAdiH	अजादिः	4.1.4	21	maDyamA	मध्यमा	
46	ajAdiH	अजादिः	4.1.4	22	puMyogepi	पुंयोगेऽपि	
46	ajAdiH	अजादिः	4.1.4	23	daMzwrA 	दंष्ट्रा ॥	
47	svasrAdiH	स्वस्रादिः	4.1.10	1	svasf	स्वसृ	
47	svasrAdiH	स्वस्रादिः	4.1.10	2	duhitf	दुहितृ	
47	svasrAdiH	स्वस्रादिः	4.1.10	3	nanAndf	ननान्दृ	
47	svasrAdiH	स्वस्रादिः	4.1.10	4	yAtf	यातृ	
47	svasrAdiH	स्वस्रादिः	4.1.10	5	mAtf	मातृ	
47	svasrAdiH	स्वस्रादिः	4.1.10	6	tisf	तिसृ	
47	svasrAdiH	स्वस्रादिः	4.1.10	7	catasf 	चतसृ ॥	
48	samAnAdiH	समानादिः	4.1.35	1	samAna	समान	
48	samAnAdiH	समानादिः	4.1.35	2	eka	एक	
48	samAnAdiH	समानादिः	4.1.35	3	vIra	वीर	
48	samAnAdiH	समानादिः	4.1.35	4	piRqa	पिण्ड	
48	samAnAdiH	समानादिः	4.1.35	5	Sva	श्व	
48	samAnAdiH	समानादिः	4.1.35	6	SirI	शिरी	
48	samAnAdiH	समानादिः	4.1.35	7	BrAtf	भ्रातृ	
48	samAnAdiH	समानादिः	4.1.35	8	Badra	भद्र	
48	samAnAdiH	समानादिः	4.1.35	9	putra	पुत्र	
48	samAnAdiH	समानादिः	4.1.35	10		॥	
49	gOrAdiH	गौरादिः	4.1.41	1	gOra	गौर	
49	gOrAdiH	गौरादिः	4.1.41	2	matsya	मत्स्य	
49	gOrAdiH	गौरादिः	4.1.41	3	manuzya	मनुष्य	
49	gOrAdiH	गौरादिः	4.1.41	4	SfNga	शृङ्ग	
49	gOrAdiH	गौरादिः	4.1.41	5	piNgala	पिङ्गल	
49	gOrAdiH	गौरादिः	4.1.41	6	haya	हय	
49	gOrAdiH	गौरादिः	4.1.41	7	gavaya	गवय	
49	gOrAdiH	गौरादिः	4.1.41	8	mukaya	मुकय	
49	gOrAdiH	गौरादिः	4.1.41	9	fzya	ऋष्य	
49	gOrAdiH	गौरादिः	4.1.41	10	puwa	पुट	
49	gOrAdiH	गौरादिः	4.1.41	11	dURa	दूण	
49	gOrAdiH	गौरादिः	4.1.41	12	druRa	द्रुण	
49	gOrAdiH	गौरादिः	4.1.41	13	droRa	द्रोण	
49	gOrAdiH	गौरादिः	4.1.41	14	hariRa	हरिण	
49	gOrAdiH	गौरादिः	4.1.41	15	kokaRa	कोकण	
49	gOrAdiH	गौरादिः	4.1.41	16	kAkaRa	काकण	
49	gOrAdiH	गौरादिः	4.1.41	17	pawara	पटर	
49	gOrAdiH	गौरादिः	4.1.41	18	uRaka	उणक	
49	gOrAdiH	गौरादिः	4.1.41	19	Amala	आमल	
49	gOrAdiH	गौरादिः	4.1.41	20	Amalaka	आमलक	
49	gOrAdiH	गौरादिः	4.1.41	21	kubala	कुबल	
49	gOrAdiH	गौरादिः	4.1.41	22	bimba	बिम्ब	
49	gOrAdiH	गौरादिः	4.1.41	23	badara	बदर	
49	gOrAdiH	गौरादिः	4.1.41	24	Parkaraka	फर्करक	
49	gOrAdiH	गौरादिः	4.1.41	25	karkaraka	कर्करक	
49	gOrAdiH	गौरादिः	4.1.41	26	tarkAra	तर्कार	
49	gOrAdiH	गौरादिः	4.1.41	27	SarkAra	शर्कार	
49	gOrAdiH	गौरादिः	4.1.41	28	puzkara	पुष्कर	
49	gOrAdiH	गौरादिः	4.1.41	29	SiKaRqa	शिखण्ड	
49	gOrAdiH	गौरादिः	4.1.41	30	sala	सल	
49	gOrAdiH	गौरादिः	4.1.41	31	SazkaRqa	शष्कण्ड	
49	gOrAdiH	गौरादिः	4.1.41	32	sananda	सनन्द	
49	gOrAdiH	गौरादिः	4.1.41	33	suzama	सुषम	
49	gOrAdiH	गौरादिः	4.1.41	34	suzava	सुषव	
49	gOrAdiH	गौरादिः	4.1.41	35	alinda	अलिन्द	
49	gOrAdiH	गौरादिः	4.1.41	36	gaqu	गडु	
49	gOrAdiH	गौरादिः	4.1.41	37	zARqaSa	षाण्डश	
49	gOrAdiH	गौरादिः	4.1.41	38	AQaka	आढक	
49	gOrAdiH	गौरादिः	4.1.41	39	Ananda	आनन्द	
49	gOrAdiH	गौरादिः	4.1.41	40	ASvatTa	आश्वत्थ	
49	gOrAdiH	गौरादिः	4.1.41	41	sfpAwa	सृपाट	
49	gOrAdiH	गौरादिः	4.1.41	42	AKaka	आखक	
49	gOrAdiH	गौरादिः	4.1.41	43	Apaccika	आपच्चिक	
49	gOrAdiH	गौरादिः	4.1.41	44	Sazkula	शष्कुल	
49	gOrAdiH	गौरादिः	4.1.41	45	sUrya	सूर्य	
49	gOrAdiH	गौरादिः	4.1.41	46	sUrma	सूर्म	
49	gOrAdiH	गौरादिः	4.1.41	47	SUrpa	शूर्प	
49	gOrAdiH	गौरादिः	4.1.41	48	sUpa	सूप	
49	gOrAdiH	गौरादिः	4.1.41	49	vfsa	वृस	
49	gOrAdiH	गौरादिः	4.1.41	50	atasa	अतस	
49	gOrAdiH	गौरादिः	4.1.41	51	Ba	भ	
49	gOrAdiH	गौरादिः	4.1.41	52	BfNga	भृङ्ग	
49	gOrAdiH	गौरादिः	4.1.41	53	maha	मह	
49	gOrAdiH	गौरादिः	4.1.41	54	maWa	मठ	
49	gOrAdiH	गौरादिः	4.1.41	55	Ceda	छेद	
49	gOrAdiH	गौरादिः	4.1.41	56	peSa	पेश	
49	gOrAdiH	गौरादिः	4.1.41	57	meda	मेद	
49	gOrAdiH	गौरादिः	4.1.41	58	Svan	श्वन्	
49	gOrAdiH	गौरादिः	4.1.41	59	takzan	तक्षन्	
49	gOrAdiH	गौरादिः	4.1.41	60	anaquhI	अनडुही	
49	gOrAdiH	गौरादिः	4.1.41	61	anaqvAhI	अनड्वाही	
49	gOrAdiH	गौरादिः	4.1.41	62	deha	देह	
49	gOrAdiH	गौरादिः	4.1.41	63	dehala	देहल	
49	gOrAdiH	गौरादिः	4.1.41	64	kAkAdana	काकादन	
49	gOrAdiH	गौरादिः	4.1.41	65	gavAdana	गवादन	
49	gOrAdiH	गौरादिः	4.1.41	66	tejana	तेजन	
49	gOrAdiH	गौरादिः	4.1.41	67	rajana	रजन	
49	gOrAdiH	गौरादिः	4.1.41	68	lavaRa	लवण	
49	gOrAdiH	गौरादिः	4.1.41	69	OdgAhamAni	औद्गाहमानि	
49	gOrAdiH	गौरादिः	4.1.41	70	AdgAhamAni	आद्गाहमानि	
49	gOrAdiH	गौरादिः	4.1.41	71	gOtama	गौतम	
49	gOrAdiH	गौरादिः	4.1.41	72	gotama	गोतम	
49	gOrAdiH	गौरादिः	4.1.41	73	pAraka	पारक	
49	gOrAdiH	गौरादिः	4.1.41	74	AyasTURa	आयस्थूण	
49	gOrAdiH	गौरादिः	4.1.41	75	ayaHsTURa	अयःस्थूण	
49	gOrAdiH	गौरादिः	4.1.41	76	BOrika	भौरिक	
49	gOrAdiH	गौरादिः	4.1.41	77	BOliki	भौलिकि	
49	gOrAdiH	गौरादिः	4.1.41	78	BOliNgi	भौलिङ्गि	
49	gOrAdiH	गौरादिः	4.1.41	79	yAna	यान	
49	gOrAdiH	गौरादिः	4.1.41	80	meGa	मेघ	
49	gOrAdiH	गौरादिः	4.1.41	81	Alambi	आलम्बि	
49	gOrAdiH	गौरादिः	4.1.41	82	Alaji	आलजि	
49	gOrAdiH	गौरादिः	4.1.41	83	AlabDi	आलब्धि	
49	gOrAdiH	गौरादिः	4.1.41	84	Alakzi	आलक्षि	
49	gOrAdiH	गौरादिः	4.1.41	85	kevAla	केवाल	
49	gOrAdiH	गौरादिः	4.1.41	86	Apaka	आपक	
49	gOrAdiH	गौरादिः	4.1.41	87	Arawa	आरट	
49	gOrAdiH	गौरादिः	4.1.41	88	nawa	नट	
49	gOrAdiH	गौरादिः	4.1.41	89	wowa	टोट	
49	gOrAdiH	गौरादिः	4.1.41	90	nowa	नोट	
49	gOrAdiH	गौरादिः	4.1.41	91	mUlAwa	मूलाट	
49	gOrAdiH	गौरादिः	4.1.41	92	SAtana	शातन	
49	gOrAdiH	गौरादिः	4.1.41	93	potana	पोतन	
49	gOrAdiH	गौरादिः	4.1.41	94	pAtana	पातन	
49	gOrAdiH	गौरादिः	4.1.41	95	pAWana	पाठन	
49	gOrAdiH	गौरादिः	4.1.41	96	pAnaWa	पानठ	
49	gOrAdiH	गौरादिः	4.1.41	97	AstaraRa	आस्तरण	
49	gOrAdiH	गौरादिः	4.1.41	98	aDikaraRa	अधिकरण	
49	gOrAdiH	गौरादिः	4.1.41	99	aDikAra	अधिकार	
49	gOrAdiH	गौरादिः	4.1.41	100	AgrahAyaRI	आग्रहायणी	
49	gOrAdiH	गौरादिः	4.1.41	101	AgrahAyaRI	आग्रहायणी	
49	gOrAdiH	गौरादिः	4.1.41	102	pratyavarohiRI	प्रत्यवरोहिणी	
49	gOrAdiH	गौरादिः	4.1.41	103	secana	सेचन	
49	gOrAdiH	गौरादिः	4.1.41	104	aRqara	अण्डर	
49	gOrAdiH	गौरादिः	4.1.41	105	sundara	सुन्दर	
49	gOrAdiH	गौरादिः	4.1.41	106	maRqala	मण्डल	
49	gOrAdiH	गौरादिः	4.1.41	107	manTara	मन्थर	
49	gOrAdiH	गौरादिः	4.1.41	108	maNgala	मङ्गल	
49	gOrAdiH	गौरादिः	4.1.41	109	pawa	पट	
49	gOrAdiH	गौरादिः	4.1.41	110	piRwa	पिण्ट	
49	gOrAdiH	गौरादिः	4.1.41	111	zaRqa	षण्ड	
49	gOrAdiH	गौरादिः	4.1.41	112	urda	उर्द	
49	gOrAdiH	गौरादिः	4.1.41	113	garda	गर्द	
49	gOrAdiH	गौरादिः	4.1.41	114	Sama	शम	
49	gOrAdiH	गौरादिः	4.1.41	115	sUd	सूद्	
49	gOrAdiH	गौरादिः	4.1.41	116	Oqa	औड	
49	gOrAdiH	गौरादिः	4.1.41	117	Ardra	आर्द्र	
49	gOrAdiH	गौरादिः	4.1.41	118	hfda	हृद	
49	gOrAdiH	गौरादिः	4.1.41	119	hrada	ह्रद	
49	gOrAdiH	गौरादिः	4.1.41	120	pARqa	पाण्ड	
49	gOrAdiH	गौरादिः	4.1.41	121	BARqala	भाण्डल	
49	gOrAdiH	गौरादिः	4.1.41	122	BARqa	भाण्ड	
49	gOrAdiH	गौरादिः	4.1.41	123	lohARqa	लोहाण्ड	
49	gOrAdiH	गौरादिः	4.1.41	124	kadara	कदर	
49	gOrAdiH	गौरादिः	4.1.41	125	kandara	कन्दर	
49	gOrAdiH	गौरादिः	4.1.41	126	kadala	कदल	
49	gOrAdiH	गौरादिः	4.1.41	127	taruRa	तरुण	
49	gOrAdiH	गौरादिः	4.1.41	128	taluna	तलुन	
49	gOrAdiH	गौरादिः	4.1.41	129	kalmAza	कल्माष	
49	gOrAdiH	गौरादिः	4.1.41	130	bfhat	बृहत्	
49	gOrAdiH	गौरादिः	4.1.41	131	mahat	महत्	
49	gOrAdiH	गौरादिः	4.1.41	132	soma	सोम	
49	gOrAdiH	गौरादिः	4.1.41	133	sODarma	सौधर्म	
49	gOrAdiH	गौरादिः	4.1.41	134	vikala	विकल	
49	gOrAdiH	गौरादिः	4.1.41	135	nizPala	निष्फल	
49	gOrAdiH	गौरादिः	4.1.41	136	puzkala	पुष्कल	
49	gOrAdiH	गौरादिः	4.1.41	137	pippalI	पिप्पली	
49	gOrAdiH	गौरादिः	4.1.41	138	haritakI	हरितकी	
49	gOrAdiH	गौरादिः	4.1.41	139	harItakI	हरीतकी	
49	gOrAdiH	गौरादिः	4.1.41	140	koSAtakI	कोशातकी	
49	gOrAdiH	गौरादिः	4.1.41	141	SamI	शमी	
49	gOrAdiH	गौरादिः	4.1.41	142	varI	वरी	
49	gOrAdiH	गौरादिः	4.1.41	143	SarI	शरी	
49	gOrAdiH	गौरादिः	4.1.41	144	pfTivI	पृथिवी	
49	gOrAdiH	गौरादिः	4.1.41	145	krozwu	क्रोष्टु	
49	gOrAdiH	गौरादिः	4.1.41	146	mAtAmaha	मातामह	
49	gOrAdiH	गौरादिः	4.1.41	147	pitAmaha 	पितामह ॥	
50	bahvAdiH	बह्वादिः	4.1.45	1	bahu	बहु	
50	bahvAdiH	बह्वादिः	4.1.45	2	padDati	पद्धति	
50	bahvAdiH	बह्वादिः	4.1.45	3	aYcati	अञ्चति	
50	bahvAdiH	बह्वादिः	4.1.45	4	aNkati	अङ्कति	
50	bahvAdiH	बह्वादिः	4.1.45	5	aMhata	अंहत	
50	bahvAdiH	बह्वादिः	4.1.45	6	Sakawi	शकटि	
50	bahvAdiH	बह्वादिः	4.1.45	7	Sakati	शकति	
50	bahvAdiH	बह्वादिः	4.1.45	8	SaktiH	शक्तिः	
50	bahvAdiH	बह्वादिः	4.1.45	9	Sastre	शस्त्रे	
50	bahvAdiH	बह्वादिः	4.1.45	10	SAri	शारि	
50	bahvAdiH	बह्वादिः	4.1.45	11	vAri	वारि	
50	bahvAdiH	बह्वादिः	4.1.45	12	rAti	राति	
50	bahvAdiH	बह्वादिः	4.1.45	13	rADi	राधि	
50	bahvAdiH	बह्वादिः	4.1.45	14	SADi	शाधि	
50	bahvAdiH	बह्वादिः	4.1.45	15	ahi	अहि	
50	bahvAdiH	बह्वादिः	4.1.45	16	kapi	कपि	
50	bahvAdiH	बह्वादिः	4.1.45	17	yazwi	यष्टि	
50	bahvAdiH	बह्वादिः	4.1.45	18	muni	मुनि	
50	bahvAdiH	बह्वादिः	4.1.45	19	caRqa	चण्ड	
50	bahvAdiH	बह्वादिः	4.1.45	20	arAla	अराल	
50	bahvAdiH	बह्वादिः	4.1.45	21	kfpARa	कृपाण	
50	bahvAdiH	बह्वादिः	4.1.45	22	kamala	कमल	
50	bahvAdiH	बह्वादिः	4.1.45	23	vikawa	विकट	
50	bahvAdiH	बह्वादिः	4.1.45	24	viSAla	विशाल	
50	bahvAdiH	बह्वादिः	4.1.45	25	viSaNkawa	विशङ्कट	
50	bahvAdiH	बह्वादिः	4.1.45	26	Baruja	भरुज	
50	bahvAdiH	बह्वादिः	4.1.45	27	Dvaja	ध्वज	
50	bahvAdiH	बह्वादिः	4.1.45	28	candraBAgAnadyAm	चन्द्रभागानद्याम्	
50	bahvAdiH	बह्वादिः	4.1.45	29	candraBAgA nadyAm	चन्द्रभागा नद्याम्	
50	bahvAdiH	बह्वादिः	4.1.45	30	kalyARa	कल्याण	
50	bahvAdiH	बह्वादिः	4.1.45	31	udAra	उदार	
50	bahvAdiH	बह्वादिः	4.1.45	32	purARa	पुराण	
50	bahvAdiH	बह्वादिः	4.1.45	33	ahan	अहन्	
50	bahvAdiH	बह्वादिः	4.1.45	34	koqa	कोड	
50	bahvAdiH	बह्वादिः	4.1.45	35	naKa	नख	
50	bahvAdiH	बह्वादिः	4.1.45	36	SiKA	शिखा	
50	bahvAdiH	बह्वादिः	4.1.45	37	bAla	बाल	
50	bahvAdiH	बह्वादिः	4.1.45	38	SaPa	शफ	
50	bahvAdiH	बह्वादिः	4.1.45	39	guda	गुद	
50	bahvAdiH	बह्वादिः	4.1.45	40	Baga	भग	
50	bahvAdiH	बह्वादिः	4.1.45	41	gala	गल	
50	bahvAdiH	बह्वादिः	4.1.45	42	rAga 	राग ॥	
51	kroqAdiH	क्रोडादिः	4.1.56	1	kroqA	क्रोडा	
51	kroqAdiH	क्रोडादिः	4.1.56	2	KurA	खुरा	
51	kroqAdiH	क्रोडादिः	4.1.56	3	UKA	ऊखा	
51	kroqAdiH	क्रोडादिः	4.1.56	4	bAlA	बाला	
51	kroqAdiH	क्रोडादिः	4.1.56	5	SaPA	शफा	
51	kroqAdiH	क्रोडादिः	4.1.56	6	gudA	गुदा	
51	kroqAdiH	क्रोडादिः	4.1.56	7	GoRA	घोणा	
51	kroqAdiH	क्रोडादिः	4.1.56	8	naKA	नखा	
51	kroqAdiH	क्रोडादिः	4.1.56	9	muKA	मुखा	
51	kroqAdiH	क्रोडादिः	4.1.56	10	suBagA	सुभगा	
51	kroqAdiH	क्रोडादिः	4.1.56	11	sugalA 	सुगला ॥	
52	SArNgaravAdiH	शार्ङ्गरवादिः	4.1.73	1	SArNgarava	शार्ङ्गरव	
52	SArNgaravAdiH	शार्ङ्गरवादिः	4.1.73	2	kApawava	कापटव	
52	SArNgaravAdiH	शार्ङ्गरवादिः	4.1.73	3	gOggulava	गौग्गुलव	
52	SArNgaravAdiH	शार्ङ्गरवादिः	4.1.73	4	brAhmaRa	ब्राह्मण	
52	SArNgaravAdiH	शार्ङ्गरवादिः	4.1.73	5	bEda	बैद	
52	SArNgaravAdiH	शार्ङ्गरवादिः	4.1.73	6	gOta	गौत	
52	SArNgaravAdiH	शार्ङ्गरवादिः	4.1.73	7	kAmaRqaleya	कामण्डलेय	
52	SArNgaravAdiH	शार्ङ्गरवादिः	4.1.73	8	brAhamakfteya	ब्राहमकृतेय	
52	SArNgaravAdiH	शार्ङ्गरवादिः	4.1.73	9	nice	निचे	
52	SArNgaravAdiH	शार्ङ्गरवादिः	4.1.73	10	AniDe	आनिधे	
52	SArNgaravAdiH	शार्ङ्गरवादिः	4.1.73	11	ASokeya	आशोकेय	
52	SArNgaravAdiH	शार्ङ्गरवादिः	4.1.73	12	vAtsyAyana	वात्स्यायन	
52	SArNgaravAdiH	शार्ङ्गरवादिः	4.1.73	13	mOYjAyana	मौञ्जायन	
52	SArNgaravAdiH	शार्ङ्गरवादिः	4.1.73	14	kEkasa	कैकस	
52	SArNgaravAdiH	शार्ङ्गरवादिः	4.1.73	15	kApya	काप्य	
52	SArNgaravAdiH	शार्ङ्गरवादिः	4.1.73	16	kAvya	काव्य	
52	SArNgaravAdiH	शार्ङ्गरवादिः	4.1.73	17	SEvya	शैव्य	
52	SArNgaravAdiH	शार्ङ्गरवादिः	4.1.73	18	ehi	एहि	
52	SArNgaravAdiH	शार्ङ्गरवादिः	4.1.73	19	paryehi	पर्येहि	
52	SArNgaravAdiH	शार्ङ्गरवादिः	4.1.73	20	ASmaraTya	आश्मरथ्य	
52	SArNgaravAdiH	शार्ङ्गरवादिः	4.1.73	21	OdapAna	औदपान	
52	SArNgaravAdiH	शार्ङ्गरवादिः	4.1.73	22	arAla	अराल	
52	SArNgaravAdiH	शार्ङ्गरवादिः	4.1.73	23	caRqAla	चण्डाल	
52	SArNgaravAdiH	शार्ङ्गरवादिः	4.1.73	24	vataRqa	वतण्ड	
52	SArNgaravAdiH	शार्ङ्गरवादिः	4.1.73	25		॥	
53	krOqyAdiH	क्रौड्यादिः	4.1.80	1	kOqi	कौडि	
53	krOqyAdiH	क्रौड्यादिः	4.1.80	2	lAqi	लाडि	
53	krOqyAdiH	क्रौड्यादिः	4.1.80	3	vyAqi	व्याडि	
53	krOqyAdiH	क्रौड्यादिः	4.1.80	4	ApiSali	आपिशलि	
53	krOqyAdiH	क्रौड्यादिः	4.1.80	5	Apakziti	आपक्षिति	
53	krOqyAdiH	क्रौड्यादिः	4.1.80	6	cOpayata	चौपयत	
53	krOqyAdiH	क्रौड्यादिः	4.1.80	7	cEwayata	चैटयत	
53	krOqyAdiH	क्रौड्यादिः	4.1.80	8	vEwayata	वैटयत	
53	krOqyAdiH	क्रौड्यादिः	4.1.80	9	sEkayata	सैकयत	
53	krOqyAdiH	क्रौड्यादिः	4.1.80	10	bElvayata	बैल्वयत	
53	krOqyAdiH	क्रौड्यादिः	4.1.80	11	sODAtaki	सौधातकि	
53	krOqyAdiH	क्रौड्यादिः	4.1.80	12	sUtayuvatyAm	सूतयुवत्याम्	
53	krOqyAdiH	क्रौड्यादिः	4.1.80	13	Boja	भोज	
53	krOqyAdiH	क्रौड्यादिः	4.1.80	14	kzatriye	क्षत्रिये	
53	krOqyAdiH	क्रौड्यादिः	4.1.80	15	yOtaki	यौतकि	
53	krOqyAdiH	क्रौड्यादिः	4.1.80	16	kOwi	कौटि	
53	krOqyAdiH	क्रौड्यादिः	4.1.80	17	BOriki	भौरिकि	
53	krOqyAdiH	क्रौड्यादिः	4.1.80	18	BOliki	भौलिकि	
53	krOqyAdiH	क्रौड्यादिः	4.1.80	19	lmala	ल्मल	
53	krOqyAdiH	क्रौड्यादिः	4.1.80	20	SAlAsTali	शालास्थलि	
53	krOqyAdiH	क्रौड्यादिः	4.1.80	21	kApizWali	कापिष्ठलि	
53	krOqyAdiH	क्रौड्यादिः	4.1.80	22	gOkakzya 	गौकक्ष्य ॥	
54	aSvapatyAdiH	अश्वपत्यादिः	4.1.84	1	aSvapati	अश्वपति	
54	aSvapatyAdiH	अश्वपत्यादिः	4.1.84	2	jYAnapati	ज्ञानपति	
54	aSvapatyAdiH	अश्वपत्यादिः	4.1.84	3	Satapati	शतपति	
54	aSvapatyAdiH	अश्वपत्यादिः	4.1.84	4	Danapati	धनपति	
54	aSvapatyAdiH	अश्वपत्यादिः	4.1.84	5	gaRapati	गणपति	
54	aSvapatyAdiH	अश्वपत्यादिः	4.1.84	6	sTAnapati	स्थानपति	
54	aSvapatyAdiH	अश्वपत्यादिः	4.1.84	7	yajYapata	यज्ञपत	
54	aSvapatyAdiH	अश्वपत्यादिः	4.1.84	8	rAzwrapati	राष्ट्रपति	
54	aSvapatyAdiH	अश्वपत्यादिः	4.1.84	9	kulapati	कुलपति	
54	aSvapatyAdiH	अश्वपत्यादिः	4.1.84	10	gfhapati	गृहपति	
54	aSvapatyAdiH	अश्वपत्यादिः	4.1.84	11	Supata	शुपत	
54	aSvapatyAdiH	अश्वपत्यादिः	4.1.84	12	DAnyapati	धान्यपति	
54	aSvapatyAdiH	अश्वपत्यादिः	4.1.84	13	Danvapati	धन्वपति	
54	aSvapatyAdiH	अश्वपत्यादिः	4.1.84	14	nDupati	न्धुपति	
54	aSvapatyAdiH	अश्वपत्यादिः	4.1.84	15	Darmapata	धर्मपत	
54	aSvapatyAdiH	अश्वपत्यादिः	4.1.84	16	saBApati	सभापति	
54	aSvapatyAdiH	अश्वपत्यादिः	4.1.84	17	prARapati	प्राणपति	
54	aSvapatyAdiH	अश्वपत्यादिः	4.1.84	18	kzetrapati 	क्षेत्रपति ॥	
55	utsAdiH	उत्सादिः	4.1.86	1	utsa	उत्स	
55	utsAdiH	उत्सादिः	4.1.86	2	udapAna	उदपान	
55	utsAdiH	उत्सादिः	4.1.86	3	vikara	विकर	
55	utsAdiH	उत्सादिः	4.1.86	4	vinada	विनद	
55	utsAdiH	उत्सादिः	4.1.86	5	mahAnada	महानद	
55	utsAdiH	उत्सादिः	4.1.86	6	mahAnasa	महानस	
55	utsAdiH	उत्सादिः	4.1.86	7	mahAprARa	महाप्राण	
55	utsAdiH	उत्सादिः	4.1.86	8	taruRa	तरुण	
55	utsAdiH	उत्सादिः	4.1.86	9	taluna	तलुन	
55	utsAdiH	उत्सादिः	4.1.86	10	pfTivI	पृथिवी	
55	utsAdiH	उत्सादिः	4.1.86	11	Denu	धेनु	
55	utsAdiH	उत्सादिः	4.1.86	12	paNkti	पङ्क्ति	
55	utsAdiH	उत्सादिः	4.1.86	13	jagatI	जगती	
55	utsAdiH	उत्सादिः	4.1.86	14	trizwup	त्रिष्टुप्	
55	utsAdiH	उत्सादिः	4.1.86	15	anuzwup	अनुष्टुप्	
55	utsAdiH	उत्सादिः	4.1.86	16	janapada	जनपद	
55	utsAdiH	उत्सादिः	4.1.86	17	Barata	भरत	
55	utsAdiH	उत्सादिः	4.1.86	18	uSInara	उशीनर	
55	utsAdiH	उत्सादिः	4.1.86	19	grIzma	ग्रीष्म	
55	utsAdiH	उत्सादिः	4.1.86	20	pIlukuRa	पीलुकुण	
55	utsAdiH	उत्सादिः	4.1.86	21	pfzadaMSa	पृषदंश	
55	utsAdiH	उत्सादिः	4.1.86	22	BallakIya	भल्लकीय	
55	utsAdiH	उत्सादिः	4.1.86	23	raTaMtara	रथंतर	
55	utsAdiH	उत्सादिः	4.1.86	24	maDyaMdina	मध्यंदिन	
55	utsAdiH	उत्सादिः	4.1.86	25	bfhat	बृहत्	
55	utsAdiH	उत्सादिः	4.1.86	26	mahat	महत्	
55	utsAdiH	उत्सादिः	4.1.86	27	sattvat	सत्त्वत्	
55	utsAdiH	उत्सादिः	4.1.86	28	kuru	कुरु	
55	utsAdiH	उत्सादिः	4.1.86	29	paYcAla	पञ्चाल	
55	utsAdiH	उत्सादिः	4.1.86	30	indrAvasAna	इन्द्रावसान	
55	utsAdiH	उत्सादिः	4.1.86	31	uzRih	उष्णिह्	
55	utsAdiH	उत्सादिः	4.1.86	32	kakuB	ककुभ्	
55	utsAdiH	उत्सादिः	4.1.86	33	suvarRa	सुवर्ण	
55	utsAdiH	उत्सादिः	4.1.86	34	deva	देव	
55	utsAdiH	उत्सादिः	4.1.86	35		॥	
56	bAhvAdiH	बाह्वादिः	4.1.96	1	bAhu	बाहु	
56	bAhvAdiH	बाह्वादिः	4.1.96	2	upabAhu	उपबाहु	
56	bAhvAdiH	बाह्वादिः	4.1.96	3	upavAku	उपवाकु	
56	bAhvAdiH	बाह्वादिः	4.1.96	4	nivAku	निवाकु	
56	bAhvAdiH	बाह्वादिः	4.1.96	5	SivAku	शिवाकु	
56	bAhvAdiH	बाह्वादिः	4.1.96	6	vawAku	वटाकु	
56	bAhvAdiH	बाह्वादिः	4.1.96	7	upanindu	उपनिन्दु	
56	bAhvAdiH	बाह्वादिः	4.1.96	8	pabinda	पबिन्द	
56	bAhvAdiH	बाह्वादिः	4.1.96	9	vfzalI	वृषली	
56	bAhvAdiH	बाह्वादिः	4.1.96	10	vfkalA	वृकला	
56	bAhvAdiH	बाह्वादिः	4.1.96	11	cUqA	चूडा	
56	bAhvAdiH	बाह्वादिः	4.1.96	12	balAkA	बलाका	
56	bAhvAdiH	बाह्वादिः	4.1.96	13	mUzikA	मूषिका	
56	bAhvAdiH	बाह्वादिः	4.1.96	14	kuSalA	कुशला	
56	bAhvAdiH	बाह्वादिः	4.1.96	15	BagalA	भगला	
56	bAhvAdiH	बाह्वादिः	4.1.96	16	CagalA	छगला	
56	bAhvAdiH	बाह्वादिः	4.1.96	17	GruvakA	घ्रुवका	
56	bAhvAdiH	बाह्वादिः	4.1.96	18	DuvakA	धुवका	
56	bAhvAdiH	बाह्वादिः	4.1.96	19	sumitrA	सुमित्रा	
56	bAhvAdiH	बाह्वादिः	4.1.96	20	durmitrA	दुर्मित्रा	
56	bAhvAdiH	बाह्वादिः	4.1.96	21	puzkarasad	पुष्करसद्	
56	bAhvAdiH	बाह्वादिः	4.1.96	22	anuharat	अनुहरत्	
56	bAhvAdiH	बाह्वादिः	4.1.96	23	devaSarman	देवशर्मन्	
56	bAhvAdiH	बाह्वादिः	4.1.96	24	agniSarman	अग्निशर्मन्	
56	bAhvAdiH	बाह्वादिः	4.1.96	25	draSarmana	द्रशर्मन	
56	bAhvAdiH	बाह्वादिः	4.1.96	26	suSarman	सुशर्मन्	
56	bAhvAdiH	बाह्वादिः	4.1.96	27	kunAman	कुनामन्	
56	bAhvAdiH	बाह्वादिः	4.1.96	28	sunAman	सुनामन्	
56	bAhvAdiH	बाह्वादिः	4.1.96	29	paYcan	पञ्चन्	
56	bAhvAdiH	बाह्वादिः	4.1.96	30	saptan	सप्तन्	
56	bAhvAdiH	बाह्वादिः	4.1.96	31	azwan	अष्टन्	
56	bAhvAdiH	बाह्वादिः	4.1.96	32	suDAvat	सुधावत्	
56	bAhvAdiH	बाह्वादिः	4.1.96	33	udaYcu	उदञ्चु	
56	bAhvAdiH	बाह्वादिः	4.1.96	34	Siras	शिरस्	
56	bAhvAdiH	बाह्वादिः	4.1.96	35	mAza	माष	
56	bAhvAdiH	बाह्वादिः	4.1.96	36	SarAvin	शराविन्	
56	bAhvAdiH	बाह्वादिः	4.1.96	37	marIci	मरीचि	
56	bAhvAdiH	बाह्वादिः	4.1.96	38	kzemavfdDin	क्षेमवृद्धिन्	
56	bAhvAdiH	बाह्वादिः	4.1.96	39	SfNKalatodin	शृङ्खलतोदिन्	
56	bAhvAdiH	बाह्वादिः	4.1.96	40	KaranAdin	खरनादिन्	
56	bAhvAdiH	बाह्वादिः	4.1.96	41	nagaramardin	नगरमर्दिन्	
56	bAhvAdiH	बाह्वादिः	4.1.96	42	prAkAramardin	प्राकारमर्दिन्	
56	bAhvAdiH	बाह्वादिः	4.1.96	43	loman	लोमन्	
56	bAhvAdiH	बाह्वादिः	4.1.96	44	ajIgarta	अजीगर्त	
56	bAhvAdiH	बाह्वादिः	4.1.96	45	kfzRa	कृष्ण	
56	bAhvAdiH	बाह्वादिः	4.1.96	46	yuDizWira	युधिष्ठिर	
56	bAhvAdiH	बाह्वादिः	4.1.96	47	arjuna	अर्जुन	
56	bAhvAdiH	बाह्वादिः	4.1.96	48	sAmba	साम्ब	
56	bAhvAdiH	बाह्वादिः	4.1.96	49	gada	गद	
56	bAhvAdiH	बाह्वादिः	4.1.96	50	pradyumna	प्रद्युम्न	
56	bAhvAdiH	बाह्वादिः	4.1.96	51	rAma	राम	
56	bAhvAdiH	बाह्वादिः	4.1.96	52	udaNka	उदङ्क	
56	bAhvAdiH	बाह्वादिः	4.1.96	53	sAttvakiH	सात्त्वकिः	
56	bAhvAdiH	बाह्वादिः	4.1.96	54	jANGiH	जाङ्घिः	
56	bAhvAdiH	बाह्वादिः	4.1.96	55	EndaSarmiH	ऐन्दशर्मिः	
56	bAhvAdiH	बाह्वादिः	4.1.96	56	AjaDenaviH 	आजधेनविः ॥	
57	kuYjAdiH	कुञ्जादिः	4.1.98	1	kuYja	कुञ्ज	
57	kuYjAdiH	कुञ्जादिः	4.1.98	2	braDna	ब्रध्न	
57	kuYjAdiH	कुञ्जादिः	4.1.98	3	SaNKa	शङ्ख	
57	kuYjAdiH	कुञ्जादिः	4.1.98	4	Basman	भस्मन्	
57	kuYjAdiH	कुञ्जादिः	4.1.98	5	gaRa	गण	
57	kuYjAdiH	कुञ्जादिः	4.1.98	6	lomana	लोमन	
57	kuYjAdiH	कुञ्जादिः	4.1.98	7	SaWa	शठ	
57	kuYjAdiH	कुञ्जादिः	4.1.98	8	SAka	शाक	
57	kuYjAdiH	कुञ्जादिः	4.1.98	9	SuRqA	शुण्डा	
57	kuYjAdiH	कुञ्जादिः	4.1.98	10	SuBa	शुभ	
57	kuYjAdiH	कुञ्जादिः	4.1.98	11	vipASa	विपाश	
57	kuYjAdiH	कुञ्जादिः	4.1.98	12	skanda	स्कन्द	
57	kuYjAdiH	कुञ्जादिः	4.1.98	13	skamBa 	स्कम्भ ॥	
58	naqAdiH	नडादिः	4.1.99	1	naqa	नड	
58	naqAdiH	नडादिः	4.1.99	2	cara	चर	
58	naqAdiH	नडादिः	4.1.99	3	vara	वर	
58	naqAdiH	नडादिः	4.1.99	4	baka	बक	
58	naqAdiH	नडादिः	4.1.99	5	muYja	मुञ्ज	
58	naqAdiH	नडादिः	4.1.99	6	itika	इतिक	
58	naqAdiH	नडादिः	4.1.99	7	itiSa	इतिश	
58	naqAdiH	नडादिः	4.1.99	8	upaka	उपक	
58	naqAdiH	नडादिः	4.1.99	9	eka	एक	
58	naqAdiH	नडादिः	4.1.99	10	lamaka	लमक	
58	naqAdiH	नडादिः	4.1.99	11	saptala	सप्तल	
58	naqAdiH	नडादिः	4.1.99	12	vAjapya	वाजप्य	
58	naqAdiH	नडादिः	4.1.99	13	tika	तिक	
58	naqAdiH	नडादिः	4.1.99	14	prARa	प्राण	
58	naqAdiH	नडादिः	4.1.99	15	nara	नर	
58	naqAdiH	नडादिः	4.1.99	16	sAyaka	सायक	
58	naqAdiH	नडादिः	4.1.99	17	dAsa	दास	
58	naqAdiH	नडादिः	4.1.99	18	mitra	मित्र	
58	naqAdiH	नडादिः	4.1.99	19	dvIpa	द्वीप	
58	naqAdiH	नडादिः	4.1.99	20	piNgara	पिङ्गर	
58	naqAdiH	नडादिः	4.1.99	21	piNgala	पिङ्गल	
58	naqAdiH	नडादिः	4.1.99	22	kiNkara	किङ्कर	
58	naqAdiH	नडादिः	4.1.99	23	kiNkala	किङ्कल	
58	naqAdiH	नडादिः	4.1.99	24	kAtara	कातर	
58	naqAdiH	नडादिः	4.1.99	25	kAtala	कातल	
58	naqAdiH	नडादिः	4.1.99	26	kASyapa	काश्यप	
58	naqAdiH	नडादिः	4.1.99	27	kuSyapa	कुश्यप	
58	naqAdiH	नडादिः	4.1.99	28	kASya	काश्य	
58	naqAdiH	नडादिः	4.1.99	29	kAlya	काल्य	
58	naqAdiH	नडादिः	4.1.99	30	kAvya	काव्य	
58	naqAdiH	नडादिः	4.1.99	31	aja	अज	
58	naqAdiH	नडादिः	4.1.99	32	amuzya	अमुष्य	
58	naqAdiH	नडादिः	4.1.99	33	amuzma	अमुष्म	
58	naqAdiH	नडादिः	4.1.99	34	amitra	अमित्र	
58	naqAdiH	नडादिः	4.1.99	35	ligu	लिगु	
58	naqAdiH	नडादिः	4.1.99	36	citra	चित्र	
58	naqAdiH	नडादिः	4.1.99	37	kumAra	कुमार	
58	naqAdiH	नडादिः	4.1.99	38	loha	लोह	
58	naqAdiH	नडादिः	4.1.99	39	durga	दुर्ग	
58	naqAdiH	नडादिः	4.1.99	40	stamBa	स्तम्भ	
58	naqAdiH	नडादिः	4.1.99	41	SiMSapA	शिंशपा	
58	naqAdiH	नडादिः	4.1.99	42	agra	अग्र	
58	naqAdiH	नडादिः	4.1.99	43	tfRa	तृण	
58	naqAdiH	नडादिः	4.1.99	44	Sakawa	शकट	
58	naqAdiH	नडादिः	4.1.99	45	sumanas	सुमनस्	
58	naqAdiH	नडादिः	4.1.99	46	sumata	सुमत	
58	naqAdiH	नडादिः	4.1.99	47	mimata	मिमत	
58	naqAdiH	नडादिः	4.1.99	48	fc	ऋच्	
58	naqAdiH	नडादिः	4.1.99	49	jalaMDara	जलंधर	
58	naqAdiH	नडादिः	4.1.99	50	aDvara	अध्वर	
58	naqAdiH	नडादिः	4.1.99	51	yugaMDara	युगंधर	
58	naqAdiH	नडादिः	4.1.99	52	haMsaka	हंसक	
58	naqAdiH	नडादिः	4.1.99	53	daRqin	दण्डिन्	
58	naqAdiH	नडादिः	4.1.99	54	hastin	हस्तिन्	
58	naqAdiH	नडादिः	4.1.99	55	R	िण्	
58	naqAdiH	नडादिः	4.1.99	56	paYcAla	पञ्चाल	
58	naqAdiH	नडादिः	4.1.99	57	camasin	चमसिन्	
58	naqAdiH	नडादिः	4.1.99	58	sukftya	सुकृत्य	
58	naqAdiH	नडादिः	4.1.99	59	sTiraka	स्थिरक	
58	naqAdiH	नडादिः	4.1.99	60	brAhmaRa	ब्राह्मण	
58	naqAdiH	नडादिः	4.1.99	61	cawaka	चटक	
58	naqAdiH	नडादिः	4.1.99	62	badara	बदर	
58	naqAdiH	नडादिः	4.1.99	63	aSvala	अश्वल	
58	naqAdiH	नडादिः	4.1.99	64	Karapa	खरप	
58	naqAdiH	नडादिः	4.1.99	65	laNka	लङ्क	
58	naqAdiH	नडादिः	4.1.99	66	inDa	इन्ध	
58	naqAdiH	नडादिः	4.1.99	67	astra	अस्त्र	
58	naqAdiH	नडादिः	4.1.99	68	kAmuka	कामुक	
58	naqAdiH	नडादिः	4.1.99	69	vrahmadatta	व्रह्मदत्त	
58	naqAdiH	नडादिः	4.1.99	70	udumbara	उदुम्बर	
58	naqAdiH	नडादिः	4.1.99	71	SoRa	शोण	
58	naqAdiH	नडादिः	4.1.99	72	aloha	अलोह	
58	naqAdiH	नडादिः	4.1.99	73	daRqapa 	दण्डप ॥	
59	bidAdiH	बिदादिः	4.1.104	1	bida	बिद	
59	bidAdiH	बिदादिः	4.1.104	2	urva	उर्व	
59	bidAdiH	बिदादिः	4.1.104	3	kaSyapa	कश्यप	
59	bidAdiH	बिदादिः	4.1.104	4	kuSika	कुशिक	
59	bidAdiH	बिदादिः	4.1.104	5	BaradvAja	भरद्वाज	
59	bidAdiH	बिदादिः	4.1.104	6	upamanyu	उपमन्यु	
59	bidAdiH	बिदादिः	4.1.104	7	kilAta	किलात	
59	bidAdiH	बिदादिः	4.1.104	8	kandarpa	कन्दर्प	
59	bidAdiH	बिदादिः	4.1.104	9	kidarBa	किदर्भ	
59	bidAdiH	बिदादिः	4.1.104	10	viSvAnara	विश्वानर	
59	bidAdiH	बिदादिः	4.1.104	11	fzizeRa	ऋषिषेण	
59	bidAdiH	बिदादिः	4.1.104	12	fzwizeRa	ऋष्टिषेण	
59	bidAdiH	बिदादिः	4.1.104	13	ftaBAga	ऋतभाग	
59	bidAdiH	बिदादिः	4.1.104	14	haryaSva	हर्यश्व	
59	bidAdiH	बिदादिः	4.1.104	15	priyaka	प्रियक	
59	bidAdiH	बिदादिः	4.1.104	16	Apastamba	आपस्तम्ब	
59	bidAdiH	बिदादिः	4.1.104	17	kUcavAra	कूचवार	
59	bidAdiH	बिदादिः	4.1.104	18	Saradvat	शरद्वत्	
59	bidAdiH	बिदादिः	4.1.104	19	Sunaka	शुनक	
59	bidAdiH	बिदादिः	4.1.104	20	Sunak	शुनक्	
59	bidAdiH	बिदादिः	4.1.104	21	Denu	धेनु	
59	bidAdiH	बिदादिः	4.1.104	22	gopavana	गोपवन	
59	bidAdiH	बिदादिः	4.1.104	23	Sigru	शिग्रु	
59	bidAdiH	बिदादिः	4.1.104	24	bindu	बिन्दु	
59	bidAdiH	बिदादिः	4.1.104	25	ga	ोग	
59	bidAdiH	बिदादिः	4.1.104	26	BAjana	भाजन	
59	bidAdiH	बिदादिः	4.1.104	27	Samika	शमिक	
59	bidAdiH	बिदादिः	4.1.104	28	aSvAvatAna	अश्वावतान	
59	bidAdiH	बिदादिः	4.1.104	29	SyAmAka	श्यामाक	
59	bidAdiH	बिदादिः	4.1.104	30	SyAmaka	श्यामक	
59	bidAdiH	बिदादिः	4.1.104	31	SyAvali	श्यावलि	
59	bidAdiH	बिदादिः	4.1.104	32	SyAparRa	श्यापर्ण	
59	bidAdiH	बिदादिः	4.1.104	33	harita	हरित	
59	bidAdiH	बिदादिः	4.1.104	34	kidAsa	किदास	
59	bidAdiH	बिदादिः	4.1.104	35	vahyaska	वह्यस्क	
59	bidAdiH	बिदादिः	4.1.104	36	arkalUza	अर्कलूष	
59	bidAdiH	बिदादिः	4.1.104	37	vaDyoga	वध्योग	
59	bidAdiH	बिदादिः	4.1.104	38	vizRuvfdDa	विष्णुवृद्ध	
59	bidAdiH	बिदादिः	4.1.104	39	pratiboDa	प्रतिबोध	
59	bidAdiH	बिदादिः	4.1.104	40	racita	रचित	
59	bidAdiH	बिदादिः	4.1.104	41	raTantara	रथन्तर	
59	bidAdiH	बिदादिः	4.1.104	42	gavizWira	गविष्ठिर	
59	bidAdiH	बिदादिः	4.1.104	43	nizAda	निषाद	
59	bidAdiH	बिदादिः	4.1.104	44	Sabra	शब्र	
59	bidAdiH	बिदादिः	4.1.104	45	alasa	अलस	
59	bidAdiH	बिदादिः	4.1.104	46	maWara	मठर	
59	bidAdiH	बिदादिः	4.1.104	47	mfqAku	मृडाकु	
59	bidAdiH	बिदादिः	4.1.104	48	sfpAku	सृपाकु	
59	bidAdiH	बिदादिः	4.1.104	49	mfda	मृद	
59	bidAdiH	बिदादिः	4.1.104	50	punarBU	पुनर्भू	
59	bidAdiH	बिदादिः	4.1.104	51	putra	पुत्र	
59	bidAdiH	बिदादिः	4.1.104	52	duhitf	दुहितृ	
59	bidAdiH	बिदादिः	4.1.104	53	nanAndf	ननान्दृ	
59	bidAdiH	बिदादिः	4.1.104	54		॥	
60	gargAdiH	गर्गादिः	4.1.105	1	garga	गर्ग	
60	gargAdiH	गर्गादिः	4.1.105	2	vatsa	वत्स	
60	gargAdiH	गर्गादिः	4.1.105	3	vAjAse	वाजासे	
60	gargAdiH	गर्गादिः	4.1.105	4	saMkfti	संकृति	
60	gargAdiH	गर्गादिः	4.1.105	5	aja	अज	
60	gargAdiH	गर्गादिः	4.1.105	6	vyAGrapAt	व्याघ्रपात्	
60	gargAdiH	गर्गादिः	4.1.105	7	vidaBft	विदभृत्	
60	gargAdiH	गर्गादिः	4.1.105	8	prAcInayoga	प्राचीनयोग	
60	gargAdiH	गर्गादिः	4.1.105	9	agasti	अगस्ति	
60	gargAdiH	गर्गादिः	4.1.105	10	pulasti	पुलस्ति	
60	gargAdiH	गर्गादिः	4.1.105	11	reBa	रेभ	
60	gargAdiH	गर्गादिः	4.1.105	12	agniveSa	अग्निवेश	
60	gargAdiH	गर्गादिः	4.1.105	13	SaNKa	शङ्ख	
60	gargAdiH	गर्गादिः	4.1.105	14	Sawa	शट	
60	gargAdiH	गर्गादिः	4.1.105	15	Saka	शक	
60	gargAdiH	गर्गादिः	4.1.105	16	eka	एक	
60	gargAdiH	गर्गादिः	4.1.105	17	GUma	घूम	
60	gargAdiH	गर्गादिः	4.1.105	18	avawa	अवट	
60	gargAdiH	गर्गादिः	4.1.105	19	manas	मनस्	
60	gargAdiH	गर्गादिः	4.1.105	20	DanaMjaya	धनंजय	
60	gargAdiH	गर्गादिः	4.1.105	21	viSvAvasu	विश्वावसु	
60	gargAdiH	गर्गादिः	4.1.105	22	jaramARa	जरमाण	
60	gargAdiH	गर्गादिः	4.1.105	23	lohita	लोहित	
60	gargAdiH	गर्गादिः	4.1.105	24	SaMsita	शंसित	
60	gargAdiH	गर्गादिः	4.1.105	25	baBru	बभ्रु	
60	gargAdiH	गर्गादिः	4.1.105	26	valgu	वल्गु	
60	gargAdiH	गर्गादिः	4.1.105	27	maRqu	मण्डु	
60	gargAdiH	गर्गादिः	4.1.105	28	SaNku	शङ्कु	
60	gargAdiH	गर्गादिः	4.1.105	29	ligu	लिगु	
60	gargAdiH	गर्गादिः	4.1.105	30	guhalu	गुहलु	
60	gargAdiH	गर्गादिः	4.1.105	31	mantu	मन्तु	
60	gargAdiH	गर्गादिः	4.1.105	32	maNkzu	मङ्क्षु	
60	gargAdiH	गर्गादिः	4.1.105	33	aligu	अलिगु	
60	gargAdiH	गर्गादिः	4.1.105	34	jigIzu	जिगीषु	
60	gargAdiH	गर्गादिः	4.1.105	35	manu	मनु	
60	gargAdiH	गर्गादिः	4.1.105	36	tantu	तन्तु	
60	gargAdiH	गर्गादिः	4.1.105	37	manAyIsUnu	मनायीसूनु	
60	gargAdiH	गर्गादिः	4.1.105	38	kaTaka	कथक	
60	gargAdiH	गर्गादिः	4.1.105	39	kanTaka	कन्थक	
60	gargAdiH	गर्गादिः	4.1.105	40	fkza	ऋक्ष	
60	gargAdiH	गर्गादिः	4.1.105	41	tfkza	तृक्ष	
60	gargAdiH	गर्गादिः	4.1.105	42	vfkza	वृक्ष	
60	gargAdiH	गर्गादिः	4.1.105	43	tanu	तनु	
60	gargAdiH	गर्गादिः	4.1.105	44	tarukza	तरुक्ष	
60	gargAdiH	गर्गादिः	4.1.105	45	talukza	तलुक्ष	
60	gargAdiH	गर्गादिः	4.1.105	46	taRqa	तण्ड	
60	gargAdiH	गर्गादिः	4.1.105	47	vataRqa	वतण्ड	
60	gargAdiH	गर्गादिः	4.1.105	48	kapikata	कपिकत	
60	gargAdiH	गर्गादिः	4.1.105	49	kapi	कपि	
60	gargAdiH	गर्गादिः	4.1.105	50	kata	कत	
60	gargAdiH	गर्गादिः	4.1.105	51	kurukata	कुरुकत	
60	gargAdiH	गर्गादिः	4.1.105	52	anaquh	अनडुह्	
60	gargAdiH	गर्गादिः	4.1.105	53	kaRva	कण्व	
60	gargAdiH	गर्गादिः	4.1.105	54	Sakala	शकल	
60	gargAdiH	गर्गादिः	4.1.105	55	gokakza	गोकक्ष	
60	gargAdiH	गर्गादिः	4.1.105	56	agastya	अगस्त्य	
60	gargAdiH	गर्गादिः	4.1.105	57	kaRqinI	कण्डिनी	
60	gargAdiH	गर्गादिः	4.1.105	58	yajYavalka	यज्ञवल्क	
60	gargAdiH	गर्गादिः	4.1.105	59	parRavalka	पर्णवल्क	
60	gargAdiH	गर्गादिः	4.1.105	60	aBayajAta	अभयजात	
60	gargAdiH	गर्गादिः	4.1.105	61	virohita	विरोहित	
60	gargAdiH	गर्गादिः	4.1.105	62	vfzagaRa	वृषगण	
60	gargAdiH	गर्गादिः	4.1.105	63	rahUgaRa	रहूगण	
60	gargAdiH	गर्गादिः	4.1.105	64	SaRqila	शण्डिल	
60	gargAdiH	गर्गादिः	4.1.105	65	varRaka	वर्णक	
60	gargAdiH	गर्गादिः	4.1.105	66	caRaka	चणक	
60	gargAdiH	गर्गादिः	4.1.105	67	culuka	चुलुक	
60	gargAdiH	गर्गादिः	4.1.105	68	mudgala	मुद्गल	
60	gargAdiH	गर्गादिः	4.1.105	69	musala	मुसल	
60	gargAdiH	गर्गादिः	4.1.105	70	jamadagni	जमदग्नि	
60	gargAdiH	गर्गादिः	4.1.105	71	parASara	पराशर	
60	gargAdiH	गर्गादिः	4.1.105	72	jatUkarRa	जतूकर्ण	
60	gargAdiH	गर्गादिः	4.1.105	73	jAtUkarRa	जातूकर्ण	
60	gargAdiH	गर्गादिः	4.1.105	74	mahita	महित	
60	gargAdiH	गर्गादिः	4.1.105	75	mantrita	मन्त्रित	
60	gargAdiH	गर्गादिः	4.1.105	76	aSmaraTa	अश्मरथ	
60	gargAdiH	गर्गादिः	4.1.105	77	SarkarAkza	शर्कराक्ष	
60	gargAdiH	गर्गादिः	4.1.105	78	pUtimAza	पूतिमाष	
60	gargAdiH	गर्गादिः	4.1.105	79	sTUrA	स्थूरा	
60	gargAdiH	गर्गादिः	4.1.105	80	adaraka	अदरक	
60	gargAdiH	गर्गादिः	4.1.105	81	araraka	अररक	
60	gargAdiH	गर्गादिः	4.1.105	82	elAka	एलाक	
60	gargAdiH	गर्गादिः	4.1.105	83	piNgala	पिङ्गल	
60	gargAdiH	गर्गादिः	4.1.105	84	kfzRa	कृष्ण	
60	gargAdiH	गर्गादिः	4.1.105	85	golanda	गोलन्द	
60	gargAdiH	गर्गादिः	4.1.105	86	ulUka	उलूक	
60	gargAdiH	गर्गादिः	4.1.105	87	titikza	तितिक्ष	
60	gargAdiH	गर्गादिः	4.1.105	88	Bizaja	भिषज	
60	gargAdiH	गर्गादिः	4.1.105	89	Bizaj	भिषज्	
60	gargAdiH	गर्गादिः	4.1.105	90	BizRaja	भिष्णज	
60	gargAdiH	गर्गादिः	4.1.105	91	Baqita	भडित	
60	gargAdiH	गर्गादिः	4.1.105	92	BaRqita	भण्डित	
60	gargAdiH	गर्गादिः	4.1.105	93	dalBa	दल्भ	
60	gargAdiH	गर्गादिः	4.1.105	94	cekita	चेकित	
60	gargAdiH	गर्गादिः	4.1.105	95	cikitsita	चिकित्सित	
60	gargAdiH	गर्गादिः	4.1.105	96	devahU	देवहू	
60	gargAdiH	गर्गादिः	4.1.105	97	indrahU	इन्द्रहू	
60	gargAdiH	गर्गादिः	4.1.105	98	ekalu	एकलु	
60	gargAdiH	गर्गादिः	4.1.105	99	pippalu	पिप्पलु	
60	gargAdiH	गर्गादिः	4.1.105	100	bfhadagni	बृहदग्नि	
60	gargAdiH	गर्गादिः	4.1.105	101	sulohina	सुलोहिन	
60	gargAdiH	गर्गादिः	4.1.105	102	sulABin	सुलाभिन्	
60	gargAdiH	गर्गादिः	4.1.105	103	ukTa	उक्थ	
60	gargAdiH	गर्गादिः	4.1.105	104	kuwIgu 	कुटीगु ॥	
61	aSvAdiH	अश्वादिः	4.1.110	1	aSva	अश्व	
61	aSvAdiH	अश्वादिः	4.1.110	2	aSman	अश्मन्	
61	aSvAdiH	अश्वादिः	4.1.110	3	SaNKa	शङ्ख	
61	aSvAdiH	अश्वादिः	4.1.110	4	SUdaka	शूदक	
61	aSvAdiH	अश्वादिः	4.1.110	5	vida	विद	
61	aSvAdiH	अश्वादिः	4.1.110	6	puwa	पुट	
61	aSvAdiH	अश्वादिः	4.1.110	7	rohiRa	रोहिण	
61	aSvAdiH	अश्वादिः	4.1.110	8	KarjUra	खर्जूर	
61	aSvAdiH	अश्वादिः	4.1.110	9	KajUra	खजूर	
61	aSvAdiH	अश्वादिः	4.1.110	10	YjAra	ञ्जार	
61	aSvAdiH	अश्वादिः	4.1.110	11	vas	वस्	
61	aSvAdiH	अश्वादिः	4.1.110	12	pijUra	पिजूर	
61	aSvAdiH	अश्वादिः	4.1.110	13	Baqila	भडिल	
61	aSvAdiH	अश्वादिः	4.1.110	14	BaRqila	भण्डिल	
61	aSvAdiH	अश्वादिः	4.1.110	15	Baqita	भडित	
61	aSvAdiH	अश्वादिः	4.1.110	16	BaRqita	भण्डित	
61	aSvAdiH	अश्वादिः	4.1.110	17	prakfta	प्रकृत	
61	aSvAdiH	अश्वादिः	4.1.110	18	rAmoda	रामोद	
61	aSvAdiH	अश्वादिः	4.1.110	19	kzAnta	क्षान्त	
61	aSvAdiH	अश्वादिः	4.1.110	20	kASa	काश	
61	aSvAdiH	अश्वादिः	4.1.110	21	tIkzRa	तीक्ष्ण	
61	aSvAdiH	अश्वादिः	4.1.110	22	golANka	गोलाङ्क	
61	aSvAdiH	अश्वादिः	4.1.110	23	arka	अर्क	
61	aSvAdiH	अश्वादिः	4.1.110	24	svara	स्वर	
61	aSvAdiH	अश्वादिः	4.1.110	25	sPuwa	स्फुट	
61	aSvAdiH	अश्वादिः	4.1.110	26	cakra	चक्र	
61	aSvAdiH	अश्वादिः	4.1.110	27	Sraviz	श्रविष्	
61	aSvAdiH	अश्वादिः	4.1.110	28	pavinda	पविन्द	
61	aSvAdiH	अश्वादिः	4.1.110	29	pavitra	पवित्र	
61	aSvAdiH	अश्वादिः	4.1.110	30	gomin	गोमिन्	
61	aSvAdiH	अश्वादिः	4.1.110	31	SyAma	श्याम	
61	aSvAdiH	अश्वादिः	4.1.110	32	DUma	धूम	
61	aSvAdiH	अश्वादिः	4.1.110	33	DUmra	धूम्र	
61	aSvAdiH	अश्वादिः	4.1.110	34	vAgmin	वाग्मिन्	
61	aSvAdiH	अश्वादिः	4.1.110	35	viSvAnara	विश्वानर	
61	aSvAdiH	अश्वादिः	4.1.110	36	kuwa	कुट	
61	aSvAdiH	अश्वादिः	4.1.110	37	Sapa	शप	
61	aSvAdiH	अश्वादिः	4.1.110	38	atreye	अत्रेये	
61	aSvAdiH	अश्वादिः	4.1.110	39	jana	जन	
61	aSvAdiH	अश्वादिः	4.1.110	40	jaqa	जड	
61	aSvAdiH	अश्वादिः	4.1.110	41	Kaqa	खड	
61	aSvAdiH	अश्वादिः	4.1.110	42	grIzma	ग्रीष्म	
61	aSvAdiH	अश्वादिः	4.1.110	43	arha	अर्ह	
61	aSvAdiH	अश्वादिः	4.1.110	44	kita	कित	
61	aSvAdiH	अश्वादिः	4.1.110	45	viMSapa	विंशप	
61	aSvAdiH	अश्वादिः	4.1.110	46	viSAla	विशाल	
61	aSvAdiH	अश्वादिः	4.1.110	47	giri	गिरि	
61	aSvAdiH	अश्वादिः	4.1.110	48	capala	चपल	
61	aSvAdiH	अश्वादिः	4.1.110	49	cupa	चुप	
61	aSvAdiH	अश्वादिः	4.1.110	50	dAsaka	दासक	
61	aSvAdiH	अश्वादिः	4.1.110	51	vElya	वैल्य	
61	aSvAdiH	अश्वादिः	4.1.110	52	bElva	बैल्व	
61	aSvAdiH	अश्वादिः	4.1.110	53	prAcya	प्राच्य	
61	aSvAdiH	अश्वादिः	4.1.110	54	Darmya	धर्म्य	
61	aSvAdiH	अश्वादिः	4.1.110	55	Anaquhya	आनडुह्य	
61	aSvAdiH	अश्वादिः	4.1.110	56	arjuna	अर्जुन	
61	aSvAdiH	अश्वादिः	4.1.110	57	prahfta	प्रहृत	
61	aSvAdiH	अश्वादिः	4.1.110	58	sumanas	सुमनस्	
61	aSvAdiH	अश्वादिः	4.1.110	59	durmanas	दुर्मनस्	
61	aSvAdiH	अश्वादिः	4.1.110	60	mana	मन	
61	aSvAdiH	अश्वादिः	4.1.110	61	manana	मनन	
61	aSvAdiH	अश्वादिः	4.1.110	62	prAnta	प्रान्त	
61	aSvAdiH	अश्वादिः	4.1.110	63	Dvana	ध्वन	
61	aSvAdiH	अश्वादिः	4.1.110	64	Atreya	आत्रेय	
61	aSvAdiH	अश्वादिः	4.1.110	65	BaradvAje	भरद्वाजे	
61	aSvAdiH	अश्वादिः	4.1.110	66	BaradvAja	भरद्वाज	
61	aSvAdiH	अश्वादिः	4.1.110	67	Atreye	आत्रेये	
61	aSvAdiH	अश्वादिः	4.1.110	68	itsa	इत्स	
61	aSvAdiH	अश्वादिः	4.1.110	69	Atava	आतव	
61	aSvAdiH	अश्वादिः	4.1.110	70	kitava	कितव	
61	aSvAdiH	अश्वादिः	4.1.110	71	vada	वद	
61	aSvAdiH	अश्वादिः	4.1.110	72	Danya	धन्य	
61	aSvAdiH	अश्वादिः	4.1.110	73	pAda	पाद	
61	aSvAdiH	अश्वादिः	4.1.110	74	Siva	शिव	
61	aSvAdiH	अश्वादिः	4.1.110	75	Kadira 	खदिर ॥	
62	SivAdiH	शिवादिः	4.1.112	1	Siva	शिव	
62	SivAdiH	शिवादिः	4.1.112	2	prozWa	प्रोष्ठ	
62	SivAdiH	शिवादिः	4.1.112	3	prozWika	प्रोष्ठिक	
62	SivAdiH	शिवादिः	4.1.112	4	caRqa	चण्ड	
62	SivAdiH	शिवादिः	4.1.112	5	jamBa	जम्भ	
62	SivAdiH	शिवादिः	4.1.112	6	BUri	भूरि	
62	SivAdiH	शिवादिः	4.1.112	7	daRqa	दण्ड	
62	SivAdiH	शिवादिः	4.1.112	8	kuWAra	कुठार	
62	SivAdiH	शिवादिः	4.1.112	9	kakuB	ककुभ्	
62	SivAdiH	शिवादिः	4.1.112	10	kakuBA	ककुभा	
62	SivAdiH	शिवादिः	4.1.112	11	anaBimlAna	अनभिम्लान	
62	SivAdiH	शिवादिः	4.1.112	12	kohita	कोहित	
62	SivAdiH	शिवादिः	4.1.112	13	suKa	सुख	
62	SivAdiH	शिवादिः	4.1.112	14	saMDi	संधि	
62	SivAdiH	शिवादिः	4.1.112	15	muni	मुनि	
62	SivAdiH	शिवादिः	4.1.112	16	kakutsTa	ककुत्स्थ	
62	SivAdiH	शिवादिः	4.1.112	17	kahoqa	कहोड	
62	SivAdiH	शिवादिः	4.1.112	18	kohaqa	कोहड	
62	SivAdiH	शिवादिः	4.1.112	19	kahUya	कहूय	
62	SivAdiH	शिवादिः	4.1.112	20	kahaya	कहय	
62	SivAdiH	शिवादिः	4.1.112	21	roda	रोद	
62	SivAdiH	शिवादिः	4.1.112	22	kapiYjala	कपिञ्जल	
62	SivAdiH	शिवादिः	4.1.112	23	kupiYjala	कुपिञ्जल	
62	SivAdiH	शिवादिः	4.1.112	24	KaYjana	खञ्जन	
62	SivAdiH	शिवादिः	4.1.112	25	vataRqa	वतण्ड	
62	SivAdiH	शिवादिः	4.1.112	26	tfRakarRa	तृणकर्ण	
62	SivAdiH	शिवादिः	4.1.112	27	kzIrahrada	क्षीरह्रद	
62	SivAdiH	शिवादिः	4.1.112	28	jalahrada	जलह्रद	
62	SivAdiH	शिवादिः	4.1.112	29	parila	परिल	
62	SivAdiH	शिवादिः	4.1.112	30	paTika	पथिक	
62	SivAdiH	शिवादिः	4.1.112	31	pizwa	पिष्ट	
62	SivAdiH	शिवादिः	4.1.112	32	hEhaya	हैहय	
62	SivAdiH	शिवादिः	4.1.112	33	rzika	ार्षिक	
62	SivAdiH	शिवादिः	4.1.112	34	gopikA	गोपिका	
62	SivAdiH	शिवादिः	4.1.112	35	kapilikA	कपिलिका	
62	SivAdiH	शिवादिः	4.1.112	36	jawilikA	जटिलिका	
62	SivAdiH	शिवादिः	4.1.112	37	aleKana	अलेखन	
62	SivAdiH	शिवादिः	4.1.112	38	viSravaRa	विश्रवण	
62	SivAdiH	शिवादिः	4.1.112	39	ravaRa	रवण	
62	SivAdiH	शिवादिः	4.1.112	40	vartanAkza	वर्तनाक्ष	
62	SivAdiH	शिवादिः	4.1.112	41	grIvAkza	ग्रीवाक्ष	
62	SivAdiH	शिवादिः	4.1.112	42	piwaka	पिटक	
62	SivAdiH	शिवादिः	4.1.112	43	viwapa	विटप	
62	SivAdiH	शिवादिः	4.1.112	44	piwAka	पिटाक	
62	SivAdiH	शिवादिः	4.1.112	45	tfkzAka	तृक्षाक	
62	SivAdiH	शिवादिः	4.1.112	46	naBaka	नभक	
62	SivAdiH	शिवादिः	4.1.112	47	UrRanABa	ऊर्णनाभ	
62	SivAdiH	शिवादिः	4.1.112	48	caratkAru	चरत्कारु	
62	SivAdiH	शिवादिः	4.1.112	49	pfTA	पृथा	
62	SivAdiH	शिवादिः	4.1.112	50	utkzepa	उत्क्षेप	
62	SivAdiH	शिवादिः	4.1.112	51	purohitikA	पुरोहितिका	
62	SivAdiH	शिवादिः	4.1.112	52	surohitikA	सुरोहितिका	
62	SivAdiH	शिवादिः	4.1.112	53	surohikA	सुरोहिका	
62	SivAdiH	शिवादिः	4.1.112	54	AryaSveta	आर्यश्वेत	
62	SivAdiH	शिवादिः	4.1.112	55	aryaSveta	अर्यश्वेत	
62	SivAdiH	शिवादिः	4.1.112	56	supizwa	सुपिष्ट	
62	SivAdiH	शिवादिः	4.1.112	57	masurakarRa	मसुरकर्ण	
62	SivAdiH	शिवादिः	4.1.112	58	mayUrakarRa	मयूरकर्ण	
62	SivAdiH	शिवादिः	4.1.112	59	rjUrakar	र्जूरकर्	
62	SivAdiH	शिवादिः	4.1.112	60	kadUraka	कदूरक	
62	SivAdiH	शिवादिः	4.1.112	61	takzan	तक्षन्	
62	SivAdiH	शिवादिः	4.1.112	62	fzwizeRa	ऋष्टिषेण	
62	SivAdiH	शिवादिः	4.1.112	63	gaNgA	गङ्गा	
62	SivAdiH	शिवादिः	4.1.112	64	vipASa	विपाश	
62	SivAdiH	शिवादिः	4.1.112	65	maska	मस्क	
62	SivAdiH	शिवादिः	4.1.112	66	lahya	लह्य	
62	SivAdiH	शिवादिः	4.1.112	67	druhya	द्रुह्य	
62	SivAdiH	शिवादिः	4.1.112	68	ayasTURa	अयस्थूण	
62	SivAdiH	शिवादिः	4.1.112	69	tfRakarRa	तृणकर्ण	
62	SivAdiH	शिवादिः	4.1.112	70	tfRa	तृण	
62	SivAdiH	शिवादिः	4.1.112	71	karRa	कर्ण	
62	SivAdiH	शिवादिः	4.1.112	72	parRa	पर्ण	
62	SivAdiH	शिवादिः	4.1.112	73	Balandana	भलन्दन	
62	SivAdiH	शिवादिः	4.1.112	74	virUpAkza	विरूपाक्ष	
62	SivAdiH	शिवादिः	4.1.112	75	BUmi	भूमि	
62	SivAdiH	शिवादिः	4.1.112	76	ilA	इला	
62	SivAdiH	शिवादिः	4.1.112	77	sapatnI	सपत्नी	
62	SivAdiH	शिवादिः	4.1.112	78		॥	
63	SuBrAdiH	शुभ्रादिः	4.1.123	1	SuBra	शुभ्र	
63	SuBrAdiH	शुभ्रादिः	4.1.123	2	vizwa	विष्ट	
63	SuBrAdiH	शुभ्रादिः	4.1.123	3	pura	पुर	
63	SuBrAdiH	शुभ्रादिः	4.1.123	4	vizwapura	विष्टपुर	
63	SuBrAdiH	शुभ्रादिः	4.1.123	5	brahmakfta	ब्रह्मकृत	
63	SuBrAdiH	शुभ्रादिः	4.1.123	6	SatadvAra	शतद्वार	
63	SuBrAdiH	शुभ्रादिः	4.1.123	7	SalATala	शलाथल	
63	SuBrAdiH	शुभ्रादिः	4.1.123	8	SalAkABrU	शलाकाभ्रू	
63	SuBrAdiH	शुभ्रादिः	4.1.123	9	leKABrU	लेखाभ्रू	
63	SuBrAdiH	शुभ्रादिः	4.1.123	10	leKAmra	लेखाम्र	
63	SuBrAdiH	शुभ्रादिः	4.1.123	11	vikasA	विकसा	
63	SuBrAdiH	शुभ्रादिः	4.1.123	12	vikAsa	विकास	
63	SuBrAdiH	शुभ्रादिः	4.1.123	13	rohiRI	रोहिणी	
63	SuBrAdiH	शुभ्रादिः	4.1.123	14	rukmiRI	रुक्मिणी	
63	SuBrAdiH	शुभ्रादिः	4.1.123	15	DarmiRI	धर्मिणी	
63	SuBrAdiH	शुभ्रादिः	4.1.123	16	diS	दिश्	
63	SuBrAdiH	शुभ्रादिः	4.1.123	17	SAlUka	शालूक	
63	SuBrAdiH	शुभ्रादिः	4.1.123	18	ajabasti	अजबस्ति	
63	SuBrAdiH	शुभ्रादिः	4.1.123	19	SakaMDi	शकंधि	
63	SuBrAdiH	शुभ्रादिः	4.1.123	20	vimAtf	विमातृ	
63	SuBrAdiH	शुभ्रादिः	4.1.123	21	viDavA	विधवा	
63	SuBrAdiH	शुभ्रादिः	4.1.123	22	Suka	शुक	
63	SuBrAdiH	शुभ्रादिः	4.1.123	23	viSa	विश	
63	SuBrAdiH	शुभ्रादिः	4.1.123	24	devatara	देवतर	
63	SuBrAdiH	शुभ्रादिः	4.1.123	25	Sakuni	शकुनि	
63	SuBrAdiH	शुभ्रादिः	4.1.123	26	Suka	शुक	
63	SuBrAdiH	शुभ्रादिः	4.1.123	27	amra	अम्र	
63	SuBrAdiH	शुभ्रादिः	4.1.123	28	jYAtala	ज्ञातल	
63	SuBrAdiH	शुभ्रादिः	4.1.123	29	Satala	शतल	
63	SuBrAdiH	शुभ्रादिः	4.1.123	30	banDakI	बन्धकी	
63	SuBrAdiH	शुभ्रादिः	4.1.123	31	sfkaRqu	सृकण्डु	
63	SuBrAdiH	शुभ्रादिः	4.1.123	32	visri	विस्रि	
63	SuBrAdiH	शुभ्रादिः	4.1.123	33	atiTi	अतिथि	
63	SuBrAdiH	शुभ्रादिः	4.1.123	34	godanta	गोदन्त	
63	SuBrAdiH	शुभ्रादिः	4.1.123	35	kuSAmba	कुशाम्ब	
63	SuBrAdiH	शुभ्रादिः	4.1.123	36	makuRqa	मकुण्ड	
63	SuBrAdiH	शुभ्रादिः	4.1.123	37	SAtAhara	शाताहर	
63	SuBrAdiH	शुभ्रादिः	4.1.123	38	pavazwurika	पवष्टुरिक	
63	SuBrAdiH	शुभ्रादिः	4.1.123	39	sunAman	सुनामन्	
63	SuBrAdiH	शुभ्रादिः	4.1.123	40	lakzmaRaSyAmayorvAsizWe	लक्ष्मणश्यामयोर्वासिष्ठे	
63	SuBrAdiH	शुभ्रादिः	4.1.123	41	goDA	गोधा	
63	SuBrAdiH	शुभ्रादिः	4.1.123	42	kfkalAsa	कृकलास	
63	SuBrAdiH	शुभ्रादिः	4.1.123	43	aRIva	अणीव	
63	SuBrAdiH	शुभ्रादिः	4.1.123	44	pravAhaRa	प्रवाहण	
63	SuBrAdiH	शुभ्रादिः	4.1.123	45	Barata	भरत	
63	SuBrAdiH	शुभ्रादिः	4.1.123	46	BArata	भारत	
63	SuBrAdiH	शुभ्रादिः	4.1.123	47	Barama	भरम	
63	SuBrAdiH	शुभ्रादिः	4.1.123	48	mukaRqa	मुकण्ड	
63	SuBrAdiH	शुभ्रादिः	4.1.123	49	karpUra	कर्पूर	
63	SuBrAdiH	शुभ्रादिः	4.1.123	50	itara	इतर	
63	SuBrAdiH	शुभ्रादिः	4.1.123	51	anyatara	अन्यतर	
63	SuBrAdiH	शुभ्रादिः	4.1.123	52	AliQa	आलिढ	
63	SuBrAdiH	शुभ्रादिः	4.1.123	53	sudanta	सुदन्त	
63	SuBrAdiH	शुभ्रादिः	4.1.123	54	sucakza	सुचक्ष	
63	SuBrAdiH	शुभ्रादिः	4.1.123	55	sucakzas	सुचक्षस्	
63	SuBrAdiH	शुभ्रादिः	4.1.123	56	sudAmana	सुदामन	
63	SuBrAdiH	शुभ्रादिः	4.1.123	57	kadru	कद्रु	
63	SuBrAdiH	शुभ्रादिः	4.1.123	58	tuda	तुद	
63	SuBrAdiH	शुभ्रादिः	4.1.123	59	akaSAya	अकशाय	
63	SuBrAdiH	शुभ्रादिः	4.1.123	60	kumArIkA	कुमारीका	
63	SuBrAdiH	शुभ्रादिः	4.1.123	61	kuWArikA	कुठारिका	
63	SuBrAdiH	शुभ्रादिः	4.1.123	62	kiSorikA	किशोरिका	
63	SuBrAdiH	शुभ्रादिः	4.1.123	63	ambikA	अम्बिका	
63	SuBrAdiH	शुभ्रादिः	4.1.123	64	jihmASin	जिह्माशिन्	
63	SuBrAdiH	शुभ्रादिः	4.1.123	65	pariDi	परिधि	
63	SuBrAdiH	शुभ्रादिः	4.1.123	66	vAyudatta	वायुदत्त	
63	SuBrAdiH	शुभ्रादिः	4.1.123	67	Sakala	शकल	
63	SuBrAdiH	शुभ्रादिः	4.1.123	68	SalAkA	शलाका	
63	SuBrAdiH	शुभ्रादिः	4.1.123	69	KaqUra	खडूर	
63	SuBrAdiH	शुभ्रादिः	4.1.123	70	kuberikA	कुबेरिका	
63	SuBrAdiH	शुभ्रादिः	4.1.123	71	aSokA	अशोका	
63	SuBrAdiH	शुभ्रादिः	4.1.123	72	ganDapiNgalA	गन्धपिङ्गला	
63	SuBrAdiH	शुभ्रादिः	4.1.123	73	KaqonmattA	खडोन्मत्ता	
63	SuBrAdiH	शुभ्रादिः	4.1.123	74	anudfzwin	अनुदृष्टिन्	
63	SuBrAdiH	शुभ्रादिः	4.1.123	75	anudfzwi	अनुदृष्टि	
63	SuBrAdiH	शुभ्रादिः	4.1.123	76	jaratin	जरतिन्	
63	SuBrAdiH	शुभ्रादिः	4.1.123	77	balIvardin	बलीवर्दिन्	
63	SuBrAdiH	शुभ्रादिः	4.1.123	78	vipra	विप्र	
63	SuBrAdiH	शुभ्रादिः	4.1.123	79	vIja	वीज	
63	SuBrAdiH	शुभ्रादिः	4.1.123	80	jIva	जीव	
63	SuBrAdiH	शुभ्रादिः	4.1.123	81	Svana	श्वन	
63	SuBrAdiH	शुभ्रादिः	4.1.123	82	aSman	अश्मन्	
63	SuBrAdiH	शुभ्रादिः	4.1.123	83	aSva	अश्व	
63	SuBrAdiH	शुभ्रादिः	4.1.123	84	ajira 	अजिर ॥	
64	kalyARyAdiH	कल्याण्यादिः	4.1.126	1	kalyARI	कल्याणी	
64	kalyARyAdiH	कल्याण्यादिः	4.1.126	2	suBagA	सुभगा	
64	kalyARyAdiH	कल्याण्यादिः	4.1.126	3	durBagA	दुर्भगा	
64	kalyARyAdiH	कल्याण्यादिः	4.1.126	4	banDakI	बन्धकी	
64	kalyARyAdiH	कल्याण्यादिः	4.1.126	5	anudfzwi	अनुदृष्टि	
64	kalyARyAdiH	कल्याण्यादिः	4.1.126	6	anusfzwi	अनुसृष्टि	
64	kalyARyAdiH	कल्याण्यादिः	4.1.126	7	jaratI	जरती	
64	kalyARyAdiH	कल्याण्यादिः	4.1.126	8	balIvardI	बलीवर्दी	
64	kalyARyAdiH	कल्याण्यादिः	4.1.126	9	jyezWA	ज्येष्ठा	
64	kalyARyAdiH	कल्याण्यादिः	4.1.126	10	kanizWA	कनिष्ठा	
64	kalyARyAdiH	कल्याण्यादिः	4.1.126	11	maDyamA	मध्यमा	
64	kalyARyAdiH	कल्याण्यादिः	4.1.126	12	parastrI 	परस्त्री ॥	
65	gfzwyAdiH	गृष्ट्यादिः	4.1.136	1	gfzwi	गृष्टि	
65	gfzwyAdiH	गृष्ट्यादिः	4.1.136	2	hfzwi	हृष्टि	
65	gfzwyAdiH	गृष्ट्यादिः	4.1.136	3	bali	बलि	
65	gfzwyAdiH	गृष्ट्यादिः	4.1.136	4	hali	हलि	
65	gfzwyAdiH	गृष्ट्यादिः	4.1.136	5	viSri	विश्रि	
65	gfzwyAdiH	गृष्ट्यादिः	4.1.136	6	kudri	कुद्रि	
65	gfzwyAdiH	गृष्ट्यादिः	4.1.136	7	ajabasti	अजबस्ति	
65	gfzwyAdiH	गृष्ट्यादिः	4.1.136	8	mitrayu 	मित्रयु ॥	
66	revatyAdiH	रेवत्यादिः	4.1.146	1	revatI	रेवती	
66	revatyAdiH	रेवत्यादिः	4.1.146	2	aSvapAlI	अश्वपाली	
66	revatyAdiH	रेवत्यादिः	4.1.146	3	maRipAlI	मणिपाली	
66	revatyAdiH	रेवत्यादिः	4.1.146	4	dvArapAlI	द्वारपाली	
66	revatyAdiH	रेवत्यादिः	4.1.146	5	vfkavaYcin	वृकवञ्चिन्	
66	revatyAdiH	रेवत्यादिः	4.1.146	6	vfkabanDu	वृकबन्धु	
66	revatyAdiH	रेवत्यादिः	4.1.146	7	vfkagrAha	वृकग्राह	
66	revatyAdiH	रेवत्यादिः	4.1.146	8	karRagrAha	कर्णग्राह	
66	revatyAdiH	रेवत्यादिः	4.1.146	9	daRqagrAha	दण्डग्राह	
66	revatyAdiH	रेवत्यादिः	4.1.146	10	kukkuwAkza	कुक्कुटाक्ष	
66	revatyAdiH	रेवत्यादिः	4.1.146	11	kakudAkza	ककुदाक्ष	
66	revatyAdiH	रेवत्यादिः	4.1.146	12	cAmaragrAha 	चामरग्राह ॥	
67	kurvAdiH	कुर्वादिः	4.1.151	1	kuru	कुरु	
67	kurvAdiH	कुर्वादिः	4.1.151	2	gargara	गर्गर	
67	kurvAdiH	कुर्वादिः	4.1.151	3	maNguza	मङ्गुष	
67	kurvAdiH	कुर्वादिः	4.1.151	4	ajamAra	अजमार	
67	kurvAdiH	कुर्वादिः	4.1.151	5	raTakAra	रथकार	
67	kurvAdiH	कुर्वादिः	4.1.151	6	vAvadUka	वावदूक	
67	kurvAdiH	कुर्वादिः	4.1.151	7	samrAjaH	सम्राजः	
67	kurvAdiH	कुर्वादिः	4.1.151	8	kzatriye	क्षत्रिये	
67	kurvAdiH	कुर्वादिः	4.1.151	9	kavi	कवि	
67	kurvAdiH	कुर्वादिः	4.1.151	10	mati	मति	
67	kurvAdiH	कुर्वादिः	4.1.151	11	vimati	विमति	
67	kurvAdiH	कुर्वादिः	4.1.151	12	kApiYjalAdi	कापिञ्जलादि	
67	kurvAdiH	कुर्वादिः	4.1.151	13	vAk	वाक्	
67	kurvAdiH	कुर्वादिः	4.1.151	14	vAmaraTa	वामरथ	
67	kurvAdiH	कुर्वादिः	4.1.151	15	pitfmat	पितृमत्	
67	kurvAdiH	कुर्वादिः	4.1.151	16	indrajAlA	इन्द्रजाला	
67	kurvAdiH	कुर्वादिः	4.1.151	17	eji	एजि	
67	kurvAdiH	कुर्वादिः	4.1.151	18	vAtaki	वातकि	
67	kurvAdiH	कुर्वादिः	4.1.151	19	dAmozRIzi	दामोष्णीषि	
67	kurvAdiH	कुर्वादिः	4.1.151	20	gaRakAri	गणकारि	
67	kurvAdiH	कुर्वादिः	4.1.151	21	kESori	कैशोरि	
67	kurvAdiH	कुर्वादिः	4.1.151	22	kuwa	कुट	
67	kurvAdiH	कुर्वादिः	4.1.151	23	SAlAkA	शालाका	
67	kurvAdiH	कुर्वादिः	4.1.151	24	SalAkA	शलाका	
67	kurvAdiH	कुर्वादिः	4.1.151	25	mura	मुर	
67	kurvAdiH	कुर्वादिः	4.1.151	26	pura	पुर	
67	kurvAdiH	कुर्वादिः	4.1.151	27	erakA	एरका	
67	kurvAdiH	कुर्वादिः	4.1.151	28	SuBra	शुभ्र	
67	kurvAdiH	कुर्वादिः	4.1.151	29	aBra	अभ्र	
67	kurvAdiH	कुर्वादिः	4.1.151	30	darBa	दर्भ	
67	kurvAdiH	कुर्वादिः	4.1.151	31	keSinI	केशिनी	
67	kurvAdiH	कुर्वादिः	4.1.151	32	SUrpaRAya	शूर्पणाय	
67	kurvAdiH	कुर्वादिः	4.1.151	33	SyAvanAya	श्यावनाय	
67	kurvAdiH	कुर्वादिः	4.1.151	34	SyAvaraTa	श्यावरथ	
67	kurvAdiH	कुर्वादिः	4.1.151	35	SyAvaputra	श्यावपुत्र	
67	kurvAdiH	कुर्वादिः	4.1.151	36	satyaNkAra	सत्यङ्कार	
67	kurvAdiH	कुर्वादिः	4.1.151	37	vaqaBIkAra	वडभीकार	
67	kurvAdiH	कुर्वादिः	4.1.151	38	paTikAra	पथिकार	
67	kurvAdiH	कुर्वादिः	4.1.151	39	mU	मू	
67	kurvAdiH	कुर्वादिः	4.1.151	40	SakanDu	शकन्धु	
67	kurvAdiH	कुर्वादिः	4.1.151	41	SaNku	शङ्कु	
67	kurvAdiH	कुर्वादिः	4.1.151	42	SAka	शाक	
67	kurvAdiH	कुर्वादिः	4.1.151	43	SAlin	शालिन्	
67	kurvAdiH	कुर्वादिः	4.1.151	44	kartf	कर्तृ	
67	kurvAdiH	कुर्वादिः	4.1.151	45	hartf	हर्तृ	
67	kurvAdiH	कुर्वादिः	4.1.151	46	ina	इन	
67	kurvAdiH	कुर्वादिः	4.1.151	47	piRqI	पिण्डी	
67	kurvAdiH	कुर्वादिः	4.1.151	48	takzan	तक्षन्	
67	kurvAdiH	कुर्वादिः	4.1.151	49		॥	
68	tikAdiH	तिकादिः	4.1.154	1	tika	तिक	
68	tikAdiH	तिकादिः	4.1.154	2	kitava	कितव	
68	tikAdiH	तिकादिः	4.1.154	3	saMjYA	संज्ञा	
68	tikAdiH	तिकादिः	4.1.154	4	bAlA	बाला	
68	tikAdiH	तिकादिः	4.1.154	5	SiKA	शिखा	
68	tikAdiH	तिकादिः	4.1.154	6	uras	उरस्	
68	tikAdiH	तिकादिः	4.1.154	7	SAWya	शाठ्य	
68	tikAdiH	तिकादिः	4.1.154	8	sEnDava	सैन्धव	
68	tikAdiH	तिकादिः	4.1.154	9	yamunda	यमुन्द	
68	tikAdiH	तिकादिः	4.1.154	10	rUpya	रूप्य	
68	tikAdiH	तिकादिः	4.1.154	11	grAmya	ग्राम्य	
68	tikAdiH	तिकादिः	4.1.154	12	nIla	नील	
68	tikAdiH	तिकादिः	4.1.154	13	amitra	अमित्र	
68	tikAdiH	तिकादिः	4.1.154	14	gokakzya	गोकक्ष्य	
68	tikAdiH	तिकादिः	4.1.154	15	gOkakzya	गौकक्ष्य	
68	tikAdiH	तिकादिः	4.1.154	16	kuru	कुरु	
68	tikAdiH	तिकादिः	4.1.154	17	devaraTa	देवरथ	
68	tikAdiH	तिकादिः	4.1.154	18	tEtila	तैतिल	
68	tikAdiH	तिकादिः	4.1.154	19	Orasa	औरस	
68	tikAdiH	तिकादिः	4.1.154	20	kOravya	कौरव्य	
68	tikAdiH	तिकादिः	4.1.154	21	BEriki	भैरिकि	
68	tikAdiH	तिकादिः	4.1.154	22	BOliki	भौलिकि	
68	tikAdiH	तिकादिः	4.1.154	23	cOpayata	चौपयत	
68	tikAdiH	तिकादिः	4.1.154	24	cEtayata	चैतयत	
68	tikAdiH	तिकादिः	4.1.154	25	cEwayata	चैटयत	
68	tikAdiH	तिकादिः	4.1.154	26	SEkayata	शैकयत	
68	tikAdiH	तिकादिः	4.1.154	27	kzEtayata	क्षैतयत	
68	tikAdiH	तिकादिः	4.1.154	28	vAjavata	वाजवत	
68	tikAdiH	तिकादिः	4.1.154	29	candramas	चन्द्रमस्	
68	tikAdiH	तिकादिः	4.1.154	30	SuBa	शुभ	
68	tikAdiH	तिकादिः	4.1.154	31	gaNgA	गङ्गा	
68	tikAdiH	तिकादिः	4.1.154	32	vareRya	वरेण्य	
68	tikAdiH	तिकादिः	4.1.154	33	supAman	सुपामन्	
68	tikAdiH	तिकादिः	4.1.154	34	ArabDa	आरब्ध	
68	tikAdiH	तिकादिः	4.1.154	35	vAhyaka	वाह्यक	
68	tikAdiH	तिकादिः	4.1.154	36	svalpaka	स्वल्पक	
68	tikAdiH	तिकादिः	4.1.154	37	vfza	वृष	
68	tikAdiH	तिकादिः	4.1.154	38	lomaka	लोमक	
68	tikAdiH	तिकादिः	4.1.154	39	udranya	उद्रन्य	
68	tikAdiH	तिकादिः	4.1.154	40	yajYa 	यज्ञ ॥	
69	vAkinAdiH	वाकिनादिः	4.1.158	1	vAkina	वाकिन	
69	vAkinAdiH	वाकिनादिः	4.1.158	2	gADera	गाधेर	
69	vAkinAdiH	वाकिनादिः	4.1.158	3	kArkaSa	कार्कश	
69	vAkinAdiH	वाकिनादिः	4.1.158	4	kAka	काक	
69	vAkinAdiH	वाकिनादिः	4.1.158	5	laMkA	लंका	
69	vAkinAdiH	वाकिनादिः	4.1.158	6		॥	
70	kambojAdiH	कम्बोजादिः	4.1.175	1	kamboja	कम्बोज	
70	kambojAdiH	कम्बोजादिः	4.1.175	2	cola	चोल	
70	kambojAdiH	कम्बोजादिः	4.1.175	3	kerala	केरल	
70	kambojAdiH	कम्बोजादिः	4.1.175	4	Saka	शक	
70	kambojAdiH	कम्बोजादिः	4.1.175	5	yavana 	यवन ॥	
71	BargAdiH	भर्गादिः	4.1.178	1	Barga	भर्ग	
71	BargAdiH	भर्गादिः	4.1.178	2	karUza	करूष	
71	BargAdiH	भर्गादिः	4.1.178	3	kekaya	केकय	
71	BargAdiH	भर्गादिः	4.1.178	4	kaSmIra	कश्मीर	
71	BargAdiH	भर्गादिः	4.1.178	5	sAlva	साल्व	
71	BargAdiH	भर्गादिः	4.1.178	6	susTAla	सुस्थाल	
71	BargAdiH	भर्गादिः	4.1.178	7	uras	उरस्	
71	BargAdiH	भर्गादिः	4.1.178	8	kOravya 	कौरव्य ॥	
72	yODeyAdiH	यौधेयादिः	4.1.178	1	yODeya	यौधेय	
72	yODeyAdiH	यौधेयादिः	4.1.178	2	SOkreya	शौक्रेय	
72	yODeyAdiH	यौधेयादिः	4.1.178	3	SOBreya	शौभ्रेय	
72	yODeyAdiH	यौधेयादिः	4.1.178	4	jyAvAReya	ज्यावाणेय	
72	yODeyAdiH	यौधेयादिः	4.1.178	5	DOrteya	धौर्तेय	
72	yODeyAdiH	यौधेयादिः	4.1.178	6	DArteya	धार्तेय	
72	yODeyAdiH	यौधेयादिः	4.1.178	7	trigarta	त्रिगर्त	
72	yODeyAdiH	यौधेयादिः	4.1.178	8	Barata	भरत	
72	yODeyAdiH	यौधेयादिः	4.1.178	9	uSInara 	उशीनर ॥	
73	BikzAdiH	भिक्षादिः	4.2.38	1	BikzAgarBiRI	भिक्षागर्भिणी	
73	BikzAdiH	भिक्षादिः	4.2.38	2	kzetra	क्षेत्र	
73	BikzAdiH	भिक्षादिः	4.2.38	3	karIza	करीष	
73	BikzAdiH	भिक्षादिः	4.2.38	4	aNkAra	अङ्कार	
73	BikzAdiH	भिक्षादिः	4.2.38	5	aNgAra	अङ्गार	
73	BikzAdiH	भिक्षादिः	4.2.38	6	carmin	चर्मिन्	
73	BikzAdiH	भिक्षादिः	4.2.38	7	Darmin	धर्मिन्	
73	BikzAdiH	भिक्षादिः	4.2.38	8	sahasra	सहस्र	
73	BikzAdiH	भिक्षादिः	4.2.38	9	yuvati	युवति	
73	BikzAdiH	भिक्षादिः	4.2.38	10	padAti	पदाति	
73	BikzAdiH	भिक्षादिः	4.2.38	11	padDati	पद्धति	
73	BikzAdiH	भिक्षादिः	4.2.38	12	aTarvan	अथर्वन्	
73	BikzAdiH	भिक्षादिः	4.2.38	13	dakziRA	दक्षिणा	
73	BikzAdiH	भिक्षादिः	4.2.38	14	BUta	भूत	
73	BikzAdiH	भिक्षादिः	4.2.38	15	vizaya	विषय	
73	BikzAdiH	भिक्षादिः	4.2.38	16	Srotra 	श्रोत्र ॥	
74	KaRqikAdiH	खण्डिकादिः	4.2.45	1	KaRqikA	खण्डिका	
74	KaRqikAdiH	खण्डिकादिः	4.2.45	2	vaqavA	वडवा	
74	KaRqikAdiH	खण्डिकादिः	4.2.45	3	Bikzuka	भिक्षुक	
74	KaRqikAdiH	खण्डिकादिः	4.2.45	4	Suka	शुक	
74	KaRqikAdiH	खण्डिकादिः	4.2.45	5	ulUka	उलूक	
74	KaRqikAdiH	खण्डिकादिः	4.2.45	6	Svan	श्वन्	
74	KaRqikAdiH	खण्डिकादिः	4.2.45	7	ahan	अहन्	
74	KaRqikAdiH	खण्डिकादिः	4.2.45	8	yugavaratrA	युगवरत्रा	
74	KaRqikAdiH	खण्डिकादिः	4.2.45	9	yugavaratra	युगवरत्र	
74	KaRqikAdiH	खण्डिकादिः	4.2.45	10	halabanDA	हलबन्धा	
74	KaRqikAdiH	खण्डिकादिः	4.2.45	11	halabanDa 	हलबन्ध ॥	
75	pASAdiH	पाशादिः	4.2.49	1	pASa	पाश	
75	pASAdiH	पाशादिः	4.2.49	2	tfRa	तृण	
75	pASAdiH	पाशादिः	4.2.49	3	DUma	धूम	
75	pASAdiH	पाशादिः	4.2.49	4	vAta	वात	
75	pASAdiH	पाशादिः	4.2.49	5	aNgAra	अङ्गार	
75	pASAdiH	पाशादिः	4.2.49	6	pAwala	पाटल	
75	pASAdiH	पाशादिः	4.2.49	7	pota	पोत	
75	pASAdiH	पाशादिः	4.2.49	8	gala	गल	
75	pASAdiH	पाशादिः	4.2.49	9	piwaka	पिटक	
75	pASAdiH	पाशादिः	4.2.49	10	piwAka	पिटाक	
75	pASAdiH	पाशादिः	4.2.49	11	Sakawa	शकट	
75	pASAdiH	पाशादिः	4.2.49	12	hala	हल	
75	pASAdiH	पाशादिः	4.2.49	13	nawa	नट	
75	pASAdiH	पाशादिः	4.2.49	14	vana 	वन ॥	
76	KalAdiH	खलादिः	4.2.51	1	Kala	खल	
76	KalAdiH	खलादिः	4.2.51	2	qAka	डाक	
76	KalAdiH	खलादिः	4.2.51	3	kuwumba	कुटुम्ब	
76	KalAdiH	खलादिः	4.2.51	4	SAka	शाक	
76	KalAdiH	खलादिः	4.2.51	5	kuRqalinI 	कुण्डलिनी ॥	
77	rAjanyAdiH	राजन्यादिः	4.2.53	1	rAjanya	राजन्य	
77	rAjanyAdiH	राजन्यादिः	4.2.53	2	Anfta	आनृत	
77	rAjanyAdiH	राजन्यादिः	4.2.53	3	bABravya	बाभ्रव्य	
77	rAjanyAdiH	राजन्यादिः	4.2.53	4	SAlaNkAyana	शालङ्कायन	
77	rAjanyAdiH	राजन्यादिः	4.2.53	5	dEvayAtava	दैवयातव	
77	rAjanyAdiH	राजन्यादिः	4.2.53	6	dEvayAta	दैवयात	
77	rAjanyAdiH	राजन्यादिः	4.2.53	7	vrIqa	व्रीड	
77	rAjanyAdiH	राजन्यादिः	4.2.53	8	varatra	वरत्र	
77	rAjanyAdiH	राजन्यादिः	4.2.53	9	jAlaMDarAyaRa	जालंधरायण	
77	rAjanyAdiH	राजन्यादिः	4.2.53	10	rAjAyana	राजायन	
77	rAjanyAdiH	राजन्यादिः	4.2.53	11	telu	तेलु	
77	rAjanyAdiH	राजन्यादिः	4.2.53	12	AtmakAmeya	आत्मकामेय	
77	rAjanyAdiH	राजन्यादिः	4.2.53	13	ambarIzaputra	अम्बरीषपुत्र	
77	rAjanyAdiH	राजन्यादिः	4.2.53	14	vasAti	वसाति	
77	rAjanyAdiH	राजन्यादिः	4.2.53	15	bElvavana	बैल्ववन	
77	rAjanyAdiH	राजन्यादिः	4.2.53	16	SElUza	शैलूष	
77	rAjanyAdiH	राजन्यादिः	4.2.53	17	udumbara	उदुम्बर	
77	rAjanyAdiH	राजन्यादिः	4.2.53	18	tIvra	तीव्र	
77	rAjanyAdiH	राजन्यादिः	4.2.53	19	bElvala	बैल्वल	
77	rAjanyAdiH	राजन्यादिः	4.2.53	20	ArjunAyana	आर्जुनायन	
77	rAjanyAdiH	राजन्यादिः	4.2.53	21	saMpriya	संप्रिय	
77	rAjanyAdiH	राजन्यादिः	4.2.53	22	dakzi	दक्षि	
77	rAjanyAdiH	राजन्यादिः	4.2.53	23	UrRanABa 	ऊर्णनाभ ॥	
78	BOrikyAdiH	भौरिक्यादिः	4.2.54	1	BOriki	भौरिकि	
78	BOrikyAdiH	भौरिक्यादिः	4.2.54	2	BOliki	भौलिकि	
78	BOrikyAdiH	भौरिक्यादिः	4.2.54	3	cEpayata	चैपयत	
78	BOrikyAdiH	भौरिक्यादिः	4.2.54	4	cEwayata	चैटयत	
78	BOrikyAdiH	भौरिक्यादिः	4.2.54	5	kAReya	काणेय	
78	BOrikyAdiH	भौरिक्यादिः	4.2.54	6	vARijaka	वाणिजक	
78	BOrikyAdiH	भौरिक्यादिः	4.2.54	7	vARikAjya	वाणिकाज्य	
78	BOrikyAdiH	भौरिक्यादिः	4.2.54	8	vAlikAjya	वालिकाज्य	
78	BOrikyAdiH	भौरिक्यादिः	4.2.54	9	sEkayata	सैकयत	
78	BOrikyAdiH	भौरिक्यादिः	4.2.54	10	vEkayata 	वैकयत ॥	
79	EzukAryAdiH	ऐषुकार्यादिः	4.2.54	1	EzukAri	ऐषुकारि	
79	EzukAryAdiH	ऐषुकार्यादिः	4.2.54	2	sArasyAyana	सारस्यायन	
79	EzukAryAdiH	ऐषुकार्यादिः	4.2.54	3	sArasAyana	सारसायन	
79	EzukAryAdiH	ऐषुकार्यादिः	4.2.54	4	cAndrAyaRa	चान्द्रायण	
79	EzukAryAdiH	ऐषुकार्यादिः	4.2.54	5	dvyAkzAyaRa	द्व्याक्षायण	
79	EzukAryAdiH	ऐषुकार्यादिः	4.2.54	6	tryAkzAyaRa	त्र्याक्षायण	
79	EzukAryAdiH	ऐषुकार्यादिः	4.2.54	7	OqAyana	औडायन	
79	EzukAryAdiH	ऐषुकार्यादिः	4.2.54	8	jOlAyana	जौलायन	
79	EzukAryAdiH	ऐषुकार्यादिः	4.2.54	9	KAqAyana	खाडायन	
79	EzukAryAdiH	ऐषुकार्यादिः	4.2.54	10	dAsamitri	दासमित्रि	
79	EzukAryAdiH	ऐषुकार्यादिः	4.2.54	11	dAsamitrAyaRa	दासमित्रायण	
79	EzukAryAdiH	ऐषुकार्यादिः	4.2.54	12	SOdrAyaRa	शौद्रायण	
79	EzukAryAdiH	ऐषुकार्यादिः	4.2.54	13	dAkzAyaRa	दाक्षायण	
79	EzukAryAdiH	ऐषुकार्यादिः	4.2.54	14	SayaRqAyana	शयण्डायन	
79	EzukAryAdiH	ऐषुकार्यादिः	4.2.54	15	SAyaRqAyana	शायण्डायन	
79	EzukAryAdiH	ऐषुकार्यादिः	4.2.54	16	tArkzyAyaRa	तार्क्ष्यायण	
79	EzukAryAdiH	ऐषुकार्यादिः	4.2.54	17	SOBrAyaRa	शौभ्रायण	
79	EzukAryAdiH	ऐषुकार्यादिः	4.2.54	18	sOvIra	सौवीर	
79	EzukAryAdiH	ऐषुकार्यादिः	4.2.54	19	sOvIrAyaRa	सौवीरायण	
79	EzukAryAdiH	ऐषुकार्यादिः	4.2.54	20	SapaRqa	शपण्ड	
79	EzukAryAdiH	ऐषुकार्यादिः	4.2.54	21	SayaRqa	शयण्ड	
79	EzukAryAdiH	ऐषुकार्यादिः	4.2.54	22	SORqa	शौण्ड	
79	EzukAryAdiH	ऐषुकार्यादिः	4.2.54	23	SayARqi	शयाण्डि	
79	EzukAryAdiH	ऐषुकार्यादिः	4.2.54	24	SayARqa	शयाण्ड	
79	EzukAryAdiH	ऐषुकार्यादिः	4.2.54	25	vESvamAnava	वैश्वमानव	
79	EzukAryAdiH	ऐषुकार्यादिः	4.2.54	26	vESvaDyenava	वैश्वध्येनव	
79	EzukAryAdiH	ऐषुकार्यादिः	4.2.54	27	vESvaDenava	वैश्वधेनव	
79	EzukAryAdiH	ऐषुकार्यादिः	4.2.54	28	naqa	नड	
79	EzukAryAdiH	ऐषुकार्यादिः	4.2.54	29	tuRqadeva	तुण्डदेव	
79	EzukAryAdiH	ऐषुकार्यादिः	4.2.54	30	viSvadeva	विश्वदेव	
79	EzukAryAdiH	ऐषुकार्यादिः	4.2.54	31	sApiRqi 	सापिण्डि ॥	
80	ukTAdiH	उक्थादिः	4.2.60	1	ukTa	उक्थ	
80	ukTAdiH	उक्थादिः	4.2.60	2	lokAyata	लोकायत	
80	ukTAdiH	उक्थादिः	4.2.60	3	nyAsa	न्यास	
80	ukTAdiH	उक्थादिः	4.2.60	4	nyAya	न्याय	
80	ukTAdiH	उक्थादिः	4.2.60	5	punarukta	पुनरुक्त	
80	ukTAdiH	उक्थादिः	4.2.60	6	nirukta	निरुक्त	
80	ukTAdiH	उक्थादिः	4.2.60	7	nimitta	निमित्त	
80	ukTAdiH	उक्थादिः	4.2.60	8	dvipadA	द्विपदा	
80	ukTAdiH	उक्थादिः	4.2.60	9	jyotiza	ज्योतिष	
80	ukTAdiH	उक्थादिः	4.2.60	10	anupada	अनुपद	
80	ukTAdiH	उक्थादिः	4.2.60	11	anukalpa	अनुकल्प	
80	ukTAdiH	उक्थादिः	4.2.60	12	yajYa	यज्ञ	
80	ukTAdiH	उक्थादिः	4.2.60	13	Darma	धर्म	
80	ukTAdiH	उक्थादिः	4.2.60	14	carcA	चर्चा	
80	ukTAdiH	उक्थादिः	4.2.60	15	ametara	अमेतर	
80	ukTAdiH	उक्थादिः	4.2.60	16	Slakza	श्लक्ष	
80	ukTAdiH	उक्थादिः	4.2.60	17	SlakzRa	श्लक्ष्ण	
80	ukTAdiH	उक्थादिः	4.2.60	18	saMhitA	संहिता	
80	ukTAdiH	उक्थादिः	4.2.60	19	padakrama	पदक्रम	
80	ukTAdiH	उक्थादिः	4.2.60	20	saGawa	सघट	
80	ukTAdiH	उक्थादिः	4.2.60	21	saMGawwa	संघट्ट	
80	ukTAdiH	उक्थादिः	4.2.60	22	vftti	वृत्ति	
80	ukTAdiH	उक्थादिः	4.2.60	23	parizad	परिषद्	
80	ukTAdiH	उक्थादिः	4.2.60	24	saMgraha	संग्रह	
80	ukTAdiH	उक्थादिः	4.2.60	25	gaRa	गण	
80	ukTAdiH	उक्थादिः	4.2.60	26	guRa	गुण	
80	ukTAdiH	उक्थादिः	4.2.60	27	Ayurdeva	आयुर्देव	
80	ukTAdiH	उक्थादिः	4.2.60	28	Ayurveda 	आयुर्वेद ॥	
81	kramAdiH	क्रमादिः	4.2.61	1	krama	क्रम	
81	kramAdiH	क्रमादिः	4.2.61	2	pada	पद	
81	kramAdiH	क्रमादिः	4.2.61	3	SikzA	शिक्षा	
81	kramAdiH	क्रमादिः	4.2.61	4	mImAMsA	मीमांसा	
81	kramAdiH	क्रमादिः	4.2.61	5	sAman 	सामन् ॥	
82	vasantAdiH	वसन्तादिः	4.2.63	1	vasanta	वसन्त	
82	vasantAdiH	वसन्तादिः	4.2.63	2	pIzma	पीष्म	
82	vasantAdiH	वसन्तादिः	4.2.63	3	varzA	वर्षा	
82	vasantAdiH	वसन्तादिः	4.2.63	4	Sarad	शरद्	
82	vasantAdiH	वसन्तादिः	4.2.63	5	Sarat	शरत्	
82	vasantAdiH	वसन्तादिः	4.2.63	6	hemanta	हेमन्त	
82	vasantAdiH	वसन्तादिः	4.2.63	7	SiSira	शिशिर	
82	vasantAdiH	वसन्तादिः	4.2.63	8	praTama	प्रथम	
82	vasantAdiH	वसन्तादिः	4.2.63	9	guRa	गुण	
82	vasantAdiH	वसन्तादिः	4.2.63	10	carama	चरम	
82	vasantAdiH	वसन्तादिः	4.2.63	11	anuguRa	अनुगुण	
82	vasantAdiH	वसन्तादिः	4.2.63	12	aTarvan	अथर्वन्	
82	vasantAdiH	वसन्तादिः	4.2.63	13	ATarvaR 	आथर्वण् ॥	
83	saMkalAdiH	संकलादिः	4.2.75	1	saMkala	संकल	
83	saMkalAdiH	संकलादिः	4.2.75	2	puzkala	पुष्कल	
83	saMkalAdiH	संकलादिः	4.2.75	3	uttama	उत्तम	
83	saMkalAdiH	संकलादिः	4.2.75	4	uqupa	उडुप	
83	saMkalAdiH	संकलादिः	4.2.75	5	udvepa	उद्वेप	
83	saMkalAdiH	संकलादिः	4.2.75	6	utpuwa	उत्पुट	
83	saMkalAdiH	संकलादिः	4.2.75	7	kumBa	कुम्भ	
83	saMkalAdiH	संकलादिः	4.2.75	8	viDAna	विधान	
83	saMkalAdiH	संकलादिः	4.2.75	9	sudakza	सुदक्ष	
83	saMkalAdiH	संकलादिः	4.2.75	10	sudatta	सुदत्त	
83	saMkalAdiH	संकलादिः	4.2.75	11	suBUta	सुभूत	
83	saMkalAdiH	संकलादिः	4.2.75	12	sunetra	सुनेत्र	
83	saMkalAdiH	संकलादिः	4.2.75	13	sumaNgala	सुमङ्गल	
83	saMkalAdiH	संकलादिः	4.2.75	14	supiNgala	सुपिङ्गल	
83	saMkalAdiH	संकलादिः	4.2.75	15	sUta	सूत	
83	saMkalAdiH	संकलादिः	4.2.75	16	sikata	सिकत	
83	saMkalAdiH	संकलादिः	4.2.75	17	pUtIkA	पूतीका	
83	saMkalAdiH	संकलादिः	4.2.75	18	pUtika	पूतिक	
83	saMkalAdiH	संकलादिः	4.2.75	19	pUlAsa	पूलास	
83	saMkalAdiH	संकलादिः	4.2.75	20	kUlAsa	कूलास	
83	saMkalAdiH	संकलादिः	4.2.75	21	palASa	पलाश	
83	saMkalAdiH	संकलादिः	4.2.75	22	niveSa	निवेश	
83	saMkalAdiH	संकलादिः	4.2.75	23	gaveSa	गवेश	
83	saMkalAdiH	संकलादिः	4.2.75	24	gamBIra	गम्भीर	
83	saMkalAdiH	संकलादिः	4.2.75	25	itara	इतर	
83	saMkalAdiH	संकलादिः	4.2.75	26	An	आन्	
83	saMkalAdiH	संकलादिः	4.2.75	27	ahan	अहन्	
83	saMkalAdiH	संकलादिः	4.2.75	28	loman	लोमन्	
83	saMkalAdiH	संकलादिः	4.2.75	29	veman	वेमन्	
83	saMkalAdiH	संकलादिः	4.2.75	30	caraRa	चरण	
83	saMkalAdiH	संकलादिः	4.2.75	31	varuRa	वरुण	
83	saMkalAdiH	संकलादिः	4.2.75	32	bahula	बहुल	
83	saMkalAdiH	संकलादिः	4.2.75	33	sadyoja	सद्योज	
83	saMkalAdiH	संकलादिः	4.2.75	34	aBizikta	अभिषिक्त	
83	saMkalAdiH	संकलादिः	4.2.75	35	goBft	गोभृत्	
83	saMkalAdiH	संकलादिः	4.2.75	36	rAjaBft	राजभृत्	
83	saMkalAdiH	संकलादिः	4.2.75	37	Balla	भल्ल	
83	saMkalAdiH	संकलादिः	4.2.75	38	malla	मल्ल	
83	saMkalAdiH	संकलादिः	4.2.75	39	mAla 	माल ॥	
84	suvAstvAdiH	सुवास्त्वादिः	4.2.77	1	suvAstu	सुवास्तु	
84	suvAstvAdiH	सुवास्त्वादिः	4.2.77	2	suvastu	सुवस्तु	
84	suvAstvAdiH	सुवास्त्वादिः	4.2.77	3	varRu	वर्णु	
84	suvAstvAdiH	सुवास्त्वादिः	4.2.77	4	BaRqu	भण्डु	
84	suvAstvAdiH	सुवास्त्वादिः	4.2.77	5	KaRqu	खण्डु	
84	suvAstvAdiH	सुवास्त्वादिः	4.2.77	6	sevAnin	सेवानिन्	
84	suvAstvAdiH	सुवास्त्वादिः	4.2.77	7	karpUrin	कर्पूरिन्	
84	suvAstvAdiH	सुवास्त्वादिः	4.2.77	8	SiKaRqin	शिखण्डिन्	
84	suvAstvAdiH	सुवास्त्वादिः	4.2.77	9	garta	गर्त	
84	suvAstvAdiH	सुवास्त्वादिः	4.2.77	10	karkaSa	कर्कश	
84	suvAstvAdiH	सुवास्त्वादिः	4.2.77	11	SakawIkarRa	शकटीकर्ण	
84	suvAstvAdiH	सुवास्त्वादिः	4.2.77	12	kfzRakarRa	कृष्णकर्ण	
84	suvAstvAdiH	सुवास्त्वादिः	4.2.77	13	karka	कर्क	
84	suvAstvAdiH	सुवास्त्वादिः	4.2.77	14	karkanDumatI	कर्कन्धुमती	
84	suvAstvAdiH	सुवास्त्वादिः	4.2.77	15	goha	गोह	
84	suvAstvAdiH	सुवास्त्वादिः	4.2.77	16	ahisakTa 	अहिसक्थ ॥	
85	arIhaRAdiH	अरीहणादिः	4.2.80	1	arIhaRa	अरीहण	
85	arIhaRAdiH	अरीहणादिः	4.2.80	2	ahIraRa	अहीरण	
85	arIhaRAdiH	अरीहणादिः	4.2.80	3	druGaRa	द्रुघण	
85	arIhaRAdiH	अरीहणादिः	4.2.80	4	druhaRa	द्रुहण	
85	arIhaRAdiH	अरीहणादिः	4.2.80	5	Balaga	भलग	
85	arIhaRAdiH	अरीहणादिः	4.2.80	6	Bagala	भगल	
85	arIhaRAdiH	अरीहणादिः	4.2.80	7	ulanda	उलन्द	
85	arIhaRAdiH	अरीहणादिः	4.2.80	8	kiraRa	किरण	
85	arIhaRAdiH	अरीहणादिः	4.2.80	9	sAmparAyaRa	साम्परायण	
85	arIhaRAdiH	अरीहणादिः	4.2.80	10	krOzwrAyana	क्रौष्ट्रायन	
85	arIhaRAdiH	अरीहणादिः	4.2.80	11	krOzwrAyaRa	क्रौष्ट्रायण	
85	arIhaRAdiH	अरीहणादिः	4.2.80	12	OzwrAyaRa	औष्ट्रायण	
85	arIhaRAdiH	अरीहणादिः	4.2.80	13	trEgartAyana	त्रैगर्तायन	
85	arIhaRAdiH	अरीहणादिः	4.2.80	14	mEtrAyaRa	मैत्रायण	
85	arIhaRAdiH	अरीहणादिः	4.2.80	15	BAstrAyaRa	भास्त्रायण	
85	arIhaRAdiH	अरीहणादिः	4.2.80	16	vEmatAyaRa	वैमतायण	
85	arIhaRAdiH	अरीहणादिः	4.2.80	17	vEmatAyana	वैमतायन	
85	arIhaRAdiH	अरीहणादिः	4.2.80	18	gOmatAyana	गौमतायन	
85	arIhaRAdiH	अरीहणादिः	4.2.80	19	sOmatAyana	सौमतायन	
85	arIhaRAdiH	अरीहणादिः	4.2.80	20	sOsAyana	सौसायन	
85	arIhaRAdiH	अरीहणादिः	4.2.80	21	DOmatAyana	धौमतायन	
85	arIhaRAdiH	अरीहणादिः	4.2.80	22	sOmAyana	सौमायन	
85	arIhaRAdiH	अरीहणादिः	4.2.80	23	EndrAyaRa	ऐन्द्रायण	
85	arIhaRAdiH	अरीहणादिः	4.2.80	24	kOdrAyaRa	कौद्रायण	
85	arIhaRAdiH	अरीहणादिः	4.2.80	25	kOndrAyaRa	कौन्द्रायण	
85	arIhaRAdiH	अरीहणादिः	4.2.80	26	KAqAyana	खाडायन	
85	arIhaRAdiH	अरीहणादिः	4.2.80	27	SARqilyAyana	शाण्डिल्यायन	
85	arIhaRAdiH	अरीहणादिः	4.2.80	28	rAyaspoza	रायस्पोष	
85	arIhaRAdiH	अरीहणादिः	4.2.80	29	vipaTa	विपथ	
85	arIhaRAdiH	अरीहणादिः	4.2.80	30	vipASa	विपाश	
85	arIhaRAdiH	अरीहणादिः	4.2.80	31	uddaRqa	उद्दण्ड	
85	arIhaRAdiH	अरीहणादिः	4.2.80	32	udaYcana	उदञ्चन	
85	arIhaRAdiH	अरीहणादिः	4.2.80	33	KARqavIraRa	खाण्डवीरण	
85	arIhaRAdiH	अरीहणादिः	4.2.80	34	vIraRa	वीरण	
85	arIhaRAdiH	अरीहणादिः	4.2.80	35	kASakftsna	काशकृत्स्न	
85	arIhaRAdiH	अरीहणादिः	4.2.80	36	kaSakftsna	कशकृत्स्न	
85	arIhaRAdiH	अरीहणादिः	4.2.80	37	jAmbavat	जाम्बवत्	
85	arIhaRAdiH	अरीहणादिः	4.2.80	38	SiMSapA	शिंशपा	
85	arIhaRAdiH	अरीहणादिः	4.2.80	39	rEvata	रैवत	
85	arIhaRAdiH	अरीहणादिः	4.2.80	40	revata	रेवत	
85	arIhaRAdiH	अरीहणादिः	4.2.80	41	bilva	बिल्व	
85	arIhaRAdiH	अरीहणादिः	4.2.80	42	suyujYa	सुयुज्ञ	
85	arIhaRAdiH	अरीहणादिः	4.2.80	43	SirIza	शिरीष	
85	arIhaRAdiH	अरीहणादिः	4.2.80	44	baDira	बधिर	
85	arIhaRAdiH	अरीहणादिः	4.2.80	45	jambu	जम्बु	
85	arIhaRAdiH	अरीहणादिः	4.2.80	46	suSarman	सुशर्मन्	
85	arIhaRAdiH	अरीहणादिः	4.2.80	47	saSarman	सशर्मन्	
85	arIhaRAdiH	अरीहणादिः	4.2.80	48	halatf	हलतृ	
85	arIhaRAdiH	अरीहणादिः	4.2.80	49	Balandana	भलन्दन	
85	arIhaRAdiH	अरीहणादिः	4.2.80	50	KaRqu	खण्डु	
85	arIhaRAdiH	अरीहणादिः	4.2.80	51	kalana	कलन	
85	arIhaRAdiH	अरीहणादिः	4.2.80	52	kanala	कनल	
85	arIhaRAdiH	अरीहणादिः	4.2.80	53	yajYadatta 	यज्ञदत्त ॥	
86	kfSASvAdiH	कृशाश्वादिः	4.2.80	1	kfSASva	कृशाश्व	
86	kfSASvAdiH	कृशाश्वादिः	4.2.80	2	arizwa	अरिष्ट	
86	kfSASvAdiH	कृशाश्वादिः	4.2.80	3	ArISma	आरीश्म	
86	kfSASvAdiH	कृशाश्वादिः	4.2.80	4	veSman	वेश्मन्	
86	kfSASvAdiH	कृशाश्वादिः	4.2.80	5	viSAla	विशाल	
86	kfSASvAdiH	कृशाश्वादिः	4.2.80	6	lomaSa	लोमश	
86	kfSASvAdiH	कृशाश्वादिः	4.2.80	7	romaSa	रोमश	
86	kfSASvAdiH	कृशाश्वादिः	4.2.80	8	lomaka	लोमक	
86	kfSASvAdiH	कृशाश्वादिः	4.2.80	9	romaka	रोमक	
86	kfSASvAdiH	कृशाश्वादिः	4.2.80	10	Sabala	शबल	
86	kfSASvAdiH	कृशाश्वादिः	4.2.80	11	kUwa	कूट	
86	kfSASvAdiH	कृशाश्वादिः	4.2.80	12	varcala	वर्चल	
86	kfSASvAdiH	कृशाश्वादिः	4.2.80	13	suvarcala	सुवर्चल	
86	kfSASvAdiH	कृशाश्वादिः	4.2.80	14	sukara	सुकर	
86	kfSASvAdiH	कृशाश्वादिः	4.2.80	15	sUkara	सूकर	
86	kfSASvAdiH	कृशाश्वादिः	4.2.80	16	prAtara	प्रातर	
86	kfSASvAdiH	कृशाश्वादिः	4.2.80	17	pratara	प्रतर	
86	kfSASvAdiH	कृशाश्वादिः	4.2.80	18	sadfSa	सदृश	
86	kfSASvAdiH	कृशाश्वादिः	4.2.80	19	puraga	पुरग	
86	kfSASvAdiH	कृशाश्वादिः	4.2.80	20	purAga	पुराग	
86	kfSASvAdiH	कृशाश्वादिः	4.2.80	21	suKa	सुख	
86	kfSASvAdiH	कृशाश्वादिः	4.2.80	22	DUma	धूम	
86	kfSASvAdiH	कृशाश्वादिः	4.2.80	23	ajina	अजिन	
86	kfSASvAdiH	कृशाश्वादिः	4.2.80	24	vinatA	विनता	
86	kfSASvAdiH	कृशाश्वादिः	4.2.80	25	avanata	अवनत	
86	kfSASvAdiH	कृशाश्वादिः	4.2.80	26	vikuGAsa	विकुघास	
86	kfSASvAdiH	कृशाश्वादिः	4.2.80	27	kuviwyAsa	कुविट्यास	
86	kfSASvAdiH	कृशाश्वादिः	4.2.80	28	parASara	पराशर	
86	kfSASvAdiH	कृशाश्वादिः	4.2.80	29	arus	अरुस्	
86	kfSASvAdiH	कृशाश्वादिः	4.2.80	30	ayas	अयस्	
86	kfSASvAdiH	कृशाश्वादिः	4.2.80	31	mOdralyAkara	मौद्रल्याकर	
86	kfSASvAdiH	कृशाश्वादिः	4.2.80	32	mOdgalya	मौद्गल्य	
86	kfSASvAdiH	कृशाश्वादिः	4.2.80	33	yukara 	युकर ॥	
87	fSyAdiH	ऋश्यादिः	4.2.80	1	fSya	ऋश्य	
87	fSyAdiH	ऋश्यादिः	4.2.80	2	fzya	ऋष्य	
87	fSyAdiH	ऋश्यादिः	4.2.80	3	nyagroDa	न्यग्रोध	
87	fSyAdiH	ऋश्यादिः	4.2.80	4	Sara	शर	
87	fSyAdiH	ऋश्यादिः	4.2.80	5	nilIna	निलीन	
87	fSyAdiH	ऋश्यादिः	4.2.80	6	nivAsa	निवास	
87	fSyAdiH	ऋश्यादिः	4.2.80	7	nivAta	निवात	
87	fSyAdiH	ऋश्यादिः	4.2.80	8	niDAna	निधान	
87	fSyAdiH	ऋश्यादिः	4.2.80	9	nibadDana	निबद्धन	
87	fSyAdiH	ऋश्यादिः	4.2.80	10	nibanDa	निबन्ध	
87	fSyAdiH	ऋश्यादिः	4.2.80	11	vibadDa	विबद्ध	
87	fSyAdiH	ऋश्यादिः	4.2.80	12	parigUQa	परिगूढ	
87	fSyAdiH	ऋश्यादिः	4.2.80	13	upagUQa	उपगूढ	
87	fSyAdiH	ऋश्यादिः	4.2.80	14	asanI	असनी	
87	fSyAdiH	ऋश्यादिः	4.2.80	15	sita	सित	
87	fSyAdiH	ऋश्यादिः	4.2.80	16	mat	मत्	
87	fSyAdiH	ऋश्यादिः	4.2.80	17	veSman	वेश्मन्	
87	fSyAdiH	ऋश्यादिः	4.2.80	18	uttarASman	उत्तराश्मन्	
87	fSyAdiH	ऋश्यादिः	4.2.80	19	aSman	अश्मन्	
87	fSyAdiH	ऋश्यादिः	4.2.80	20	sTUla	स्थूल	
87	fSyAdiH	ऋश्यादिः	4.2.80	21	bAhu	बाहु	
87	fSyAdiH	ऋश्यादिः	4.2.80	22	Kadira	खदिर	
87	fSyAdiH	ऋश्यादिः	4.2.80	23	SarkarA	शर्करा	
87	fSyAdiH	ऋश्यादिः	4.2.80	24	anaquha	अनडुह	
87	fSyAdiH	ऋश्यादिः	4.2.80	25	anaquh	अनडुह्	
87	fSyAdiH	ऋश्यादिः	4.2.80	26	araqu	अरडु	
87	fSyAdiH	ऋश्यादिः	4.2.80	27	parivaMSa	परिवंश	
87	fSyAdiH	ऋश्यादिः	4.2.80	28	veRu	वेणु	
87	fSyAdiH	ऋश्यादिः	4.2.80	29	vIraRa	वीरण	
87	fSyAdiH	ऋश्यादिः	4.2.80	30	KaRqa	खण्ड	
87	fSyAdiH	ऋश्यादिः	4.2.80	31	daRqa	दण्ड	
87	fSyAdiH	ऋश्यादिः	4.2.80	32	parivftta	परिवृत्त	
87	fSyAdiH	ऋश्यादिः	4.2.80	33	kardama	कर्दम	
87	fSyAdiH	ऋश्यादिः	4.2.80	34	aMSu 	अंशु ॥	
88	kumudAdiH	कुमुदादिः	4.2.80	1	kumuda	कुमुद	
88	kumudAdiH	कुमुदादिः	4.2.80	2	SarkarA	शर्करा	
88	kumudAdiH	कुमुदादिः	4.2.80	3	nyagroDa	न्यग्रोध	
88	kumudAdiH	कुमुदादिः	4.2.80	4	itkawa	इत्कट	
88	kumudAdiH	कुमुदादिः	4.2.80	5	saMkawa	संकट	
88	kumudAdiH	कुमुदादिः	4.2.80	6	kaMkawa	कंकट	
88	kumudAdiH	कुमुदादिः	4.2.80	7	garta	गर्त	
88	kumudAdiH	कुमुदादिः	4.2.80	8	bIja	बीज	
88	kumudAdiH	कुमुदादिः	4.2.80	9	parivApa	परिवाप	
88	kumudAdiH	कुमुदादिः	4.2.80	10	niryAsa	निर्यास	
88	kumudAdiH	कुमुदादिः	4.2.80	11	Sakawa	शकट	
88	kumudAdiH	कुमुदादिः	4.2.80	12	kaca	कच	
88	kumudAdiH	कुमुदादिः	4.2.80	13	maDu	मधु	
88	kumudAdiH	कुमुदादिः	4.2.80	14	SirIza	शिरीष	
88	kumudAdiH	कुमुदादिः	4.2.80	15	aSva	अश्व	
88	kumudAdiH	कुमुदादिः	4.2.80	16	aSvatTa	अश्वत्थ	
88	kumudAdiH	कुमुदादिः	4.2.80	17	balvaja	बल्वज	
88	kumudAdiH	कुमुदादिः	4.2.80	18	yavAsa	यवास	
88	kumudAdiH	कुमुदादिः	4.2.80	19	kUpa	कूप	
88	kumudAdiH	कुमुदादिः	4.2.80	20	vikaNkata	विकङ्कत	
88	kumudAdiH	कुमुदादिः	4.2.80	21	daSagrAma 	दशग्राम ॥	
89	kASAdiH	काशादिः	4.2.80	1	kASa	काश	
89	kASAdiH	काशादिः	4.2.80	2	pASa	पाश	
89	kASAdiH	काशादिः	4.2.80	3	aSvatTa	अश्वत्थ	
89	kASAdiH	काशादिः	4.2.80	4	palASa	पलाश	
89	kASAdiH	काशादिः	4.2.80	5	pIyUkza	पीयूक्ष	
89	kASAdiH	काशादिः	4.2.80	6	varaRa	वरण	
89	kASAdiH	काशादिः	4.2.80	7	vAsa	वास	
89	kASAdiH	काशादिः	4.2.80	8	naqa	नड	
89	kASAdiH	काशादिः	4.2.80	9	vana	वन	
89	kASAdiH	काशादिः	4.2.80	10	kardama	कर्दम	
89	kASAdiH	काशादिः	4.2.80	11	kacCUla	कच्छूल	
89	kASAdiH	काशादिः	4.2.80	12	vaNkawa	वङ्कट	
89	kASAdiH	काशादिः	4.2.80	13	gfha	गृह	
89	kASAdiH	काशादिः	4.2.80	14	bisa	बिस	
89	kASAdiH	काशादिः	4.2.80	15	tfRa	तृण	
89	kASAdiH	काशादिः	4.2.80	16	karpUra	कर्पूर	
89	kASAdiH	काशादिः	4.2.80	17	barbara	बर्बर	
89	kASAdiH	काशादिः	4.2.80	18	maDura	मधुर	
89	kASAdiH	काशादिः	4.2.80	19	graha	ग्रह	
89	kASAdiH	काशादिः	4.2.80	20	kapitTa	कपित्थ	
89	kASAdiH	काशादिः	4.2.80	21	jatu	जतु	
89	kASAdiH	काशादिः	4.2.80	22	sIpAla 	सीपाल ॥	
90	tfRAdiH	तृणादिः	4.2.80	1	tfRa	तृण	
90	tfRAdiH	तृणादिः	4.2.80	2	naqa	नड	
90	tfRAdiH	तृणादिः	4.2.80	3	mUla	मूल	
90	tfRAdiH	तृणादिः	4.2.80	4	vana	वन	
90	tfRAdiH	तृणादिः	4.2.80	5	parRa	पर्ण	
90	tfRAdiH	तृणादिः	4.2.80	6	varRa	वर्ण	
90	tfRAdiH	तृणादिः	4.2.80	7	varARa	वराण	
90	tfRAdiH	तृणादिः	4.2.80	8	bila	बिल	
90	tfRAdiH	तृणादिः	4.2.80	9	pula	पुल	
90	tfRAdiH	तृणादिः	4.2.80	10	Pala	फल	
90	tfRAdiH	तृणादिः	4.2.80	11	arjuna	अर्जुन	
90	tfRAdiH	तृणादिः	4.2.80	12	arRa	अर्ण	
90	tfRAdiH	तृणादिः	4.2.80	13	suvarRa	सुवर्ण	
90	tfRAdiH	तृणादिः	4.2.80	14	bala	बल	
90	tfRAdiH	तृणादिः	4.2.80	15	caraRa	चरण	
90	tfRAdiH	तृणादिः	4.2.80	16	busa 	बुस ॥	
91	prekzAdiH	प्रेक्षादिः	4.2.80	1	prekzA	प्रेक्षा	
91	prekzAdiH	प्रेक्षादिः	4.2.80	2	PalakA	फलका	
91	prekzAdiH	प्रेक्षादिः	4.2.80	3	halakA	हलका	
91	prekzAdiH	प्रेक्षादिः	4.2.80	4	banDukA	बन्धुका	
91	prekzAdiH	प्रेक्षादिः	4.2.80	5	DruvakA	ध्रुवका	
91	prekzAdiH	प्रेक्षादिः	4.2.80	6	kzipakA	क्षिपका	
91	prekzAdiH	प्रेक्षादिः	4.2.80	7	nyagroDa	न्यग्रोध	
91	prekzAdiH	प्रेक्षादिः	4.2.80	8	ikkawa	इक्कट	
91	prekzAdiH	प्रेक्षादिः	4.2.80	9	kaNkaka	कङ्कक	
91	prekzAdiH	प्रेक्षादिः	4.2.80	10	saMkawa	संकट	
91	prekzAdiH	प्रेक्षादिः	4.2.80	11	kawa	कट	
91	prekzAdiH	प्रेक्षादिः	4.2.80	12	kUpa	कूप	
91	prekzAdiH	प्रेक्षादिः	4.2.80	13	buka	बुक	
91	prekzAdiH	प्रेक्षादिः	4.2.80	14	puka	पुक	
91	prekzAdiH	प्रेक्षादिः	4.2.80	15	puwa	पुट	
91	prekzAdiH	प्रेक्षादिः	4.2.80	16	maha	मह	
91	prekzAdiH	प्रेक्षादिः	4.2.80	17	parivApa	परिवाप	
91	prekzAdiH	प्रेक्षादिः	4.2.80	18	yavAza	यवाष	
91	prekzAdiH	प्रेक्षादिः	4.2.80	19	DruvakA	ध्रुवका	
91	prekzAdiH	प्रेक्षादिः	4.2.80	20	garta	गर्त	
91	prekzAdiH	प्रेक्षादिः	4.2.80	21	kUpaka	कूपक	
91	prekzAdiH	प्रेक्षादिः	4.2.80	22	hiraRya 	हिरण्य ॥	
92	aSmAdiH	अश्मादिः	4.2.80	1	aSman	अश्मन्	
92	aSmAdiH	अश्मादिः	4.2.80	2	yUTa	यूथ	
92	aSmAdiH	अश्मादिः	4.2.80	3	Uza	ऊष	
92	aSmAdiH	अश्मादिः	4.2.80	4	mIna	मीन	
92	aSmAdiH	अश्मादिः	4.2.80	5	mada	मद	
92	aSmAdiH	अश्मादिः	4.2.80	6	darBa	दर्भ	
92	aSmAdiH	अश्मादिः	4.2.80	7	vfnda	वृन्द	
92	aSmAdiH	अश्मादिः	4.2.80	8	guda	गुद	
92	aSmAdiH	अश्मादिः	4.2.80	9	KaRqa	खण्ड	
92	aSmAdiH	अश्मादिः	4.2.80	10	naga	नग	
92	aSmAdiH	अश्मादिः	4.2.80	11	SiKA	शिखा	
92	aSmAdiH	अश्मादिः	4.2.80	12	kowa	कोट	
92	aSmAdiH	अश्मादिः	4.2.80	13	pAma	पाम	
92	aSmAdiH	अश्मादिः	4.2.80	14	kanda	कन्द	
92	aSmAdiH	अश्मादिः	4.2.80	15	kAnda	कान्द	
92	aSmAdiH	अश्मादिः	4.2.80	16	kula	कुल	
92	aSmAdiH	अश्मादिः	4.2.80	17	gahva	गह्व	
92	aSmAdiH	अश्मादिः	4.2.80	18	guqa	गुड	
92	aSmAdiH	अश्मादिः	4.2.80	19	kuRqala	कुण्डल	
92	aSmAdiH	अश्मादिः	4.2.80	20	pIna	पीन	
92	aSmAdiH	अश्मादिः	4.2.80	21	guha 	गुह ॥	
93	saKyAdiH	सख्यादिः	4.2.80	1	saKi	सखि	
93	saKyAdiH	सख्यादिः	4.2.80	2	agnidatta	अग्निदत्त	
93	saKyAdiH	सख्यादिः	4.2.80	3	vAyudatta	वायुदत्त	
93	saKyAdiH	सख्यादिः	4.2.80	4	saKidatta	सखिदत्त	
93	saKyAdiH	सख्यादिः	4.2.80	5	gopila	गोपिल	
93	saKyAdiH	सख्यादिः	4.2.80	6	BallapAla	भल्लपाल	
93	saKyAdiH	सख्यादिः	4.2.80	7	Balla	भल्ल	
93	saKyAdiH	सख्यादिः	4.2.80	8	pAla	पाल	
93	saKyAdiH	सख्यादिः	4.2.80	9	cakta	चक्त	
93	saKyAdiH	सख्यादिः	4.2.80	10	cakravAka	चक्रवाक	
93	saKyAdiH	सख्यादिः	4.2.80	11	Cagala	छगल	
93	saKyAdiH	सख्यादिः	4.2.80	12	aSoka	अशोक	
93	saKyAdiH	सख्यादिः	4.2.80	13	karavIra	करवीर	
93	saKyAdiH	सख्यादिः	4.2.80	14	vAsava	वासव	
93	saKyAdiH	सख्यादिः	4.2.80	15	vIra	वीर	
93	saKyAdiH	सख्यादिः	4.2.80	16	pUra	पूर	
93	saKyAdiH	सख्यादिः	4.2.80	17	vajra	वज्र	
93	saKyAdiH	सख्यादिः	4.2.80	18	kuSIraka	कुशीरक	
93	saKyAdiH	सख्यादिः	4.2.80	19	SIhara	शीहर	
93	saKyAdiH	सख्यादिः	4.2.80	20	sIhara	सीहर	
93	saKyAdiH	सख्यादिः	4.2.80	21	saraka	सरक	
93	saKyAdiH	सख्यादिः	4.2.80	22	sarasa	सरस	
93	saKyAdiH	सख्यादिः	4.2.80	23	saMmara	संमर	
93	saKyAdiH	सख्यादिः	4.2.80	24	samala	समल	
93	saKyAdiH	सख्यादिः	4.2.80	25	surasa	सुरस	
93	saKyAdiH	सख्यादिः	4.2.80	26	roha	रोह	
93	saKyAdiH	सख्यादिः	4.2.80	27	tamAla	तमाल	
93	saKyAdiH	सख्यादिः	4.2.80	28	kadala	कदल	
93	saKyAdiH	सख्यादिः	4.2.80	29	saptala 	सप्तल ॥	
94	saMkASAdiH	संकाशादिः	4.2.80	1	saMkASa	संकाश	
94	saMkASAdiH	संकाशादिः	4.2.80	2	kapila	कपिल	
94	saMkASAdiH	संकाशादिः	4.2.80	3	kaSmIra	कश्मीर	
94	saMkASAdiH	संकाशादिः	4.2.80	4	samIra	समीर	
94	saMkASAdiH	संकाशादिः	4.2.80	5	surasena	सुरसेन	
94	saMkASAdiH	संकाशादिः	4.2.80	6	saraka	सरक	
94	saMkASAdiH	संकाशादिः	4.2.80	7	sUra	सूर	
94	saMkASAdiH	संकाशादिः	4.2.80	8	yUpa	यूप	
94	saMkASAdiH	संकाशादिः	4.2.80	9	yUTa	यूथ	
94	saMkASAdiH	संकाशादिः	4.2.80	10	aMSa	अंश	
94	saMkASAdiH	संकाशादिः	4.2.80	11	aNka	अङ्क	
94	saMkASAdiH	संकाशादिः	4.2.80	12	nAsA	नासा	
94	saMkASAdiH	संकाशादिः	4.2.80	13	palita	पलित	
94	saMkASAdiH	संकाशादिः	4.2.80	14	anu	अनु	
94	saMkASAdiH	संकाशादिः	4.2.80	15	nASa	नाश	
94	saMkASAdiH	संकाशादिः	4.2.80	16	aSman	अश्मन्	
94	saMkASAdiH	संकाशादिः	4.2.80	17	kUwa	कूट	
94	saMkASAdiH	संकाशादिः	4.2.80	18	malina	मलिन	
94	saMkASAdiH	संकाशादिः	4.2.80	19	daSa	दश	
94	saMkASAdiH	संकाशादिः	4.2.80	20	kumBa	कुम्भ	
94	saMkASAdiH	संकाशादिः	4.2.80	21	SIrza	शीर्ष	
94	saMkASAdiH	संकाशादिः	4.2.80	22	ciranta	चिरन्त	
94	saMkASAdiH	संकाशादिः	4.2.80	23	virata	विरत	
94	saMkASAdiH	संकाशादिः	4.2.80	24	samala	समल	
94	saMkASAdiH	संकाशादिः	4.2.80	25	sIra	सीर	
94	saMkASAdiH	संकाशादिः	4.2.80	26	paYjara	पञ्जर	
94	saMkASAdiH	संकाशादिः	4.2.80	27	manTa	मन्थ	
94	saMkASAdiH	संकाशादिः	4.2.80	28	nala	नल	
94	saMkASAdiH	संकाशादिः	4.2.80	29	roman	रोमन्	
94	saMkASAdiH	संकाशादिः	4.2.80	30	loman	लोमन्	
94	saMkASAdiH	संकाशादिः	4.2.80	31	pulina	पुलिन	
94	saMkASAdiH	संकाशादिः	4.2.80	32	supari	सुपरि	
94	saMkASAdiH	संकाशादिः	4.2.80	33	kawipa	कटिप	
94	saMkASAdiH	संकाशादिः	4.2.80	34	sakarRaka	सकर्णक	
94	saMkASAdiH	संकाशादिः	4.2.80	35	vfzwi	वृष्टि	
94	saMkASAdiH	संकाशादिः	4.2.80	36	tIrTa	तीर्थ	
94	saMkASAdiH	संकाशादिः	4.2.80	37	agasti	अगस्ति	
94	saMkASAdiH	संकाशादिः	4.2.80	38	vikara	विकर	
94	saMkASAdiH	संकाशादिः	4.2.80	39	nAsikA 	नासिका ॥	
95	balAdiH	बलादिः	4.2.80	1	bala	बल	
95	balAdiH	बलादिः	4.2.80	2	cula	चुल	
95	balAdiH	बलादिः	4.2.80	3	nala	नल	
95	balAdiH	बलादिः	4.2.80	4	dala	दल	
95	balAdiH	बलादिः	4.2.80	5	vawa	वट	
95	balAdiH	बलादिः	4.2.80	6	lakula	लकुल	
95	balAdiH	बलादिः	4.2.80	7	urala	उरल	
95	balAdiH	बलादिः	4.2.80	8	puKa	पुख	
95	balAdiH	बलादिः	4.2.80	9	pula	पुल	
95	balAdiH	बलादिः	4.2.80	10	mUla	मूल	
95	balAdiH	बलादिः	4.2.80	11	ulaqula	उलडुल	
95	balAdiH	बलादिः	4.2.80	12	ula	उल	
95	balAdiH	बलादिः	4.2.80	13	qula	डुल	
95	balAdiH	बलादिः	4.2.80	14	vana	वन	
95	balAdiH	बलादिः	4.2.80	15	kula 	कुल ॥	
96	pakzAdiH	पक्षादिः	4.2.80	1	pakza	पक्ष	
96	pakzAdiH	पक्षादिः	4.2.80	2	tukza	तुक्ष	
96	pakzAdiH	पक्षादिः	4.2.80	3	tuza	तुष	
96	pakzAdiH	पक्षादिः	4.2.80	4	kuRqa	कुण्ड	
96	pakzAdiH	पक्षादिः	4.2.80	5	aRqa	अण्ड	
96	pakzAdiH	पक्षादिः	4.2.80	6	kambalikA	कम्बलिका	
96	pakzAdiH	पक्षादिः	4.2.80	7	valika	वलिक	
96	pakzAdiH	पक्षादिः	4.2.80	8	citra	चित्र	
96	pakzAdiH	पक्षादिः	4.2.80	9	asti	अस्ति	
96	pakzAdiH	पक्षादिः	4.2.80	10	kumBa	कुम्भ	
96	pakzAdiH	पक्षादिः	4.2.80	11	sIraka	सीरक	
96	pakzAdiH	पक्षादिः	4.2.80	12	saraka	सरक	
96	pakzAdiH	पक्षादिः	4.2.80	13	sakala	सकल	
96	pakzAdiH	पक्षादिः	4.2.80	14	sarasa	सरस	
96	pakzAdiH	पक्षादिः	4.2.80	15	samala	समल	
96	pakzAdiH	पक्षादिः	4.2.80	16	atiSvan	अतिश्वन्	
96	pakzAdiH	पक्षादिः	4.2.80	17	roman	रोमन्	
96	pakzAdiH	पक्षादिः	4.2.80	18	loman	लोमन्	
96	pakzAdiH	पक्षादिः	4.2.80	19	hastin	हस्तिन्	
96	pakzAdiH	पक्षादिः	4.2.80	20	maka	मक	
96	pakzAdiH	पक्षादिः	4.2.80	21	lomaka	लोमक	
96	pakzAdiH	पक्षादिः	4.2.80	22	SIrza	शीर्ष	
96	pakzAdiH	पक्षादिः	4.2.80	23	nivAta	निवात	
96	pakzAdiH	पक्षादिः	4.2.80	24	pAka	पाक	
96	pakzAdiH	पक्षादिः	4.2.80	25	sahaka	सहक	
96	pakzAdiH	पक्षादिः	4.2.80	26	siMhaka	सिंहक	
96	pakzAdiH	पक्षादिः	4.2.80	27	aNkuSa	अङ्कुश	
96	pakzAdiH	पक्षादिः	4.2.80	28	suvarRaka	सुवर्णक	
96	pakzAdiH	पक्षादिः	4.2.80	29	haMsaka	हंसक	
96	pakzAdiH	पक्षादिः	4.2.80	30	hiMsaka	हिंसक	
96	pakzAdiH	पक्षादिः	4.2.80	31	kutsa	कुत्स	
96	pakzAdiH	पक्षादिः	4.2.80	32	bila	बिल	
96	pakzAdiH	पक्षादिः	4.2.80	33	Kila	खिल	
96	pakzAdiH	पक्षादिः	4.2.80	34	yamala	यमल	
96	pakzAdiH	पक्षादिः	4.2.80	35	hasta	हस्त	
96	pakzAdiH	पक्षादिः	4.2.80	36	kalA	कला	
96	pakzAdiH	पक्षादिः	4.2.80	37	sakarRaka 	सकर्णक ॥	
97	karRAdiH	कर्णादिः	4.2.80	1	karRa	कर्ण	
97	karRAdiH	कर्णादिः	4.2.80	2	vasizWa	वसिष्ठ	
97	karRAdiH	कर्णादिः	4.2.80	3	arka	अर्क	
97	karRAdiH	कर्णादिः	4.2.80	4	arkalUza	अर्कलूष	
97	karRAdiH	कर्णादिः	4.2.80	5	drupada	द्रुपद	
97	karRAdiH	कर्णादिः	4.2.80	6	anaquhya	अनडुह्य	
97	karRAdiH	कर्णादिः	4.2.80	7	pAYcajanya	पाञ्चजन्य	
97	karRAdiH	कर्णादिः	4.2.80	8	sPiga	स्फिग	
97	karRAdiH	कर्णादिः	4.2.80	9	sPij	स्फिज्	
97	karRAdiH	कर्णादिः	4.2.80	10	kumBI	कुम्भी	
97	karRAdiH	कर्णादिः	4.2.80	11	kuntI	कुन्ती	
97	karRAdiH	कर्णादिः	4.2.80	12	jitvan	जित्वन्	
97	karRAdiH	कर्णादिः	4.2.80	13	jIvanta	जीवन्त	
97	karRAdiH	कर्णादिः	4.2.80	14	kuliSa	कुलिश	
97	karRAdiH	कर्णादिः	4.2.80	15	aRqIvat	अण्डीवत्	
97	karRAdiH	कर्णादिः	4.2.80	16	ARaqIvata	आणडीवत	
97	karRAdiH	कर्णादिः	4.2.80	17	java	जव	
97	karRAdiH	कर्णादिः	4.2.80	18	jEtra	जैत्र	
97	karRAdiH	कर्णादिः	4.2.80	19	Akana	आकन	
97	karRAdiH	कर्णादिः	4.2.80	20	anaka 	अनक ॥	
98	sutaNgamAdiH	सुतङ्गमादिः	4.2.80	1	suMtagama	सुंतगम	
98	sutaNgamAdiH	सुतङ्गमादिः	4.2.80	2	municita	मुनिचित	
98	sutaNgamAdiH	सुतङ्गमादिः	4.2.80	3	vipracitta	विप्रचित्त	
98	sutaNgamAdiH	सुतङ्गमादिः	4.2.80	4	mahAcitta	महाचित्त	
98	sutaNgamAdiH	सुतङ्गमादिः	4.2.80	5	mahAputra	महापुत्र	
98	sutaNgamAdiH	सुतङ्गमादिः	4.2.80	6	svana	स्वन	
98	sutaNgamAdiH	सुतङ्गमादिः	4.2.80	7	Sveta	श्वेत	
98	sutaNgamAdiH	सुतङ्गमादिः	4.2.80	8	gaqika	गडिक	
98	sutaNgamAdiH	सुतङ्गमादिः	4.2.80	9	Kaqika	खडिक	
98	sutaNgamAdiH	सुतङ्गमादिः	4.2.80	10	Sukra	शुक्र	
98	sutaNgamAdiH	सुतङ्गमादिः	4.2.80	11	vigra	विग्र	
98	sutaNgamAdiH	सुतङ्गमादिः	4.2.80	12	bIjAvApin	बीजावापिन्	
98	sutaNgamAdiH	सुतङ्गमादिः	4.2.80	13	bIjavApin	बीजवापिन्	
98	sutaNgamAdiH	सुतङ्गमादिः	4.2.80	14	arjuna	अर्जुन	
98	sutaNgamAdiH	सुतङ्गमादिः	4.2.80	15	Svan	श्वन्	
98	sutaNgamAdiH	सुतङ्गमादिः	4.2.80	16	ajira	अजिर	
98	sutaNgamAdiH	सुतङ्गमादिः	4.2.80	17	jIva	जीव	
98	sutaNgamAdiH	सुतङ्गमादिः	4.2.80	18	KaRqina	खण्डिन	
98	sutaNgamAdiH	सुतङ्गमादिः	4.2.80	19	karRa	कर्ण	
98	sutaNgamAdiH	सुतङ्गमादिः	4.2.80	20	vigraha 	विग्रह ॥	
99	pragadyAdiH	प्रगद्यादिः	4.2.80	1	pragadin	प्रगदिन्	
99	pragadyAdiH	प्रगद्यादिः	4.2.80	2	magadin	मगदिन्	
99	pragadyAdiH	प्रगद्यादिः	4.2.80	3	maMdadin	मंददिन्	
99	pragadyAdiH	प्रगद्यादिः	4.2.80	4	kavila	कविल	
99	pragadyAdiH	प्रगद्यादिः	4.2.80	5	KaRqita	खण्डित	
99	pragadyAdiH	प्रगद्यादिः	4.2.80	6	gadita	गदित	
99	pragadyAdiH	प्रगद्यादिः	4.2.80	7	cUqAra	चूडार	
99	pragadyAdiH	प्रगद्यादिः	4.2.80	8	mandAra	मन्दार	
99	pragadyAdiH	प्रगद्यादिः	4.2.80	9	kovidAra 	कोविदार ॥	
100	varAhAdiH	वराहादिः	4.2.80	1	varAha	वराह	
100	varAhAdiH	वराहादिः	4.2.80	2	palASA	पलाशा	
100	varAhAdiH	वराहादिः	4.2.80	3	palASa	पलाश	
100	varAhAdiH	वराहादिः	4.2.80	4	Seriza	शेरिष	
100	varAhAdiH	वराहादिः	4.2.80	5	SirIza	शिरीष	
100	varAhAdiH	वराहादिः	4.2.80	6	pinadDa	पिनद्ध	
100	varAhAdiH	वराहादिः	4.2.80	7	nibadDa	निबद्ध	
100	varAhAdiH	वराहादिः	4.2.80	8	balAha	बलाह	
100	varAhAdiH	वराहादिः	4.2.80	9	sTUla	स्थूल	
100	varAhAdiH	वराहादिः	4.2.80	10	vidagDa	विदग्ध	
100	varAhAdiH	वराहादिः	4.2.80	11	vijagDa	विजग्ध	
100	varAhAdiH	वराहादिः	4.2.80	12	viBagna	विभग्न	
100	varAhAdiH	वराहादिः	4.2.80	13	nimagna	निमग्न	
100	varAhAdiH	वराहादिः	4.2.80	14	bAhu	बाहु	
100	varAhAdiH	वराहादिः	4.2.80	15	Kadira	खदिर	
100	varAhAdiH	वराहादिः	4.2.80	16	SarkarA 	शर्करा ॥	
101	kumudAdiH	कुमुदादिः	4.2.80	1	kumuda	कुमुद	
101	kumudAdiH	कुमुदादिः	4.2.80	2	gomaTa	गोमथ	
101	kumudAdiH	कुमुदादिः	4.2.80	3	raTakAra	रथकार	
101	kumudAdiH	कुमुदादिः	4.2.80	4	daSagrAma	दशग्राम	
101	kumudAdiH	कुमुदादिः	4.2.80	5	aSvatTa	अश्वत्थ	
101	kumudAdiH	कुमुदादिः	4.2.80	6	SAlmalI	शाल्मली	
101	kumudAdiH	कुमुदादिः	4.2.80	7	SirIza	शिरीष	
101	kumudAdiH	कुमुदादिः	4.2.80	8	munisTala	मुनिस्थल	
101	kumudAdiH	कुमुदादिः	4.2.80	9	kuRqala	कुण्डल	
101	kumudAdiH	कुमुदादिः	4.2.80	10	kUwa	कूट	
101	kumudAdiH	कुमुदादिः	4.2.80	11	muDukarRa	मुधुकर्ण	
101	kumudAdiH	कुमुदादिः	4.2.80	12	GAsakunda	घासकुन्द	
101	kumudAdiH	कुमुदादिः	4.2.80	13	SucikarRa 	शुचिकर्ण ॥	
102	varaRAdiH	वरणादिः	4.2.82	1	varaRA	वरणा	
102	varaRAdiH	वरणादिः	4.2.82	2	SfNgI	शृङ्गी	
102	varaRAdiH	वरणादिः	4.2.82	3	SAlmali	शाल्मलि	
102	varaRAdiH	वरणादिः	4.2.82	4	SuRqi	शुण्डि	
102	varaRAdiH	वरणादिः	4.2.82	5	SayARqI	शयाण्डी	
102	varaRAdiH	वरणादिः	4.2.82	6	parRI	पर्णी	
102	varaRAdiH	वरणादिः	4.2.82	7	tAmraparRI	ताम्रपर्णी	
102	varaRAdiH	वरणादिः	4.2.82	8	goda	गोद	
102	varaRAdiH	वरणादिः	4.2.82	9	AliNgyAyana	आलिङ्ग्यायन	
102	varaRAdiH	वरणादिः	4.2.82	10	jAlapadI	जालपदी	
102	varaRAdiH	वरणादिः	4.2.82	11	jAnapadI	जानपदी	
102	varaRAdiH	वरणादिः	4.2.82	12	jambU	जम्बू	
102	varaRAdiH	वरणादिः	4.2.82	13	puzkara	पुष्कर	
102	varaRAdiH	वरणादिः	4.2.82	14	sampA	सम्पा	
102	varaRAdiH	वरणादिः	4.2.82	15	pampA	पम्पा	
102	varaRAdiH	वरणादिः	4.2.82	16	valgu	वल्गु	
102	varaRAdiH	वरणादिः	4.2.82	17	ujjayinI	उज्जयिनी	
102	varaRAdiH	वरणादिः	4.2.82	18	gayA	गया	
102	varaRAdiH	वरणादिः	4.2.82	19	maTurA	मथुरा	
102	varaRAdiH	वरणादिः	4.2.82	20	takzaSilA	तक्षशिला	
102	varaRAdiH	वरणादिः	4.2.82	21	urasA	उरसा	
102	varaRAdiH	वरणादिः	4.2.82	22	gomatI	गोमती	
102	varaRAdiH	वरणादिः	4.2.82	23	valaBI 	वलभी ॥	
103	maDvAdiH	मध्वादिः	4.2.86	1	maDu	मधु	
103	maDvAdiH	मध्वादिः	4.2.86	2	bisa	बिस	
103	maDvAdiH	मध्वादिः	4.2.86	3	sTARu	स्थाणु	
103	maDvAdiH	मध्वादिः	4.2.86	4	veRu	वेणु	
103	maDvAdiH	मध्वादिः	4.2.86	5	karkanDu	कर्कन्धु	
103	maDvAdiH	मध्वादिः	4.2.86	6	SamI	शमी	
103	maDvAdiH	मध्वादिः	4.2.86	7	karIra	करीर	
103	maDvAdiH	मध्वादिः	4.2.86	8	hima	हिम	
103	maDvAdiH	मध्वादिः	4.2.86	9	kiSarA	किशरा	
103	maDvAdiH	मध्वादिः	4.2.86	10	SaryARA	शर्याणा	
103	maDvAdiH	मध्वादिः	4.2.86	11	marut	मरुत्	
103	maDvAdiH	मध्वादिः	4.2.86	12	vArdAlI	वार्दाली	
103	maDvAdiH	मध्वादिः	4.2.86	13	Sara	शर	
103	maDvAdiH	मध्वादिः	4.2.86	14	izwakA	इष्टका	
103	maDvAdiH	मध्वादिः	4.2.86	15	Asuti	आसुति	
103	maDvAdiH	मध्वादिः	4.2.86	16	Sakti	शक्ति	
103	maDvAdiH	मध्वादिः	4.2.86	17	AsandI	आसन्दी	
103	maDvAdiH	मध्वादिः	4.2.86	18	Sakala	शकल	
103	maDvAdiH	मध्वादिः	4.2.86	19	SalAkA	शलाका	
103	maDvAdiH	मध्वादिः	4.2.86	20	AmizI	आमिषी	
103	maDvAdiH	मध्वादिः	4.2.86	21	ikzu	इक्षु	
103	maDvAdiH	मध्वादिः	4.2.86	22	roman	रोमन्	
103	maDvAdiH	मध्वादिः	4.2.86	23	ruzwi	रुष्टि	
103	maDvAdiH	मध्वादिः	4.2.86	24	ruzya	रुष्य	
103	maDvAdiH	मध्वादिः	4.2.86	25	takzaSilA	तक्षशिला	
103	maDvAdiH	मध्वादिः	4.2.86	26	kaqa	कड	
103	maDvAdiH	मध्वादिः	4.2.86	27	vawa	वट	
103	maDvAdiH	मध्वादिः	4.2.86	28	vewa 	वेट ॥	
104	utkarAdiH	उत्करादिः	4.2.90	1	utkara	उत्कर	
104	utkarAdiH	उत्करादिः	4.2.90	2	saMPala	संफल	
104	utkarAdiH	उत्करादिः	4.2.90	3	SaPara	शफर	
104	utkarAdiH	उत्करादिः	4.2.90	4	pippala	पिप्पल	
104	utkarAdiH	उत्करादिः	4.2.90	5	pippalImUla	पिप्पलीमूल	
104	utkarAdiH	उत्करादिः	4.2.90	6	aSman	अश्मन्	
104	utkarAdiH	उत्करादिः	4.2.90	7	suvarRa	सुवर्ण	
104	utkarAdiH	उत्करादिः	4.2.90	8	svalAjina	स्वलाजिन	
104	utkarAdiH	उत्करादिः	4.2.90	9	tika	तिक	
104	utkarAdiH	उत्करादिः	4.2.90	10	kitava	कितव	
104	utkarAdiH	उत्करादिः	4.2.90	11	aRaka	अणक	
104	utkarAdiH	उत्करादिः	4.2.90	12	trEvaRa	त्रैवण	
104	utkarAdiH	उत्करादिः	4.2.90	13	picuka	पिचुक	
104	utkarAdiH	उत्करादिः	4.2.90	14	aSvatTa	अश्वत्थ	
104	utkarAdiH	उत्करादिः	4.2.90	15	kASa	काश	
104	utkarAdiH	उत्करादिः	4.2.90	16	kzudra	क्षुद्र	
104	utkarAdiH	उत्करादिः	4.2.90	17	BastrA	भस्त्रा	
104	utkarAdiH	उत्करादिः	4.2.90	18	SAla	शाल	
104	utkarAdiH	उत्करादिः	4.2.90	19	janyA	जन्या	
104	utkarAdiH	उत्करादिः	4.2.90	20	ajira	अजिर	
104	utkarAdiH	उत्करादिः	4.2.90	21	carman	चर्मन्	
104	utkarAdiH	उत्करादिः	4.2.90	22	utkroSa	उत्क्रोश	
104	utkarAdiH	उत्करादिः	4.2.90	23	kzAnta	क्षान्त	
104	utkarAdiH	उत्करादिः	4.2.90	24	Kadira	खदिर	
104	utkarAdiH	उत्करादिः	4.2.90	25	SUrpaRAya	शूर्पणाय	
104	utkarAdiH	उत्करादिः	4.2.90	26	SyAvanAya	श्यावनाय	
104	utkarAdiH	उत्करादिः	4.2.90	27	nEvAkava	नैवाकव	
104	utkarAdiH	उत्करादिः	4.2.90	28	tfRa	तृण	
104	utkarAdiH	उत्करादिः	4.2.90	29	vfkza	वृक्ष	
104	utkarAdiH	उत्करादिः	4.2.90	30	SAka	शाक	
104	utkarAdiH	उत्करादिः	4.2.90	31	palASa	पलाश	
104	utkarAdiH	उत्करादिः	4.2.90	32	vijigIzA	विजिगीषा	
104	utkarAdiH	उत्करादिः	4.2.90	33	aneka	अनेक	
104	utkarAdiH	उत्करादिः	4.2.90	34	Atapa	आतप	
104	utkarAdiH	उत्करादिः	4.2.90	35	Pala	फल	
104	utkarAdiH	उत्करादिः	4.2.90	36	saMpara	संपर	
104	utkarAdiH	उत्करादिः	4.2.90	37	arka	अर्क	
104	utkarAdiH	उत्करादिः	4.2.90	38	garta	गर्त	
104	utkarAdiH	उत्करादिः	4.2.90	39	agni	अग्नि	
104	utkarAdiH	उत्करादिः	4.2.90	40	vErARaka	वैराणक	
104	utkarAdiH	उत्करादिः	4.2.90	41	iqA	इडा	
104	utkarAdiH	उत्करादिः	4.2.90	42	araRya	अरण्य	
104	utkarAdiH	उत्करादिः	4.2.90	43	niSAnta	निशान्त	
104	utkarAdiH	उत्करादिः	4.2.90	44	paRa	पण	
104	utkarAdiH	उत्करादिः	4.2.90	45	nIcAyaka	नीचायक	
104	utkarAdiH	उत्करादिः	4.2.90	46	SaMkara	शंकर	
104	utkarAdiH	उत्करादिः	4.2.90	47	avarohita	अवरोहित	
104	utkarAdiH	उत्करादिः	4.2.90	48	kzAra	क्षार	
104	utkarAdiH	उत्करादिः	4.2.90	49	viSAla	विशाल	
104	utkarAdiH	उत्करादिः	4.2.90	50	vetra	वेत्र	
104	utkarAdiH	उत्करादिः	4.2.90	51	arIhaRa	अरीहण	
104	utkarAdiH	उत्करादिः	4.2.90	52	KaRqa	खण्ड	
104	utkarAdiH	उत्करादिः	4.2.90	53	vAtAgAra	वातागार	
104	utkarAdiH	उत्करादिः	4.2.90	54	indravfkza	इन्द्रवृक्ष	
104	utkarAdiH	उत्करादिः	4.2.90	55	nitAntavfkza	नितान्तवृक्ष	
104	utkarAdiH	उत्करादिः	4.2.90	56	nitAntAvfkza	नितान्तावृक्ष	
104	utkarAdiH	उत्करादिः	4.2.90	57	Ardravfkza 	आर्द्रवृक्ष ॥	
105	naqAdiH	नडादिः	4.2.91	1	naqa	नड	
105	naqAdiH	नडादिः	4.2.91	2	plakza	प्लक्ष	
105	naqAdiH	नडादिः	4.2.91	3	bilva	बिल्व	
105	naqAdiH	नडादिः	4.2.91	4	veRu	वेणु	
105	naqAdiH	नडादिः	4.2.91	5	vetra	वेत्र	
105	naqAdiH	नडादिः	4.2.91	6	vetasa	वेतस	
105	naqAdiH	नडादिः	4.2.91	7	ikzu	इक्षु	
105	naqAdiH	नडादिः	4.2.91	8	kAzWa	काष्ठ	
105	naqAdiH	नडादिः	4.2.91	9	kapota	कपोत	
105	naqAdiH	नडादिः	4.2.91	10	tfRa	तृण	
105	naqAdiH	नडादिः	4.2.91	11		॥	
106	kattryAdiH	कत्त्र्यादिः	4.2.95	1	katri	कत्रि	
106	kattryAdiH	कत्त्र्यादिः	4.2.95	2	umBi	उम्भि	
106	kattryAdiH	कत्त्र्यादिः	4.2.95	3	puzkara	पुष्कर	
106	kattryAdiH	कत्त्र्यादिः	4.2.95	4	puzkala	पुष्कल	
106	kattryAdiH	कत्त्र्यादिः	4.2.95	5	modana	मोदन	
106	kattryAdiH	कत्त्र्यादिः	4.2.95	6	kumBI	कुम्भी	
106	kattryAdiH	कत्त्र्यादिः	4.2.95	7	kuRqina	कुण्डिन	
106	kattryAdiH	कत्त्र्यादिः	4.2.95	8	nagarI	नगरी	
106	kattryAdiH	कत्त्र्यादिः	4.2.95	9	mAhizmatI	माहिष्मती	
106	kattryAdiH	कत्त्र्यादिः	4.2.95	10	varmatI	वर्मती	
106	kattryAdiH	कत्त्र्यादिः	4.2.95	11	uKyA	उख्या	
106	kattryAdiH	कत्त्र्यादिः	4.2.95	12	grAma	ग्राम	
106	kattryAdiH	कत्त्र्यादिः	4.2.95	13	kuqyAyA	कुड्याया	
106	kattryAdiH	कत्त्र्यादिः	4.2.95	14	yalopaSca 	यलोपश्च ॥	
107	nadyAdiH	नद्यादिः	4.2.97	1	nadI	नदी	
107	nadyAdiH	नद्यादिः	4.2.97	2	mahI	मही	
107	nadyAdiH	नद्यादिः	4.2.97	3	vArARasI	वाराणसी	
107	nadyAdiH	नद्यादिः	4.2.97	4	SrAvastI	श्रावस्ती	
107	nadyAdiH	नद्यादिः	4.2.97	5	kOSAmbI	कौशाम्बी	
107	nadyAdiH	नद्यादिः	4.2.97	6	vanakOSAmbI	वनकौशाम्बी	
107	nadyAdiH	नद्यादिः	4.2.97	7	vanakoSAmbI	वनकोशाम्बी	
107	nadyAdiH	नद्यादिः	4.2.97	8	kASaparI	काशपरी	
107	nadyAdiH	नद्यादिः	4.2.97	9	kASaPArI	काशफारी	
107	nadyAdiH	नद्यादिः	4.2.97	10	kASaParI	काशफरी	
107	nadyAdiH	नद्यादिः	4.2.97	11	KAdirI	खादिरी	
107	nadyAdiH	नद्यादिः	4.2.97	12	pUrvanagarI	पूर्वनगरी	
107	nadyAdiH	नद्यादिः	4.2.97	13	pAWA	पाठा	
107	nadyAdiH	नद्यादिः	4.2.97	14	mAyA	माया	
107	nadyAdiH	नद्यादिः	4.2.97	15	SAlvA	शाल्वा	
107	nadyAdiH	नद्यादिः	4.2.97	16	dArvA	दार्वा	
107	nadyAdiH	नद्यादिः	4.2.97	17	setakI	सेतकी	
107	nadyAdiH	नद्यादिः	4.2.97	18	vaqavAyA	वडवाया	
107	nadyAdiH	नद्यादिः	4.2.97	19	vfze 	वृषे ॥	
108	paladyAdiH	पलद्यादिः	4.2.110	1	paladI	पलदी	
108	paladyAdiH	पलद्यादिः	4.2.110	2	parizad	परिषद्	
108	paladyAdiH	पलद्यादिः	4.2.110	3	romaka	रोमक	
108	paladyAdiH	पलद्यादिः	4.2.110	4	vAhIka	वाहीक	
108	paladyAdiH	पलद्यादिः	4.2.110	5	kalakIwa	कलकीट	
108	paladyAdiH	पलद्यादिः	4.2.110	6	bahukIwa	बहुकीट	
108	paladyAdiH	पलद्यादिः	4.2.110	7	jAlakIwa	जालकीट	
108	paladyAdiH	पलद्यादिः	4.2.110	8	kamalakIwa	कमलकीट	
108	paladyAdiH	पलद्यादिः	4.2.110	9	kamalakIkara	कमलकीकर	
108	paladyAdiH	पलद्यादिः	4.2.110	10	kamalaBidA	कमलभिदा	
108	paladyAdiH	पलद्यादिः	4.2.110	11	gozWI	गोष्ठी	
108	paladyAdiH	पलद्यादिः	4.2.110	12	nEkatI	नैकती	
108	paladyAdiH	पलद्यादिः	4.2.110	13	pariKA	परिखा	
108	paladyAdiH	पलद्यादिः	4.2.110	14	SUrasena	शूरसेन	
108	paladyAdiH	पलद्यादिः	4.2.110	15	gomatI	गोमती	
108	paladyAdiH	पलद्यादिः	4.2.110	16	pawaccara	पटच्चर	
108	paladyAdiH	पलद्यादिः	4.2.110	17	udapAna	उदपान	
108	paladyAdiH	पलद्यादिः	4.2.110	18	yakflloma 	यकृल्लोम ॥	
109	kASyAdiH	काश्यादिः	4.2.116	1	kASi	काशि	
109	kASyAdiH	काश्यादिः	4.2.116	2	cedi	चेदि	
109	kASyAdiH	काश्यादिः	4.2.116	3	vedi	वेदि	
109	kASyAdiH	काश्यादिः	4.2.116	4	sAMyAti	सांयाति	
109	kASyAdiH	काश्यादिः	4.2.116	5	saMvAha	संवाह	
109	kASyAdiH	काश्यादिः	4.2.116	6	acyuta	अच्युत	
109	kASyAdiH	काश्यादिः	4.2.116	7	modamAna	मोदमान	
109	kASyAdiH	काश्यादिः	4.2.116	8	SakulAda	शकुलाद	
109	kASyAdiH	काश्यादिः	4.2.116	9	hastikarzU	हस्तिकर्षू	
109	kASyAdiH	काश्यादिः	4.2.116	10	kunAman	कुनामन्	
109	kASyAdiH	काश्यादिः	4.2.116	11	hiraRyA	हिरण्या	
109	kASyAdiH	काश्यादिः	4.2.116	12	karaRa	करण	
109	kASyAdiH	काश्यादिः	4.2.116	13	govAsana	गोवासन	
109	kASyAdiH	काश्यादिः	4.2.116	14	BAraNgI	भारङ्गी	
109	kASyAdiH	काश्यादिः	4.2.116	15	ariMdama	अरिंदम	
109	kASyAdiH	काश्यादिः	4.2.116	16	aritra	अरित्र	
109	kASyAdiH	काश्यादिः	4.2.116	17	devadatta	देवदत्त	
109	kASyAdiH	काश्यादिः	4.2.116	18	daSagrAma	दशग्राम	
109	kASyAdiH	काश्यादिः	4.2.116	19	SOvAvatAna	शौवावतान	
109	kASyAdiH	काश्यादिः	4.2.116	20	yuvarAja	युवराज	
109	kASyAdiH	काश्यादिः	4.2.116	21	uparAja	उपराज	
109	kASyAdiH	काश्यादिः	4.2.116	22	devarAja	देवराज	
109	kASyAdiH	काश्यादिः	4.2.116	23	modana	मोदन	
109	kASyAdiH	काश्यादिः	4.2.116	24	sinDumitra	सिन्धुमित्र	
109	kASyAdiH	काश्यादिः	4.2.116	25	dAsamitra	दासमित्र	
109	kASyAdiH	काश्यादिः	4.2.116	26	suDAmitra	सुधामित्र	
109	kASyAdiH	काश्यादिः	4.2.116	27	somamitra	सोममित्र	
109	kASyAdiH	काश्यादिः	4.2.116	28	CAgamitra	छागमित्र	
109	kASyAdiH	काश्यादिः	4.2.116	29	sADamitra	साधमित्र	
109	kASyAdiH	काश्यादिः	4.2.116	30	saDamitra	सधमित्र	
109	kASyAdiH	काश्यादिः	4.2.116	31	Apad	आपद्	
109	kASyAdiH	काश्यादिः	4.2.116	32	UrDva	ऊर्ध्व	
109	kASyAdiH	काश्यादिः	4.2.116	33	tat 	तत् ॥	
110	DUmAdiH	धूमादिः	4.2.127	1	DUma	धूम	
110	DUmAdiH	धूमादिः	4.2.127	2	zaqaRqa	षडण्ड	
110	DUmAdiH	धूमादिः	4.2.127	3	SaSAdana	शशादन	
110	DUmAdiH	धूमादिः	4.2.127	4	arjunAva	अर्जुनाव	
110	DUmAdiH	धूमादिः	4.2.127	5	mAhakasTalI	माहकस्थली	
110	DUmAdiH	धूमादिः	4.2.127	6	AnakasTalI	आनकस्थली	
110	DUmAdiH	धूमादिः	4.2.127	7	mAhizasTalI	माहिषस्थली	
110	DUmAdiH	धूमादिः	4.2.127	8	mAnasTalI	मानस्थली	
110	DUmAdiH	धूमादिः	4.2.127	9	awwasTalI	अट्टस्थली	
110	DUmAdiH	धूमादिः	4.2.127	10	madrakasTalI	मद्रकस्थली	
110	DUmAdiH	धूमादिः	4.2.127	11	samudrasTalI	समुद्रस्थली	
110	DUmAdiH	धूमादिः	4.2.127	12	dARqAyanasTalI	दाण्डायनस्थली	
110	DUmAdiH	धूमादिः	4.2.127	13	rAjasTalI	राजस्थली	
110	DUmAdiH	धूमादिः	4.2.127	14	videha	विदेह	
110	DUmAdiH	धूमादिः	4.2.127	15	rAjagfha	राजगृह	
110	DUmAdiH	धूमादिः	4.2.127	16	sAtrAsAha	सात्रासाह	
110	DUmAdiH	धूमादिः	4.2.127	17	Sazpa	शष्प	
110	DUmAdiH	धूमादिः	4.2.127	18	mitravarDra	मित्रवर्ध्र	
110	DUmAdiH	धूमादिः	4.2.127	19	mitravarDa	मित्रवर्ध	
110	DUmAdiH	धूमादिः	4.2.127	20	BakzAlI	भक्षाली	
110	DUmAdiH	धूमादिः	4.2.127	21	madrakUla	मद्रकूल	
110	DUmAdiH	धूमादिः	4.2.127	22	AjIkUla	आजीकूल	
110	DUmAdiH	धूमादिः	4.2.127	23	dvyAhava	द्व्याहव	
110	DUmAdiH	धूमादिः	4.2.127	24	dvyAhAva	द्व्याहाव	
110	DUmAdiH	धूमादिः	4.2.127	25	tryahava	त्र्यहव	
110	DUmAdiH	धूमादिः	4.2.127	26	tryAhAva	त्र्याहाव	
110	DUmAdiH	धूमादिः	4.2.127	27	saMsPAya	संस्फाय	
110	DUmAdiH	धूमादिः	4.2.127	28	barbara	बर्बर	
110	DUmAdiH	धूमादिः	4.2.127	29	varjya	वर्ज्य	
110	DUmAdiH	धूमादिः	4.2.127	30	garta	गर्त	
110	DUmAdiH	धूमादिः	4.2.127	31	Anarta	आनर्त	
110	DUmAdiH	धूमादिः	4.2.127	32	mAWara	माठर	
110	DUmAdiH	धूमादिः	4.2.127	33	pATeya	पाथेय	
110	DUmAdiH	धूमादिः	4.2.127	34	Goza	घोष	
110	DUmAdiH	धूमादिः	4.2.127	35	pallI	पल्ली	
110	DUmAdiH	धूमादिः	4.2.127	36	ArAjYI	आराज्ञी	
110	DUmAdiH	धूमादिः	4.2.127	37	DArtarAjYI	धार्तराज्ञी	
110	DUmAdiH	धूमादिः	4.2.127	38	Avaya	आवय	
110	DUmAdiH	धूमादिः	4.2.127	39	tIrTa	तीर्थ	
110	DUmAdiH	धूमादिः	4.2.127	40	kukzi	कुक्षि	
110	DUmAdiH	धूमादिः	4.2.127	41	antarIpa	अन्तरीप	
110	DUmAdiH	धूमादिः	4.2.127	42	dvIpa	द्वीप	
110	DUmAdiH	धूमादिः	4.2.127	43	aruRa	अरुण	
110	DUmAdiH	धूमादिः	4.2.127	44	ujjayanI	उज्जयनी	
110	DUmAdiH	धूमादिः	4.2.127	45	pawwAra	पट्टार	
110	DUmAdiH	धूमादिः	4.2.127	46	dakziRApaTa	दक्षिणापथ	
110	DUmAdiH	धूमादिः	4.2.127	47	sAketa 	साकेत ॥	
111	kacCAdiH	कच्छादिः	4.2.133	1	kacCa	कच्छ	
111	kacCAdiH	कच्छादिः	4.2.133	2	sinDu	सिन्धु	
111	kacCAdiH	कच्छादिः	4.2.133	3	varRu	वर्णु	
111	kacCAdiH	कच्छादिः	4.2.133	4	ganDAra	गन्धार	
111	kacCAdiH	कच्छादिः	4.2.133	5	maDumat	मधुमत्	
111	kacCAdiH	कच्छादिः	4.2.133	6	kamboja	कम्बोज	
111	kacCAdiH	कच्छादिः	4.2.133	7	kaSmIra	कश्मीर	
111	kacCAdiH	कच्छादिः	4.2.133	8	sAlva	साल्व	
111	kacCAdiH	कच्छादिः	4.2.133	9	kuru	कुरु	
111	kacCAdiH	कच्छादिः	4.2.133	10	anuSaRqa	अनुशण्ड	
111	kacCAdiH	कच्छादिः	4.2.133	11	dvIpa	द्वीप	
111	kacCAdiH	कच्छादिः	4.2.133	12	anUpa	अनूप	
111	kacCAdiH	कच्छादिः	4.2.133	13	ajavAha	अजवाह	
111	kacCAdiH	कच्छादिः	4.2.133	14	vijApaka	विजापक	
111	kacCAdiH	कच्छादिः	4.2.133	15	kalUtara	कलूतर	
111	kacCAdiH	कच्छादिः	4.2.133	16	raNku 	रङ्कु ॥	
112	gahAdiH	गहादिः	4.2.138	1	gaha	गह	
112	gahAdiH	गहादिः	4.2.138	2	antasTa	अन्तस्थ	
112	gahAdiH	गहादिः	4.2.138	3	sama	सम	
112	gahAdiH	गहादिः	4.2.138	4	vizama	विषम	
112	gahAdiH	गहादिः	4.2.138	5	maDya	मध्य	
112	gahAdiH	गहादिः	4.2.138	6	maDyaMdina	मध्यंदिन	
112	gahAdiH	गहादिः	4.2.138	7	caraRe	चरणे	
112	gahAdiH	गहादिः	4.2.138	8	uttama	उत्तम	
112	gahAdiH	गहादिः	4.2.138	9	aNga	अङ्ग	
112	gahAdiH	गहादिः	4.2.138	10	vaNga	वङ्ग	
112	gahAdiH	गहादिः	4.2.138	11	magaDa	मगध	
112	gahAdiH	गहादिः	4.2.138	12	pUrvapakza	पूर्वपक्ष	
112	gahAdiH	गहादिः	4.2.138	13	aparapakza	अपरपक्ष	
112	gahAdiH	गहादिः	4.2.138	14	aDamaSAKa	अधमशाख	
112	gahAdiH	गहादिः	4.2.138	15	uttamaSAKa	उत्तमशाख	
112	gahAdiH	गहादिः	4.2.138	16	samAnagrAma	समानग्राम	
112	gahAdiH	गहादिः	4.2.138	17	ekagrAma	एकग्राम	
112	gahAdiH	गहादिः	4.2.138	18	ekavfkza	एकवृक्ष	
112	gahAdiH	गहादिः	4.2.138	19	ekapalASa	एकपलाश	
112	gahAdiH	गहादिः	4.2.138	20	izvagra	इष्वग्र	
112	gahAdiH	गहादिः	4.2.138	21	izvanIka	इष्वनीक	
112	gahAdiH	गहादिः	4.2.138	22	avasyandan	अवस्यन्दन्	
112	gahAdiH	गहादिः	4.2.138	23	kAmaprasTa	कामप्रस्थ	
112	gahAdiH	गहादिः	4.2.138	24	SAqikAqAyani	शाडिकाडायनि	
112	gahAdiH	गहादिः	4.2.138	25	KAqAyana	खाडायन	
112	gahAdiH	गहादिः	4.2.138	26	kAWeraRi	काठेरणि	
112	gahAdiH	गहादिः	4.2.138	27	lAveraRi	लावेरणि	
112	gahAdiH	गहादिः	4.2.138	28	sOmitri	सौमित्रि	
112	gahAdiH	गहादिः	4.2.138	29	SESiri	शैशिरि	
112	gahAdiH	गहादिः	4.2.138	30	Ayuta	आयुत	
112	gahAdiH	गहादिः	4.2.138	31	dEvaSarmi	दैवशर्मि	
112	gahAdiH	गहादिः	4.2.138	32	SrOti	श्रौति	
112	gahAdiH	गहादिः	4.2.138	33	AhiMsi	आहिंसि	
112	gahAdiH	गहादिः	4.2.138	34	Amitri	आमित्रि	
112	gahAdiH	गहादिः	4.2.138	35	vyAqi	व्याडि	
112	gahAdiH	गहादिः	4.2.138	36	vEji	वैजि	
112	gahAdiH	गहादिः	4.2.138	37	ADyaSvi	आध्यश्वि	
112	gahAdiH	गहादिः	4.2.138	38	sOmitri	सौमित्रि	
112	gahAdiH	गहादिः	4.2.138	39	vyAqi	व्याडि	
112	gahAdiH	गहादिः	4.2.138	40	vEji	वैजि	
112	gahAdiH	गहादिः	4.2.138	41	ADyaSvi	आध्यश्वि	
112	gahAdiH	गहादिः	4.2.138	42	AnfSasi	आनृशसि	
112	gahAdiH	गहादिः	4.2.138	43	AnfSaMsi	आनृशंसि	
112	gahAdiH	गहादिः	4.2.138	44	agniSarmi	अग्निशर्मि	
112	gahAdiH	गहादिः	4.2.138	45	BOji	भौजि	
112	gahAdiH	गहादिः	4.2.138	46	vArAwaki	वाराटकि	
112	gahAdiH	गहादिः	4.2.138	47	vAlmiki	वाल्मिकि	
112	gahAdiH	गहादिः	4.2.138	48	vAlmIki	वाल्मीकि	
112	gahAdiH	गहादिः	4.2.138	49	kzEmavfdDi	क्षैमवृद्धि	
112	gahAdiH	गहादिः	4.2.138	50	ASvatTi	आश्वत्थि	
112	gahAdiH	गहादिः	4.2.138	51	OdgAhamAni	औद्गाहमानि	
112	gahAdiH	गहादिः	4.2.138	52	ekavindavi	एकविन्दवि	
112	gahAdiH	गहादिः	4.2.138	53	dantAgra	दन्ताग्र	
112	gahAdiH	गहादिः	4.2.138	54	haMsa	हंस	
112	gahAdiH	गहादिः	4.2.138	55	tatvagra	तत्वग्र	
112	gahAdiH	गहादिः	4.2.138	56	tantvagra	तन्त्वग्र	
112	gahAdiH	गहादिः	4.2.138	57	uttara	उत्तर	
112	gahAdiH	गहादिः	4.2.138	58	antara	अन्तर	
112	gahAdiH	गहादिः	4.2.138	59	anantara	अनन्तर	
112	gahAdiH	गहादिः	4.2.138	60		॥	
113	saMDivelAdiH	संधिवेलादिः	4.3.16	1	sanDivelA	सन्धिवेला	
113	saMDivelAdiH	संधिवेलादिः	4.3.16	2	saMDyA	संध्या	
113	saMDivelAdiH	संधिवेलादिः	4.3.16	3	amAvAsyA	अमावास्या	
113	saMDivelAdiH	संधिवेलादिः	4.3.16	4	trayodaSI	त्रयोदशी	
113	saMDivelAdiH	संधिवेलादिः	4.3.16	5	caturdaSI	चतुर्दशी	
113	saMDivelAdiH	संधिवेलादिः	4.3.16	6	paYcadaSI	पञ्चदशी	
113	saMDivelAdiH	संधिवेलादिः	4.3.16	7	pOrRamasI	पौर्णमसी	
113	saMDivelAdiH	संधिवेलादिः	4.3.16	8	pratipat	प्रतिपत्	
113	saMDivelAdiH	संधिवेलादिः	4.3.16	9		॥	
114	digAdiH	दिगादिः	4.3.54	1	diS	दिश्	
114	digAdiH	दिगादिः	4.3.54	2	varga	वर्ग	
114	digAdiH	दिगादिः	4.3.54	3	pUga	पूग	
114	digAdiH	दिगादिः	4.3.54	4	gaRa	गण	
114	digAdiH	दिगादिः	4.3.54	5	pakza	पक्ष	
114	digAdiH	दिगादिः	4.3.54	6	DAyyA	धाय्या	
114	digAdiH	दिगादिः	4.3.54	7	mitra	मित्र	
114	digAdiH	दिगादिः	4.3.54	8	meDA	मेधा	
114	digAdiH	दिगादिः	4.3.54	9	antara	अन्तर	
114	digAdiH	दिगादिः	4.3.54	10	paTin	पथिन्	
114	digAdiH	दिगादिः	4.3.54	11	rahas	रहस्	
114	digAdiH	दिगादिः	4.3.54	12	alIka	अलीक	
114	digAdiH	दिगादिः	4.3.54	13	uKA	उखा	
114	digAdiH	दिगादिः	4.3.54	14	sAkzin	साक्षिन्	
114	digAdiH	दिगादिः	4.3.54	15	Adi	आदि	
114	digAdiH	दिगादिः	4.3.54	16	deSa	देश	
114	digAdiH	दिगादिः	4.3.54	17	Adi	आदि	
114	digAdiH	दिगादिः	4.3.54	18	anta	अन्त	
114	digAdiH	दिगादिः	4.3.54	19	muKa	मुख	
114	digAdiH	दिगादिः	4.3.54	20	jaGana	जघन	
114	digAdiH	दिगादिः	4.3.54	21	meGa	मेघ	
114	digAdiH	दिगादिः	4.3.54	22	yUTa	यूथ	
114	digAdiH	दिगादिः	4.3.54	23	jYAya	ज्ञाय	
114	digAdiH	दिगादिः	4.3.54	24	nyAya	न्याय	
114	digAdiH	दिगादिः	4.3.54	25	vaMSa	वंश	
114	digAdiH	दिगादिः	4.3.54	26	veSa	वेश	
114	digAdiH	दिगादिः	4.3.54	27	kAla	काल	
114	digAdiH	दिगादिः	4.3.54	28	AkASa 	आकाश ॥	
115	parimuKAdiH	परिमुखादिः	4.3.59	1	parimuKa	परिमुख	
115	parimuKAdiH	परिमुखादिः	4.3.59	2	parihanu	परिहनु	
115	parimuKAdiH	परिमुखादिः	4.3.59	3	paryozWa	पर्योष्ठ	
115	parimuKAdiH	परिमुखादिः	4.3.59	4	paryulUKala	पर्युलूखल	
115	parimuKAdiH	परिमुखादिः	4.3.59	5	parisIra	परिसीर	
115	parimuKAdiH	परिमुखादिः	4.3.59	6	upasIra	उपसीर	
115	parimuKAdiH	परिमुखादिः	4.3.59	7	upasTURa	उपस्थूण	
115	parimuKAdiH	परिमुखादिः	4.3.59	8	upakalApa	उपकलाप	
115	parimuKAdiH	परिमुखादिः	4.3.59	9	anupaTa	अनुपथ	
115	parimuKAdiH	परिमुखादिः	4.3.59	10	anugaqga	अनुगड्ग	
115	parimuKAdiH	परिमुखादिः	4.3.59	11	anutila	अनुतिल	
115	parimuKAdiH	परिमुखादिः	4.3.59	12	anusIta	अनुसीत	
115	parimuKAdiH	परिमुखादिः	4.3.59	13	aDusAya	अधुसाय	
115	parimuKAdiH	परिमुखादिः	4.3.59	14	anusIra	अनुसीर	
115	parimuKAdiH	परिमुखादिः	4.3.59	15	anumAza	अनुमाष	
115	parimuKAdiH	परिमुखादिः	4.3.59	16	anuyava	अनुयव	
115	parimuKAdiH	परिमुखादिः	4.3.59	17	anuyUpa	अनुयूप	
115	parimuKAdiH	परिमुखादिः	4.3.59	18	anuvaMSa	अनुवंश	
115	parimuKAdiH	परिमुखादिः	4.3.59	19	pratiSAKa 	प्रतिशाख ॥	
116	aDyAtmAdiH	अध्यात्मादिः	4.3.60	1	aDyAtma	अध्यात्म	
116	aDyAtmAdiH	अध्यात्मादिः	4.3.60	2	aDideva	अधिदेव	
116	aDyAtmAdiH	अध्यात्मादिः	4.3.60	3	aDiBUta	अधिभूत	
116	aDyAtmAdiH	अध्यात्मादिः	4.3.60	4	ihaloka	इहलोक	
116	aDyAtmAdiH	अध्यात्मादिः	4.3.60	5	paraloka 	परलोक ॥	
117	fgayanAdiH	ऋगयनादिः	4.3.73	1	fgayana	ऋगयन	
117	fgayanAdiH	ऋगयनादिः	4.3.73	2	padavyAKyAna	पदव्याख्यान	
117	fgayanAdiH	ऋगयनादिः	4.3.73	3	CandomAna	छन्दोमान	
117	fgayanAdiH	ऋगयनादिः	4.3.73	4	CagdoBAzA	छग्दोभाषा	
117	fgayanAdiH	ऋगयनादिः	4.3.73	5	Candoviciti	छन्दोविचिति	
117	fgayanAdiH	ऋगयनादिः	4.3.73	6	nyAya	न्याय	
117	fgayanAdiH	ऋगयनादिः	4.3.73	7	punarukta	पुनरुक्त	
117	fgayanAdiH	ऋगयनादिः	4.3.73	8	vyAkaraRa	व्याकरण	
117	fgayanAdiH	ऋगयनादिः	4.3.73	9	nigama	निगम	
117	fgayanAdiH	ऋगयनादिः	4.3.73	10	vAstuvidyA	वास्तुविद्या	
117	fgayanAdiH	ऋगयनादिः	4.3.73	11	kzatravidyA	क्षत्रविद्या	
117	fgayanAdiH	ऋगयनादिः	4.3.73	12	aNgavidyA	अङ्गविद्या	
117	fgayanAdiH	ऋगयनादिः	4.3.73	13	vidyA	विद्या	
117	fgayanAdiH	ऋगयनादिः	4.3.73	14	utpAda	उत्पाद	
117	fgayanAdiH	ऋगयनादिः	4.3.73	15	utpAta	उत्पात	
117	fgayanAdiH	ऋगयनादिः	4.3.73	16	saMvatsara	संवत्सर	
117	fgayanAdiH	ऋगयनादिः	4.3.73	17	muhUrta	मुहूर्त	
117	fgayanAdiH	ऋगयनादिः	4.3.73	18	upanizad	उपनिषद्	
117	fgayanAdiH	ऋगयनादिः	4.3.73	19	nimitta	निमित्त	
117	fgayanAdiH	ऋगयनादिः	4.3.73	20	SikzA	शिक्षा	
117	fgayanAdiH	ऋगयनादिः	4.3.73	21	BikzA 	भिक्षा ॥	
118	SuRqikAdiH	शुण्डिकादिः	4.3.76	1	SuRqika	शुण्डिक	
118	SuRqikAdiH	शुण्डिकादिः	4.3.76	2	kfkaRa	कृकण	
118	SuRqikAdiH	शुण्डिकादिः	4.3.76	3	kfpaRa	कृपण	
118	SuRqikAdiH	शुण्डिकादिः	4.3.76	4	sTaRqila	स्थण्डिल	
118	SuRqikAdiH	शुण्डिकादिः	4.3.76	5	udapAna	उदपान	
118	SuRqikAdiH	शुण्डिकादिः	4.3.76	6	upala	उपल	
118	SuRqikAdiH	शुण्डिकादिः	4.3.76	7	tIrTa	तीर्थ	
118	SuRqikAdiH	शुण्डिकादिः	4.3.76	8	BUmi	भूमि	
118	SuRqikAdiH	शुण्डिकादिः	4.3.76	9	tfRa	तृण	
118	SuRqikAdiH	शुण्डिकादिः	4.3.76	10	parRa 	पर्ण ॥	
119	SaRqikAdiH	शण्डिकादिः	4.3.92	1	SaRqika	शण्डिक	
119	SaRqikAdiH	शण्डिकादिः	4.3.92	2	sarvasena	सर्वसेन	
119	SaRqikAdiH	शण्डिकादिः	4.3.92	3	sarvakeSa	सर्वकेश	
119	SaRqikAdiH	शण्डिकादिः	4.3.92	4	Saka	शक	
119	SaRqikAdiH	शण्डिकादिः	4.3.92	5	Sawa	शट	
119	SaRqikAdiH	शण्डिकादिः	4.3.92	6	raka	रक	
119	SaRqikAdiH	शण्डिकादिः	4.3.92	7	SaNKa	शङ्ख	
119	SaRqikAdiH	शण्डिकादिः	4.3.92	8	boDa 	बोध ॥	
120	sinDvAdiH	सिन्ध्वादिः	4.3.93	1	sinDu	सिन्धु	
120	sinDvAdiH	सिन्ध्वादिः	4.3.93	2	varRu	वर्णु	
120	sinDvAdiH	सिन्ध्वादिः	4.3.93	3	maDumat	मधुमत्	
120	sinDvAdiH	सिन्ध्वादिः	4.3.93	4	kamboja	कम्बोज	
120	sinDvAdiH	सिन्ध्वादिः	4.3.93	5	sAlva	साल्व	
120	sinDvAdiH	सिन्ध्वादिः	4.3.93	6	kaSmIra	कश्मीर	
120	sinDvAdiH	सिन्ध्वादिः	4.3.93	7	ganDAra	गन्धार	
120	sinDvAdiH	सिन्ध्वादिः	4.3.93	8	kizkinDA	किष्किन्धा	
120	sinDvAdiH	सिन्ध्वादिः	4.3.93	9	urasA	उरसा	
120	sinDvAdiH	सिन्ध्वादिः	4.3.93	10	darada	दरद	
120	sinDvAdiH	सिन्ध्वादिः	4.3.93	11	darad	दरद्	
120	sinDvAdiH	सिन्ध्वादिः	4.3.93	12	gandikA 	गन्दिका ॥	
121	takzaSilAdiH	तक्षशिलादिः	4.3.93	1	takzaSilA	तक्षशिला	
121	takzaSilAdiH	तक्षशिलादिः	4.3.93	2	vatsodDaraRa	वत्सोद्धरण	
121	takzaSilAdiH	तक्षशिलादिः	4.3.93	3	kOmedura	कौमेदुर	
121	takzaSilAdiH	तक्षशिलादिः	4.3.93	4	grAmaRI	ग्रामणी	
121	takzaSilAdiH	तक्षशिलादिः	4.3.93	5	Cagala	छगल	
121	takzaSilAdiH	तक्षशिलादिः	4.3.93	6	kozwukarRa	कोष्टुकर्ण	
121	takzaSilAdiH	तक्षशिलादिः	4.3.93	7	siMhakarRa	सिंहकर्ण	
121	takzaSilAdiH	तक्षशिलादिः	4.3.93	8	saMkucita	संकुचित	
121	takzaSilAdiH	तक्षशिलादिः	4.3.93	9	kinnara	किन्नर	
121	takzaSilAdiH	तक्षशिलादिः	4.3.93	10	kARqaDAra	काण्डधार	
121	takzaSilAdiH	तक्षशिलादिः	4.3.93	11	parvata	पर्वत	
121	takzaSilAdiH	तक्षशिलादिः	4.3.93	12	avasAna	अवसान	
121	takzaSilAdiH	तक्षशिलादिः	4.3.93	13	barbara	बर्बर	
121	takzaSilAdiH	तक्षशिलादिः	4.3.93	14	kaMsa 	कंस ॥	
122	SOnakAdiH	शौनकादिः	4.3.106	1	SOnaka	शौनक	
122	SOnakAdiH	शौनकादिः	4.3.106	2	vAjasaneya	वाजसनेय	
122	SOnakAdiH	शौनकादिः	4.3.106	3	SArNgarava	शार्ङ्गरव	
122	SOnakAdiH	शौनकादिः	4.3.106	4	SAzpeya	शाष्पेय	
122	SOnakAdiH	शौनकादिः	4.3.106	5	KAqAyana	खाडायन	
122	SOnakAdiH	शौनकादिः	4.3.106	6	stamBa	स्तम्भ	
122	SOnakAdiH	शौनकादिः	4.3.106	7	skanDa	स्कन्ध	
122	SOnakAdiH	शौनकादिः	4.3.106	8	devadarSana	देवदर्शन	
122	SOnakAdiH	शौनकादिः	4.3.106	9	rajjuBAra	रज्जुभार	
122	SOnakAdiH	शौनकादिः	4.3.106	10	rajjukaRWa	रज्जुकण्ठ	
122	SOnakAdiH	शौनकादिः	4.3.106	11	kaWaSAWa	कठशाठ	
122	SOnakAdiH	शौनकादिः	4.3.106	12	kazAya	कषाय	
122	SOnakAdiH	शौनकादिः	4.3.106	13	tala	तल	
122	SOnakAdiH	शौनकादिः	4.3.106	14	daRqa	दण्ड	
122	SOnakAdiH	शौनकादिः	4.3.106	15	puruzAMsaka	पुरुषांसक	
122	SOnakAdiH	शौनकादिः	4.3.106	16	aSvapeja 	अश्वपेज ॥	
123	kulAlAdiH	कुलालादिः	4.3.118	1	kulAla	कुलाल	
123	kulAlAdiH	कुलालादिः	4.3.118	2	varuqa	वरुड	
123	kulAlAdiH	कुलालादिः	4.3.118	3	cARqAla	चाण्डाल	
123	kulAlAdiH	कुलालादिः	4.3.118	4	nizAda	निषाद	
123	kulAlAdiH	कुलालादिः	4.3.118	5	karmAra	कर्मार	
123	kulAlAdiH	कुलालादिः	4.3.118	6	senA	सेना	
123	kulAlAdiH	कुलालादिः	4.3.118	7	sirinDra	सिरिन्ध्र	
123	kulAlAdiH	कुलालादिः	4.3.118	8	siriGri	सिरिघ्रि	
123	kulAlAdiH	कुलालादिः	4.3.118	9	sErinDra	सैरिन्ध्र	
123	kulAlAdiH	कुलालादिः	4.3.118	10	devarAja	देवराज	
123	kulAlAdiH	कुलालादिः	4.3.118	11	parzat	पर्षत्	
123	kulAlAdiH	कुलालादिः	4.3.118	12	parizat	परिषत्	
123	kulAlAdiH	कुलालादिः	4.3.118	13	vaDU	वधू	
123	kulAlAdiH	कुलालादिः	4.3.118	14	maDU	मधू	
123	kulAlAdiH	कुलालादिः	4.3.118	15	ruhU	रुहू	
123	kulAlAdiH	कुलालादिः	4.3.118	16	rudra	रुद्र	
123	kulAlAdiH	कुलालादिः	4.3.118	17	anaquH	अनडुः	
123	kulAlAdiH	कुलालादिः	4.3.118	18	brahman	ब्रह्मन्	
123	kulAlAdiH	कुलालादिः	4.3.118	19	kumBakAra	कुम्भकार	
123	kulAlAdiH	कुलालादिः	4.3.118	20	SvapAka 	श्वपाक ॥	
124	rEvatikAdiH	रैवतिकादिः	4.3.131	1	rEvatika	रैवतिक	
124	rEvatikAdiH	रैवतिकादिः	4.3.131	2	svApiSi	स्वापिशि	
124	rEvatikAdiH	रैवतिकादिः	4.3.131	3	gOragrIva	गौरग्रीव	
124	rEvatikAdiH	रैवतिकादिः	4.3.131	4	gOragrIvi	गौरग्रीवि	
124	rEvatikAdiH	रैवतिकादिः	4.3.131	5	OdameGi	औदमेघि	
124	rEvatikAdiH	रैवतिकादिः	4.3.131	6	OdavApi	औदवापि	
124	rEvatikAdiH	रैवतिकादिः	4.3.131	7	bejavApi 	बेजवापि ॥	
125	bilvAdiH	बिल्वादिः	4.3.136	1	bilva	बिल्व	
125	bilvAdiH	बिल्वादिः	4.3.136	2	vrIhi	व्रीहि	
125	bilvAdiH	बिल्वादिः	4.3.136	3	kARqa	काण्ड	
125	bilvAdiH	बिल्वादिः	4.3.136	4	mudga	मुद्ग	
125	bilvAdiH	बिल्वादिः	4.3.136	5	masUra	मसूर	
125	bilvAdiH	बिल्वादिः	4.3.136	6	goDUma	गोधूम	
125	bilvAdiH	बिल्वादिः	4.3.136	7	ikzu	इक्षु	
125	bilvAdiH	बिल्वादिः	4.3.136	8	veRu	वेणु	
125	bilvAdiH	बिल्वादिः	4.3.136	9	gaveDukA	गवेधुका	
125	bilvAdiH	बिल्वादिः	4.3.136	10	karpAsI	कर्पासी	
125	bilvAdiH	बिल्वादिः	4.3.136	11	pAwalI	पाटली	
125	bilvAdiH	बिल्वादिः	4.3.136	12	karkanDU	कर्कन्धू	
125	bilvAdiH	बिल्वादिः	4.3.136	13	kuwIra 	कुटीर ॥	
126	palASAdiH	पलाशादिः	4.3.141	1	palASa	पलाश	
126	palASAdiH	पलाशादिः	4.3.141	2	Kadira	खदिर	
126	palASAdiH	पलाशादिः	4.3.141	3	SiMSapA	शिंशपा	
126	palASAdiH	पलाशादिः	4.3.141	4	spandana	स्पन्दन	
126	palASAdiH	पलाशादिः	4.3.141	5	pUlAka	पूलाक	
126	palASAdiH	पलाशादिः	4.3.141	6	karIra	करीर	
126	palASAdiH	पलाशादिः	4.3.141	7	SirIza	शिरीष	
126	palASAdiH	पलाशादिः	4.3.141	8	yavAsa	यवास	
126	palASAdiH	पलाशादिः	4.3.141	9	vikaNkata 	विकङ्कत ॥	
127	SarAdiH	शरादिः	4.3.144	1	Sara	शर	
127	SarAdiH	शरादिः	4.3.144	2	darBa	दर्भ	
127	SarAdiH	शरादिः	4.3.144	3	mfd	मृद्	
127	SarAdiH	शरादिः	4.3.144	4	mft	मृत्	
127	SarAdiH	शरादिः	4.3.144	5	kuwI	कुटी	
127	SarAdiH	शरादिः	4.3.144	6	tfRa	तृण	
127	SarAdiH	शरादिः	4.3.144	7	soma	सोम	
127	SarAdiH	शरादिः	4.3.144	8	balvaja 	बल्वज ॥	
128	tAlAdiH	तालादिः	4.3.152	1	tAlAdDanuzi	तालाद्धनुषि	
128	tAlAdiH	तालादिः	4.3.152	2	bArhiRa	बार्हिण	
128	tAlAdiH	तालादिः	4.3.152	3	indrAliSa	इन्द्रालिश	
128	tAlAdiH	तालादिः	4.3.152	4	indrAdfSa	इन्द्रादृश	
128	tAlAdiH	तालादिः	4.3.152	5	indrASiza	इन्द्राशिष	
128	tAlAdiH	तालादिः	4.3.152	6	indrAyuDa	इन्द्रायुध	
128	tAlAdiH	तालादिः	4.3.152	7	caya	चय	
128	tAlAdiH	तालादिः	4.3.152	8	SyAmAka	श्यामाक	
128	tAlAdiH	तालादिः	4.3.152	9	pIyUkzA 	पीयूक्षा ॥	
129	rajatAdiH	रजतादिः	4.3.154	1	rajata	रजत	
129	rajatAdiH	रजतादिः	4.3.154	2	sIsa	सीस	
129	rajatAdiH	रजतादिः	4.3.154	3	loha	लोह	
129	rajatAdiH	रजतादिः	4.3.154	4	udumbara	उदुम्बर	
129	rajatAdiH	रजतादिः	4.3.154	5	nIpa	नीप	
129	rajatAdiH	रजतादिः	4.3.154	6	dAru	दारु	
129	rajatAdiH	रजतादिः	4.3.154	7	rohitaka	रोहितक	
129	rajatAdiH	रजतादिः	4.3.154	8	biBItaka	बिभीतक	
129	rajatAdiH	रजतादिः	4.3.154	9	pItadAru	पीतदारु	
129	rajatAdiH	रजतादिः	4.3.154	10	tIvradAru	तीव्रदारु	
129	rajatAdiH	रजतादिः	4.3.154	11	trikaRwaka	त्रिकण्टक	
129	rajatAdiH	रजतादिः	4.3.154	12	kaRwakAra 	कण्टकार ॥	
130	plakzAdiH	प्लक्षादिः	4.3.164	1	plakza	प्लक्ष	
130	plakzAdiH	प्लक्षादिः	4.3.164	2	nyagroDa	न्यग्रोध	
130	plakzAdiH	प्लक्षादिः	4.3.164	3	aSvatTa	अश्वत्थ	
130	plakzAdiH	प्लक्षादिः	4.3.164	4	iNgudI	इङ्गुदी	
130	plakzAdiH	प्लक्षादिः	4.3.164	5	Sigru	शिग्रु	
130	plakzAdiH	प्लक्षादिः	4.3.164	6	ruru	रुरु	
130	plakzAdiH	प्लक्षादिः	4.3.164	7	kakzatu	कक्षतु	
130	plakzAdiH	प्लक्षादिः	4.3.164	8	bfhatI 	बृहती ॥	
131	harItakyAdiH	हरीतक्यादिः	4.3.167	1	harItakI	हरीतकी	
131	harItakyAdiH	हरीतक्यादिः	4.3.167	2	koSAtakI	कोशातकी	
131	harItakyAdiH	हरीतक्यादिः	4.3.167	3	naKaraYjanI	नखरञ्जनी	
131	harItakyAdiH	हरीतक्यादिः	4.3.167	4	SazkaRqI	शष्कण्डी	
131	harItakyAdiH	हरीतक्यादिः	4.3.167	5	dAqI	दाडी	
131	harItakyAdiH	हरीतक्यादिः	4.3.167	6	doqI	दोडी	
131	harItakyAdiH	हरीतक्यादिः	4.3.167	7	SvetapAkI	श्वेतपाकी	
131	harItakyAdiH	हरीतक्यादिः	4.3.167	8	arjunapAkI	अर्जुनपाकी	
131	harItakyAdiH	हरीतक्यादिः	4.3.167	9	drAkzA	द्राक्षा	
131	harItakyAdiH	हरीतक्यादिः	4.3.167	10	kAlA	काला	
131	harItakyAdiH	हरीतक्यादिः	4.3.167	11	DvAkzA	ध्वाक्षा	
131	harItakyAdiH	हरीतक्यादिः	4.3.167	12	gamIkA	गमीका	
131	harItakyAdiH	हरीतक्यादिः	4.3.167	13	kaRwakArikA	कण्टकारिका	
131	harItakyAdiH	हरीतक्यादिः	4.3.167	14	pippalI	पिप्पली	
131	harItakyAdiH	हरीतक्यादिः	4.3.167	15	cimpA	चिम्पा	
131	harItakyAdiH	हरीतक्यादिः	4.3.167	16	ciYcA	चिञ्चा	
131	harItakyAdiH	हरीतक्यादिः	4.3.167	17	SePAlikA 	शेफालिका ॥	
132	mASabdAdiH	माशब्दादिः	4.4.1	1	mASabdaH	माशब्दः	
132	mASabdAdiH	माशब्दादिः	4.4.1	2	nityaSabdaH	नित्यशब्दः	
132	mASabdAdiH	माशब्दादिः	4.4.1	3	kAryaSabdaH 	कार्यशब्दः ॥	
133	praBftAdiH	प्रभृतादिः	4.4.1	1	praBUta	प्रभूत	
133	praBftAdiH	प्रभृतादिः	4.4.1	2	paryApta 	पर्याप्त ॥	
134	susnAtAdiH	सुस्नातादिः	4.4.1	1	susnAta	सुस्नात	
134	susnAtAdiH	सुस्नातादिः	4.4.1	2	suKarAtri	सुखरात्रि	
134	susnAtAdiH	सुस्नातादिः	4.4.1	3	suKaSayana 	सुखशयन ॥	
135	paradArAdiH	परदारादिः	4.4.1	1	paradAra	परदार	
135	paradArAdiH	परदारादिः	4.4.1	2	gurutalpa 	गुरुतल्प ॥	
136	parpAdiH	पर्पादिः	4.4.10	1	parpa	पर्प	
136	parpAdiH	पर्पादिः	4.4.10	2	aSva	अश्व	
136	parpAdiH	पर्पादिः	4.4.10	3	aSvatTa	अश्वत्थ	
136	parpAdiH	पर्पादिः	4.4.10	4	raTa	रथ	
136	parpAdiH	पर्पादिः	4.4.10	5	jAla	जाल	
136	parpAdiH	पर्पादिः	4.4.10	6	nyAsa	न्यास	
136	parpAdiH	पर्पादिः	4.4.10	7	vyAla	व्याल	
136	parpAdiH	पर्पादिः	4.4.10	8	pAda	पाद	
136	parpAdiH	पर्पादिः	4.4.10	9	paYca 	पञ्च ॥	
137	vetanAdiH	वेतनादिः	4.4.12	1	vetana	वेतन	
137	vetanAdiH	वेतनादिः	4.4.12	2	vAhana	वाहन	
137	vetanAdiH	वेतनादिः	4.4.12	3	arDavAhana	अर्धवाहन	
137	vetanAdiH	वेतनादिः	4.4.12	4	DanurdaRqa	धनुर्दण्ड	
137	vetanAdiH	वेतनादिः	4.4.12	5	jAla	जाल	
137	vetanAdiH	वेतनादिः	4.4.12	6	veSa	वेश	
137	vetanAdiH	वेतनादिः	4.4.12	7	upaveSa	उपवेश	
137	vetanAdiH	वेतनादिः	4.4.12	8	prezaRa	प्रेषण	
137	vetanAdiH	वेतनादिः	4.4.12	9	upavasti	उपवस्ति	
137	vetanAdiH	वेतनादिः	4.4.12	10	suKa	सुख	
137	vetanAdiH	वेतनादिः	4.4.12	11	SayyA	शय्या	
137	vetanAdiH	वेतनादिः	4.4.12	12	Sakti	शक्ति	
137	vetanAdiH	वेतनादिः	4.4.12	13	upanizat	उपनिषत्	
137	vetanAdiH	वेतनादिः	4.4.12	14	upadeSa	उपदेश	
137	vetanAdiH	वेतनादिः	4.4.12	15	sPij	स्फिज्	
137	vetanAdiH	वेतनादिः	4.4.12	16	sPija	स्फिज	
137	vetanAdiH	वेतनादिः	4.4.12	17	pAda	पाद	
137	vetanAdiH	वेतनादिः	4.4.12	18	upasTa	उपस्थ	
137	vetanAdiH	वेतनादिः	4.4.12	19	upasTAna	उपस्थान	
137	vetanAdiH	वेतनादिः	4.4.12	20	upahasta 	उपहस्त ॥	
138	utsaNgAdiH	उत्सङ्गादिः	4.4.15	1	utsaNga	उत्सङ्ग	
138	utsaNgAdiH	उत्सङ्गादिः	4.4.15	2	uqupa	उडुप	
138	utsaNgAdiH	उत्सङ्गादिः	4.4.15	3	utpUta	उत्पूत	
138	utsaNgAdiH	उत्सङ्गादिः	4.4.15	4	utpanna	उत्पन्न	
138	utsaNgAdiH	उत्सङ्गादिः	4.4.15	5	utpuwa	उत्पुट	
138	utsaNgAdiH	उत्सङ्गादिः	4.4.15	6	piwaka	पिटक	
138	utsaNgAdiH	उत्सङ्गादिः	4.4.15	7	piwAka 	पिटाक ॥	
139	BastrAdiH	भस्त्रादिः	4.4.16	1	BastrA	भस्त्रा	
139	BastrAdiH	भस्त्रादिः	4.4.16	2	Barawa	भरट	
139	BastrAdiH	भस्त्रादिः	4.4.16	3	BaraRa	भरण	
139	BastrAdiH	भस्त्रादिः	4.4.16	4	SIrza	शीर्ष	
139	BastrAdiH	भस्त्रादिः	4.4.16	5	SIrzeBAra	शीर्षेभार	
139	BastrAdiH	भस्त्रादिः	4.4.16	6	aMsaBAra	अंसभार	
139	BastrAdiH	भस्त्रादिः	4.4.16	7	aMseBAra 	अंसेभार ॥	
140	akzadyUtAdiH	अक्षद्यूतादिः	4.4.19	1	akzadyUta	अक्षद्यूत	
140	akzadyUtAdiH	अक्षद्यूतादिः	4.4.19	2	jAnuprahfta	जानुप्रहृत	
140	akzadyUtAdiH	अक्षद्यूतादिः	4.4.19	3	jaNGAprahfta	जङ्घाप्रहृत	
140	akzadyUtAdiH	अक्षद्यूतादिः	4.4.19	4	jaNGAprahata	जङ्घाप्रहत	
140	akzadyUtAdiH	अक्षद्यूतादिः	4.4.19	5	pAdaKedana	पादखेदन	
140	akzadyUtAdiH	अक्षद्यूतादिः	4.4.19	6	kaRwakamardana	कण्टकमर्दन	
140	akzadyUtAdiH	अक्षद्यूतादिः	4.4.19	7	gatAnugata	गतानुगत	
140	akzadyUtAdiH	अक्षद्यूतादिः	4.4.19	8	gatAgata	गतागत	
140	akzadyUtAdiH	अक्षद्यूतादिः	4.4.19	9	yAtopayAta	यातोपयात	
140	akzadyUtAdiH	अक्षद्यूतादिः	4.4.19	10	anugata 	अनुगत ॥	
141	mahizyAdiH	महिष्यादिः	4.4.48	1	mahizI	महिषी	
141	mahizyAdiH	महिष्यादिः	4.4.48	2	prajApatI	प्रजापती	
141	mahizyAdiH	महिष्यादिः	4.4.48	3	prajAvatI	प्रजावती	
141	mahizyAdiH	महिष्यादिः	4.4.48	4	pralepikA	प्रलेपिका	
141	mahizyAdiH	महिष्यादिः	4.4.48	5	vilepikA	विलेपिका	
141	mahizyAdiH	महिष्यादिः	4.4.48	6	anulepikA	अनुलेपिका	
141	mahizyAdiH	महिष्यादिः	4.4.48	7	purohitA	पुरोहिता	
141	mahizyAdiH	महिष्यादिः	4.4.48	8	maRipAlI	मणिपाली	
141	mahizyAdiH	महिष्यादिः	4.4.48	9	anuvAraka	अनुवारक	
141	mahizyAdiH	महिष्यादिः	4.4.48	10	nucAra	नुचार	
141	mahizyAdiH	महिष्यादिः	4.4.48	11	hotf	होतृ	
141	mahizyAdiH	महिष्यादिः	4.4.48	12	yajamAna 	यजमान ॥	
142	kisarAdiH	किसरादिः	4.4.53	1	kisara	किसर	
142	kisarAdiH	किसरादिः	4.4.53	2	narada	नरद	
142	kisarAdiH	किसरादिः	4.4.53	3	nalada	नलद	
142	kisarAdiH	किसरादिः	4.4.53	4	sTAgala	स्थागल	
142	kisarAdiH	किसरादिः	4.4.53	5	tagara	तगर	
142	kisarAdiH	किसरादिः	4.4.53	6	guggulu	गुग्गुलु	
142	kisarAdiH	किसरादिः	4.4.53	7	uSIra	उशीर	
142	kisarAdiH	किसरादिः	4.4.53	8	haridrA	हरिद्रा	
142	kisarAdiH	किसरादिः	4.4.53	9	haridru	हरिद्रु	
142	kisarAdiH	किसरादिः	4.4.53	10	pargI	पर्गी	
142	kisarAdiH	किसरादिः	4.4.53	11	parRI 	पर्णी ॥	
143	CatrAdiH	छत्रादिः	4.4.62	1	Catra	छत्र	
143	CatrAdiH	छत्रादिः	4.4.62	2	SikzA	शिक्षा	
143	CatrAdiH	छत्रादिः	4.4.62	3	prarohasTA	प्ररोहस्था	
143	CatrAdiH	छत्रादिः	4.4.62	4	buBukzA	बुभुक्षा	
143	CatrAdiH	छत्रादिः	4.4.62	5	carA	चरा	
143	CatrAdiH	छत्रादिः	4.4.62	6	titikzA	तितिक्षा	
143	CatrAdiH	छत्रादिः	4.4.62	7	upasTAna	उपस्थान	
143	CatrAdiH	छत्रादिः	4.4.62	8	fzi	ऋषि	
143	CatrAdiH	छत्रादिः	4.4.62	9	karman	कर्मन्	
143	CatrAdiH	छत्रादिः	4.4.62	10	viSvaDA	विश्वधा	
143	CatrAdiH	छत्रादिः	4.4.62	11	tapas	तपस्	
143	CatrAdiH	छत्रादिः	4.4.62	12	satya	सत्य	
143	CatrAdiH	छत्रादिः	4.4.62	13	anfta	अनृत	
143	CatrAdiH	छत्रादिः	4.4.62	14	viSiKA	विशिखा	
143	CatrAdiH	छत्रादिः	4.4.62	15	viSikA	विशिका	
143	CatrAdiH	छत्रादिः	4.4.62	16	BakzA	भक्षा	
143	CatrAdiH	छत्रादिः	4.4.62	17	udasTAna	उदस्थान	
143	CatrAdiH	छत्रादिः	4.4.62	18	paroqA	परोडा	
143	CatrAdiH	छत्रादिः	4.4.62	19	vikzA	विक्षा	
143	CatrAdiH	छत्रादिः	4.4.62	20	cukzA	चुक्षा	
143	CatrAdiH	छत्रादिः	4.4.62	21	mandra 	मन्द्र ॥	
144	pratijanAdiH	प्रतिजनादिः	4.4.99	1	pratijana	प्रतिजन	
144	pratijanAdiH	प्रतिजनादिः	4.4.99	2	idaMyuga	इदंयुग	
144	pratijanAdiH	प्रतिजनादिः	4.4.99	3	saMyuga	संयुग	
144	pratijanAdiH	प्रतिजनादिः	4.4.99	4	samayuga	समयुग	
144	pratijanAdiH	प्रतिजनादिः	4.4.99	5	parayuga	परयुग	
144	pratijanAdiH	प्रतिजनादिः	4.4.99	6	parakula	परकुल	
144	pratijanAdiH	प्रतिजनादिः	4.4.99	7	parasyakula	परस्यकुल	
144	pratijanAdiH	प्रतिजनादिः	4.4.99	8	amuzyakula	अमुष्यकुल	
144	pratijanAdiH	प्रतिजनादिः	4.4.99	9	sarvajana	सर्वजन	
144	pratijanAdiH	प्रतिजनादिः	4.4.99	10	viSvajana	विश्वजन	
144	pratijanAdiH	प्रतिजनादिः	4.4.99	11	mahAjana	महाजन	
144	pratijanAdiH	प्रतिजनादिः	4.4.99	12	paYcajana 	पञ्चजन ॥	
145	kaTAdiH	कथादिः	4.4.102	1	kaTA	कथा	
145	kaTAdiH	कथादिः	4.4.102	2	vikaTA	विकथा	
145	kaTAdiH	कथादिः	4.4.102	3	viSvakaTA	विश्वकथा	
145	kaTAdiH	कथादिः	4.4.102	4	saMkaTA	संकथा	
145	kaTAdiH	कथादिः	4.4.102	5	vitaRqA	वितण्डा	
145	kaTAdiH	कथादिः	4.4.102	6	kuzwavid	कुष्टविद्	
145	kaTAdiH	कथादिः	4.4.102	7	kuzWavid	कुष्ठविद्	
145	kaTAdiH	कथादिः	4.4.102	8	janavAda	जनवाद	
145	kaTAdiH	कथादिः	4.4.102	9	janevAda	जनेवाद	
145	kaTAdiH	कथादिः	4.4.102	10	janovAda	जनोवाद	
145	kaTAdiH	कथादिः	4.4.102	11	vftti	वृत्ति	
145	kaTAdiH	कथादिः	4.4.102	12	saMgfha	संगृह	
145	kaTAdiH	कथादिः	4.4.102	13	guRagaRa	गुणगण	
145	kaTAdiH	कथादिः	4.4.102	14	Ayurveda 	आयुर्वेद ॥	
146	guqAdiH	गुडादिः	4.4.103	1	guqa	गुड	
146	guqAdiH	गुडादिः	4.4.103	2	kulmAza	कुल्माष	
146	guqAdiH	गुडादिः	4.4.103	3	saktu	सक्तु	
146	guqAdiH	गुडादिः	4.4.103	4	apUpa	अपूप	
146	guqAdiH	गुडादिः	4.4.103	5	mAMsOdana	मांसौदन	
146	guqAdiH	गुडादिः	4.4.103	6	ikzu	इक्षु	
146	guqAdiH	गुडादिः	4.4.103	7	veRu	वेणु	
146	guqAdiH	गुडादिः	4.4.103	8	saNgrAma	सङ्ग्राम	
146	guqAdiH	गुडादिः	4.4.103	9	saMGAta	संघात	
146	guqAdiH	गुडादिः	4.4.103	10	saMkAma	संकाम	
146	guqAdiH	गुडादिः	4.4.103	11	saMvAha	संवाह	
146	guqAdiH	गुडादिः	4.4.103	12	pravAsa	प्रवास	
146	guqAdiH	गुडादिः	4.4.103	13	nivAsa	निवास	
146	guqAdiH	गुडादिः	4.4.103	14	upavAsa 	उपवास ॥	
147	ugavAdiH	उगवादिः	5.1.2	1	go	गो	
147	ugavAdiH	उगवादिः	5.1.2	2	havis	हविस्	
147	ugavAdiH	उगवादिः	5.1.2	3	akzara	अक्षर	
147	ugavAdiH	उगवादिः	5.1.2	4	viza	विष	
147	ugavAdiH	उगवादिः	5.1.2	5	barhis	बर्हिस्	
147	ugavAdiH	उगवादिः	5.1.2	6	azwakA	अष्टका	
147	ugavAdiH	उगवादिः	5.1.2	7	svadA	स्वदा	
147	ugavAdiH	उगवादिः	5.1.2	8	yuga	युग	
147	ugavAdiH	उगवादिः	5.1.2	9	meDA	मेधा	
147	ugavAdiH	उगवादिः	5.1.2	10	srac	स्रच्	
147	ugavAdiH	उगवादिः	5.1.2	11	kUpa	कूप	
147	ugavAdiH	उगवादिः	5.1.2	12	Kada	खद	
147	ugavAdiH	उगवादिः	5.1.2	13	dara	दर	
147	ugavAdiH	उगवादिः	5.1.2	14	asura	असुर	
147	ugavAdiH	उगवादिः	5.1.2	15	aDvan	अध्वन्	
147	ugavAdiH	उगवादिः	5.1.2	16	aDvana	अध्वन	
147	ugavAdiH	उगवादिः	5.1.2	17	kzara	क्षर	
147	ugavAdiH	उगवादिः	5.1.2	18	veda	वेद	
147	ugavAdiH	उगवादिः	5.1.2	19	bIja	बीज	
147	ugavAdiH	उगवादिः	5.1.2	20	dIsa	दीस	
147	ugavAdiH	उगवादिः	5.1.2	21	dIpta 	दीप्त ॥	
148	apUpAdiH	अपूपादिः	5.1.4	1	apUpa	अपूप	
148	apUpAdiH	अपूपादिः	5.1.4	2	taRqula	तण्डुल	
148	apUpAdiH	अपूपादिः	5.1.4	3	aByuza	अभ्युष	
148	apUpAdiH	अपूपादिः	5.1.4	4	aByUza	अभ्यूष	
148	apUpAdiH	अपूपादिः	5.1.4	5	aByoza	अभ्योष	
148	apUpAdiH	अपूपादिः	5.1.4	6	avoza	अवोष	
148	apUpAdiH	अपूपादिः	5.1.4	7	aByeza	अभ्येष	
148	apUpAdiH	अपूपादिः	5.1.4	8	pfTuka	पृथुक	
148	apUpAdiH	अपूपादिः	5.1.4	9	odana	ओदन	
148	apUpAdiH	अपूपादिः	5.1.4	10	sUpa	सूप	
148	apUpAdiH	अपूपादिः	5.1.4	11	pUpa	पूप	
148	apUpAdiH	अपूपादिः	5.1.4	12	kiRva	किण्व	
148	apUpAdiH	अपूपादिः	5.1.4	13	pradIpa	प्रदीप	
148	apUpAdiH	अपूपादिः	5.1.4	14	musala	मुसल	
148	apUpAdiH	अपूपादिः	5.1.4	15	kawaka	कटक	
148	apUpAdiH	अपूपादिः	5.1.4	16	karRavezwaka	कर्णवेष्टक	
148	apUpAdiH	अपूपादिः	5.1.4	17	irgala	इर्गल	
148	apUpAdiH	अपूपादिः	5.1.4	18	argala	अर्गल	
148	apUpAdiH	अपूपादिः	5.1.4	19	yUpa	यूप	
148	apUpAdiH	अपूपादिः	5.1.4	20	sTURA	स्थूणा	
148	apUpAdiH	अपूपादिः	5.1.4	21	dIpa	दीप	
148	apUpAdiH	अपूपादिः	5.1.4	22	aSva	अश्व	
148	apUpAdiH	अपूपादिः	5.1.4	23	patra 	पत्र ॥	
149	nizkAdiH	निष्कादिः	5.1.20	1	nizka	निष्क	
149	nizkAdiH	निष्कादिः	5.1.20	2	paRa	पण	
149	nizkAdiH	निष्कादिः	5.1.20	3	pAda	पाद	
149	nizkAdiH	निष्कादिः	5.1.20	4	mAza	माष	
149	nizkAdiH	निष्कादिः	5.1.20	5	vAha	वाह	
149	nizkAdiH	निष्कादिः	5.1.20	6	droRa	द्रोण	
149	nizkAdiH	निष्कादिः	5.1.20	7	zazwi 	षष्टि ॥	
150	aSvAdiH	अश्वादिः	5.1.39	1	aSva	अश्व	
150	aSvAdiH	अश्वादिः	5.1.39	2	aSman	अश्मन्	
150	aSvAdiH	अश्वादिः	5.1.39	3	gaRa	गण	
150	aSvAdiH	अश्वादिः	5.1.39	4	UrRA	ऊर्णा	
150	aSvAdiH	अश्वादिः	5.1.39	5	urma	उर्म	
150	aSvAdiH	अश्वादिः	5.1.39	6	umA	उमा	
150	aSvAdiH	अश्वादिः	5.1.39	7	BaNgA	भङ्गा	
150	aSvAdiH	अश्वादिः	5.1.39	8	gaNgA	गङ्गा	
150	aSvAdiH	अश्वादिः	5.1.39	9	varzA	वर्षा	
150	aSvAdiH	अश्वादिः	5.1.39	10	vasu 	वसु ॥	
151	vaMSAdiH	वंशादिः	5.1.50	1	vaMSa	वंश	
151	vaMSAdiH	वंशादिः	5.1.50	2	kuwaja	कुटज	
151	vaMSAdiH	वंशादिः	5.1.50	3	balvaja	बल्वज	
151	vaMSAdiH	वंशादिः	5.1.50	4	mUla	मूल	
151	vaMSAdiH	वंशादिः	5.1.50	5	sTURA	स्थूणा	
151	vaMSAdiH	वंशादिः	5.1.50	6	sTURa	स्थूण	
151	vaMSAdiH	वंशादिः	5.1.50	7	akza	अक्ष	
151	vaMSAdiH	वंशादिः	5.1.50	8	aSman	अश्मन्	
151	vaMSAdiH	वंशादिः	5.1.50	9	aSva	अश्व	
151	vaMSAdiH	वंशादिः	5.1.50	10	SlakzaRa	श्लक्षण	
151	vaMSAdiH	वंशादिः	5.1.50	11	ikzu	इक्षु	
151	vaMSAdiH	वंशादिः	5.1.50	12	KawvA 	खट्वा ॥	
152	CedAdiH	छेदादिः	5.1.64	1	Ceda	छेद	
152	CedAdiH	छेदादिः	5.1.64	2	Beda	भेद	
152	CedAdiH	छेदादिः	5.1.64	3	droha	द्रोह	
152	CedAdiH	छेदादिः	5.1.64	4	doha	दोह	
152	CedAdiH	छेदादिः	5.1.64	5	narti	नर्ति	
152	CedAdiH	छेदादिः	5.1.64	6	narta	नर्त	
152	CedAdiH	छेदादिः	5.1.64	7	karza	कर्ष	
152	CedAdiH	छेदादिः	5.1.64	8	tIrTa	तीर्थ	
152	CedAdiH	छेदादिः	5.1.64	9	saMprayoga	संप्रयोग	
152	CedAdiH	छेदादिः	5.1.64	10	viprayoga	विप्रयोग	
152	CedAdiH	छेदादिः	5.1.64	11	prayoga	प्रयोग	
152	CedAdiH	छेदादिः	5.1.64	12	viprakarza	विप्रकर्ष	
152	CedAdiH	छेदादिः	5.1.64	13	prezaRa	प्रेषण	
152	CedAdiH	छेदादिः	5.1.64	14	saMpraSna	संप्रश्न	
152	CedAdiH	छेदादिः	5.1.64	15	vipraSna	विप्रश्न	
152	CedAdiH	छेदादिः	5.1.64	16	vikarza	विकर्ष	
152	CedAdiH	छेदादिः	5.1.64	17	virAga	विराग	
152	CedAdiH	छेदादिः	5.1.64	18	viraNgaM	विरङ्गं	
152	CedAdiH	छेदादिः	5.1.64	19	ca 	च ॥	
153	daRqAdiH	दण्डादिः	5.1.66	1	daRqa	दण्ड	
153	daRqAdiH	दण्डादिः	5.1.66	2	musala	मुसल	
153	daRqAdiH	दण्डादिः	5.1.66	3	maDuparka	मधुपर्क	
153	daRqAdiH	दण्डादिः	5.1.66	4	kaSA	कशा	
153	daRqAdiH	दण्डादिः	5.1.66	5	arGa	अर्घ	
153	daRqAdiH	दण्डादिः	5.1.66	6	meGa	मेघ	
153	daRqAdiH	दण्डादिः	5.1.66	7	meDA	मेधा	
153	daRqAdiH	दण्डादिः	5.1.66	8	suvarRa	सुवर्ण	
153	daRqAdiH	दण्डादिः	5.1.66	9	udaka	उदक	
153	daRqAdiH	दण्डादिः	5.1.66	10	vaDa	वध	
153	daRqAdiH	दण्डादिः	5.1.66	11	yuga	युग	
153	daRqAdiH	दण्डादिः	5.1.66	12	guhA	गुहा	
153	daRqAdiH	दण्डादिः	5.1.66	13	BAga	भाग	
153	daRqAdiH	दण्डादिः	5.1.66	14	iBa	इभ	
153	daRqAdiH	दण्डादिः	5.1.66	15	BaNga 	भङ्ग ॥	
154	mahAnAmnyAdiH	महानाम्न्यादिः	5.1.94	1	mahAnAmnI	महानाम्नी	
154	mahAnAmnyAdiH	महानाम्न्यादिः	5.1.94	2	Adityavrata	आदित्यव्रत	
154	mahAnAmnyAdiH	महानाम्न्यादिः	5.1.94	3	godAna 	गोदान ॥	
155	avAntaradIkzAdiH	अवान्तरदीक्षादिः	5.1.94	1	avAntaradIkzA	अवान्तरदीक्षा	
155	avAntaradIkzAdiH	अवान्तरदीक्षादिः	5.1.94	2	tilavrata	तिलव्रत	
155	avAntaradIkzAdiH	अवान्तरदीक्षादिः	5.1.94	3	devavrata 	देवव्रत ॥	
156	vyuzwAdiH	व्युष्टादिः	5.1.97	1	vyuzwa	व्युष्ट	
156	vyuzwAdiH	व्युष्टादिः	5.1.97	2	nitya	नित्य	
156	vyuzwAdiH	व्युष्टादिः	5.1.97	3	nizkramaRa	निष्क्रमण	
156	vyuzwAdiH	व्युष्टादिः	5.1.97	4	praveSana	प्रवेशन	
156	vyuzwAdiH	व्युष्टादिः	5.1.97	5	upasaNkramaRa	उपसङ्क्रमण	
156	vyuzwAdiH	व्युष्टादिः	5.1.97	6	tIrTa	तीर्थ	
156	vyuzwAdiH	व्युष्टादिः	5.1.97	7	AstaraRa	आस्तरण	
156	vyuzwAdiH	व्युष्टादिः	5.1.97	8	saNgrAma	सङ्ग्राम	
156	vyuzwAdiH	व्युष्टादिः	5.1.97	9	saNGAta 	सङ्घात ॥	
157	agnipadAdiH	अग्निपदादिः	5.1.97	1	agnipada	अग्निपद	
157	agnipadAdiH	अग्निपदादिः	5.1.97	2	pIlupada	पीलुपद	
157	agnipadAdiH	अग्निपदादिः	5.1.97	3	pIlumUla	पीलुमूल	
157	agnipadAdiH	अग्निपदादिः	5.1.97	4	pravAsa	प्रवास	
157	agnipadAdiH	अग्निपदादिः	5.1.97	5	upavAsa 	उपवास ॥	
158	saMtApAdiH	संतापादिः	5.1.101	1	saMtApa	संताप	
158	saMtApAdiH	संतापादिः	5.1.101	2	saMnAha	संनाह	
158	saMtApAdiH	संतापादिः	5.1.101	3	saMgrAma	संग्राम	
158	saMtApAdiH	संतापादिः	5.1.101	4	saMyoga	संयोग	
158	saMtApAdiH	संतापादिः	5.1.101	5	saMparAya	संपराय	
158	saMtApAdiH	संतापादिः	5.1.101	6	saMveSana	संवेशन	
158	saMtApAdiH	संतापादिः	5.1.101	7	saMpeza	संपेष	
158	saMtApAdiH	संतापादिः	5.1.101	8	nizpeza	निष्पेष	
158	saMtApAdiH	संतापादिः	5.1.101	9	sarga	सर्ग	
158	saMtApAdiH	संतापादिः	5.1.101	10	nisarga	निसर्ग	
158	saMtApAdiH	संतापादिः	5.1.101	11	visarga	विसर्ग	
158	saMtApAdiH	संतापादिः	5.1.101	12	upasarga	उपसर्ग	
158	saMtApAdiH	संतापादिः	5.1.101	13	pravAsa	प्रवास	
158	saMtApAdiH	संतापादिः	5.1.101	14	upavAsa	उपवास	
158	saMtApAdiH	संतापादिः	5.1.101	15	saNGAsa	सङ्घास	
158	saMtApAdiH	संतापादिः	5.1.101	16	saMveza	संवेष	
158	saMtApAdiH	संतापादिः	5.1.101	17	saMvAsa	संवास	
158	saMtApAdiH	संतापादिः	5.1.101	18	samodana	समोदन	
158	saMtApAdiH	संतापादिः	5.1.101	19	saktu	सक्तु	
158	saMtApAdiH	संतापादिः	5.1.101	20		॥	
159	upavastrAdiH	उपवस्त्रादिः	5.1.105	1	upavastf	उपवस्तृ	
159	upavastrAdiH	उपवस्त्रादिः	5.1.105	2	prASitf	प्राशितृ	
159	upavastrAdiH	उपवस्त्रादिः	5.1.105	3	cUqA	चूडा	
159	upavastrAdiH	उपवस्त्रादिः	5.1.105	4	SradDA 	श्रद्धा ॥	
160	anupravacanAdiH	अनुप्रवचनादिः	5.1.111	1	anupravacana	अनुप्रवचन	
160	anupravacanAdiH	अनुप्रवचनादिः	5.1.111	2	utTApana	उत्थापन	
160	anupravacanAdiH	अनुप्रवचनादिः	5.1.111	3	upasTApana	उपस्थापन	
160	anupravacanAdiH	अनुप्रवचनादिः	5.1.111	4	saMveSana	संवेशन	
160	anupravacanAdiH	अनुप्रवचनादिः	5.1.111	5	praveSana	प्रवेशन	
160	anupravacanAdiH	अनुप्रवचनादिः	5.1.111	6	anupraveSana	अनुप्रवेशन	
160	anupravacanAdiH	अनुप्रवचनादिः	5.1.111	7	anuvAsana	अनुवासन	
160	anupravacanAdiH	अनुप्रवचनादिः	5.1.111	8	anuvacana	अनुवचन	
160	anupravacanAdiH	अनुप्रवचनादिः	5.1.111	9	anuvAcana	अनुवाचन	
160	anupravacanAdiH	अनुप्रवचनादिः	5.1.111	10	anvArohaRa	अन्वारोहण	
160	anupravacanAdiH	अनुप्रवचनादिः	5.1.111	11	prAramBaRa	प्रारम्भण	
160	anupravacanAdiH	अनुप्रवचनादिः	5.1.111	12	AramBaRa	आरम्भण	
160	anupravacanAdiH	अनुप्रवचनादिः	5.1.111	13	ArohaRa 	आरोहण ॥	
161	svargAdiH	स्वर्गादिः	5.1.111	1	svarRa	स्वर्ण	
161	svargAdiH	स्वर्गादिः	5.1.111	2	yaSas	यशस्	
161	svargAdiH	स्वर्गादिः	5.1.111	3	Ayus	आयुस्	
161	svargAdiH	स्वर्गादिः	5.1.111	4	kAma	काम	
161	svargAdiH	स्वर्गादिः	5.1.111	5	Dana 	धन ॥	
162	puRyAhavAcanAdiH	पुण्याहवाचनादिः	5.1.111	1	puRyAhavAcana	पुण्याहवाचन	
162	puRyAhavAcanAdiH	पुण्याहवाचनादिः	5.1.111	2	svastivAcana	स्वस्तिवाचन	
162	puRyAhavAcanAdiH	पुण्याहवाचनादिः	5.1.111	3	SAntivAcana 	शान्तिवाचन ॥	
163	pfTvAdiH	पृथ्वादिः	5.1.122	1	pfTu	पृथु	
163	pfTvAdiH	पृथ्वादिः	5.1.122	2	mfdu	मृदु	
163	pfTvAdiH	पृथ्वादिः	5.1.122	3	mahat	महत्	
163	pfTvAdiH	पृथ्वादिः	5.1.122	4	pawu	पटु	
163	pfTvAdiH	पृथ्वादिः	5.1.122	5	tanu	तनु	
163	pfTvAdiH	पृथ्वादिः	5.1.122	6	laGu	लघु	
163	pfTvAdiH	पृथ्वादिः	5.1.122	7	bahu	बहु	
163	pfTvAdiH	पृथ्वादिः	5.1.122	8	sADu	साधु	
163	pfTvAdiH	पृथ्वादिः	5.1.122	9	ASu	आशु	
163	pfTvAdiH	पृथ्वादिः	5.1.122	10	Uru	ऊरु	
163	pfTvAdiH	पृथ्वादिः	5.1.122	11	guru	गुरु	
163	pfTvAdiH	पृथ्वादिः	5.1.122	12	bahula	बहुल	
163	pfTvAdiH	पृथ्वादिः	5.1.122	13	KaRqa	खण्ड	
163	pfTvAdiH	पृथ्वादिः	5.1.122	14	daRqa	दण्ड	
163	pfTvAdiH	पृथ्वादिः	5.1.122	15	caRqa	चण्ड	
163	pfTvAdiH	पृथ्वादिः	5.1.122	16	akiMcana	अकिंचन	
163	pfTvAdiH	पृथ्वादिः	5.1.122	17	bAla	बाल	
163	pfTvAdiH	पृथ्वादिः	5.1.122	18	hoqa	होड	
163	pfTvAdiH	पृथ्वादिः	5.1.122	19	pAka	पाक	
163	pfTvAdiH	पृथ्वादिः	5.1.122	20	vatsa	वत्स	
163	pfTvAdiH	पृथ्वादिः	5.1.122	21	manda	मन्द	
163	pfTvAdiH	पृथ्वादिः	5.1.122	22	svAdu	स्वादु	
163	pfTvAdiH	पृथ्वादिः	5.1.122	23	hrasva	ह्रस्व	
163	pfTvAdiH	पृथ्वादिः	5.1.122	24	dIrGa	दीर्घ	
163	pfTvAdiH	पृथ्वादिः	5.1.122	25	priya	प्रिय	
163	pfTvAdiH	पृथ्वादिः	5.1.122	26	vfza	वृष	
163	pfTvAdiH	पृथ्वादिः	5.1.122	27	fju	ऋजु	
163	pfTvAdiH	पृथ्वादिः	5.1.122	28	kzipra	क्षिप्र	
163	pfTvAdiH	पृथ्वादिः	5.1.122	29	kzupra	क्षुप्र	
163	pfTvAdiH	पृथ्वादिः	5.1.122	30	kzudra	क्षुद्र	
163	pfTvAdiH	पृथ्वादिः	5.1.122	31	aRu 	अणु ॥	
164	varRadfQAdiH	वर्णदृढादिः	5.1.123	1	dfQa	दृढ	
164	varRadfQAdiH	वर्णदृढादिः	5.1.123	2	vfQa	वृढ	
164	varRadfQAdiH	वर्णदृढादिः	5.1.123	3	parivfQa	परिवृढ	
164	varRadfQAdiH	वर्णदृढादिः	5.1.123	4	BfSa	भृश	
164	varRadfQAdiH	वर्णदृढादिः	5.1.123	5	kfSa	कृश	
164	varRadfQAdiH	वर्णदृढादिः	5.1.123	6	vakra	वक्र	
164	varRadfQAdiH	वर्णदृढादिः	5.1.123	7	Amra	आम्र	
164	varRadfQAdiH	वर्णदृढादिः	5.1.123	8	kfzwa	कृष्ट	
164	varRadfQAdiH	वर्णदृढादिः	5.1.123	9	lavaRa	लवण	
164	varRadfQAdiH	वर्णदृढादिः	5.1.123	10	tAmra	ताम्र	
164	varRadfQAdiH	वर्णदृढादिः	5.1.123	11	SIta	शीत	
164	varRadfQAdiH	वर्णदृढादिः	5.1.123	12	SIta	शीत	
164	varRadfQAdiH	वर्णदृढादिः	5.1.123	13	uzRa	उष्ण	
164	varRadfQAdiH	वर्णदृढादिः	5.1.123	14	jaqa	जड	
164	varRadfQAdiH	वर्णदृढादिः	5.1.123	15	baDira	बधिर	
164	varRadfQAdiH	वर्णदृढादिः	5.1.123	16	paRqita	पण्डित	
164	varRadfQAdiH	वर्णदृढादिः	5.1.123	17	maDura	मधुर	
164	varRadfQAdiH	वर्णदृढादिः	5.1.123	18	mUrKa	मूर्ख	
164	varRadfQAdiH	वर्णदृढादिः	5.1.123	19	mUka	मूक	
164	varRadfQAdiH	वर्णदृढादिः	5.1.123	20	sTira	स्थिर	
164	varRadfQAdiH	वर्णदृढादिः	5.1.123	21	javana 	जवन ॥	
165	brAhmaRAdiH	ब्राह्मणादिः	5.1.124	1	brAhmaRa	ब्राह्मण	
165	brAhmaRAdiH	ब्राह्मणादिः	5.1.124	2	vAqava	वाडव	
165	brAhmaRAdiH	ब्राह्मणादिः	5.1.124	3	mARava	माणव	
165	brAhmaRAdiH	ब्राह्मणादिः	5.1.124	4	cora	चोर	
165	brAhmaRAdiH	ब्राह्मणादिः	5.1.124	5	DUrta	धूर्त	
165	brAhmaRAdiH	ब्राह्मणादिः	5.1.124	6	ArADaya	आराधय	
165	brAhmaRAdiH	ब्राह्मणादिः	5.1.124	7	virADaya	विराधय	
165	brAhmaRAdiH	ब्राह्मणादिः	5.1.124	8	aparADaya	अपराधय	
165	brAhmaRAdiH	ब्राह्मणादिः	5.1.124	9	uparADaya	उपराधय	
165	brAhmaRAdiH	ब्राह्मणादिः	5.1.124	10	ekaBAva	एकभाव	
165	brAhmaRAdiH	ब्राह्मणादिः	5.1.124	11	dviBAva	द्विभाव	
165	brAhmaRAdiH	ब्राह्मणादिः	5.1.124	12	triBAva	त्रिभाव	
165	brAhmaRAdiH	ब्राह्मणादिः	5.1.124	13	anyaBAva	अन्यभाव	
165	brAhmaRAdiH	ब्राह्मणादिः	5.1.124	14	akzetrajYa	अक्षेत्रज्ञ	
165	brAhmaRAdiH	ब्राह्मणादिः	5.1.124	15	saMvAdin	संवादिन्	
165	brAhmaRAdiH	ब्राह्मणादिः	5.1.124	16	saMveSin	संवेशिन्	
165	brAhmaRAdiH	ब्राह्मणादिः	5.1.124	17	saMBAzin	संभाषिन्	
165	brAhmaRAdiH	ब्राह्मणादिः	5.1.124	18	bahuBAzin	बहुभाषिन्	
165	brAhmaRAdiH	ब्राह्मणादिः	5.1.124	19	SIrzapAtin	शीर्षपातिन्	
165	brAhmaRAdiH	ब्राह्मणादिः	5.1.124	20	viGAtin	विघातिन्	
165	brAhmaRAdiH	ब्राह्मणादिः	5.1.124	21	samasTa	समस्थ	
165	brAhmaRAdiH	ब्राह्मणादिः	5.1.124	22	vizamasTa	विषमस्थ	
165	brAhmaRAdiH	ब्राह्मणादिः	5.1.124	23	paramasTa	परमस्थ	
165	brAhmaRAdiH	ब्राह्मणादिः	5.1.124	24	maDyamasTa	मध्यमस्थ	
165	brAhmaRAdiH	ब्राह्मणादिः	5.1.124	25	anISvara	अनीश्वर	
165	brAhmaRAdiH	ब्राह्मणादिः	5.1.124	26	kuSala	कुशल	
165	brAhmaRAdiH	ब्राह्मणादिः	5.1.124	27	capala	चपल	
165	brAhmaRAdiH	ब्राह्मणादिः	5.1.124	28	nipuRa	निपुण	
165	brAhmaRAdiH	ब्राह्मणादिः	5.1.124	29	piSuna	पिशुन	
165	brAhmaRAdiH	ब्राह्मणादिः	5.1.124	30	kutUhala	कुतूहल	
165	brAhmaRAdiH	ब्राह्मणादिः	5.1.124	31	kzetrajYa	क्षेत्रज्ञ	
165	brAhmaRAdiH	ब्राह्मणादिः	5.1.124	32	niSna	निश्न	
165	brAhmaRAdiH	ब्राह्मणादिः	5.1.124	33	bAliSa	बालिश	
165	brAhmaRAdiH	ब्राह्मणादिः	5.1.124	34	alasa	अलस	
165	brAhmaRAdiH	ब्राह्मणादिः	5.1.124	35	duHpuruza	दुःपुरुष	
165	brAhmaRAdiH	ब्राह्मणादिः	5.1.124	36	kApuruza	कापुरुष	
165	brAhmaRAdiH	ब्राह्मणादिः	5.1.124	37	rAjan	राजन्	
165	brAhmaRAdiH	ब्राह्मणादिः	5.1.124	38	gaRapati	गणपति	
165	brAhmaRAdiH	ब्राह्मणादिः	5.1.124	39	aDipati	अधिपति	
165	brAhmaRAdiH	ब्राह्मणादिः	5.1.124	40	gaqula	गडुल	
165	brAhmaRAdiH	ब्राह्मणादिः	5.1.124	41	dAyAda	दायाद	
165	brAhmaRAdiH	ब्राह्मणादिः	5.1.124	42	viSasti	विशस्ति	
165	brAhmaRAdiH	ब्राह्मणादिः	5.1.124	43	vizama	विषम	
165	brAhmaRAdiH	ब्राह्मणादिः	5.1.124	44	vipAta	विपात	
165	brAhmaRAdiH	ब्राह्मणादिः	5.1.124	45	SOwIra 	शौटीर ॥	
166	caturvedAdiH	चतुर्वेदादिः	5.1.124	1	caturveda	चतुर्वेद	
166	caturvedAdiH	चतुर्वेदादिः	5.1.124	2	caturvarRa	चतुर्वर्ण	
166	caturvedAdiH	चतुर्वेदादिः	5.1.124	3	caturASrama	चतुराश्रम	
166	caturvedAdiH	चतुर्वेदादिः	5.1.124	4	sarvaviDa	सर्वविध	
166	caturvedAdiH	चतुर्वेदादिः	5.1.124	5	triloka	त्रिलोक	
166	caturvedAdiH	चतुर्वेदादिः	5.1.124	6	trisvara	त्रिस्वर	
166	caturvedAdiH	चतुर्वेदादिः	5.1.124	7	zaqguRa	षड्गुण	
166	caturvedAdiH	चतुर्वेदादिः	5.1.124	8	senA	सेना	
166	caturvedAdiH	चतुर्वेदादिः	5.1.124	9	anantara	अनन्तर	
166	caturvedAdiH	चतुर्वेदादिः	5.1.124	10	saMniDi	संनिधि	
166	caturvedAdiH	चतुर्वेदादिः	5.1.124	11	samIpa	समीप	
166	caturvedAdiH	चतुर्वेदादिः	5.1.124	12	upamA	उपमा	
166	caturvedAdiH	चतुर्वेदादिः	5.1.124	13	muKa	मुख	
166	caturvedAdiH	चतुर्वेदादिः	5.1.124	14	tadarTa	तदर्थ	
166	caturvedAdiH	चतुर्वेदादिः	5.1.124	15	itiha	इतिह	
166	caturvedAdiH	चतुर्वेदादिः	5.1.124	16	maRika 	मणिक ॥	
167	purohitAdiH	पुरोहितादिः	5.1.128	1	purohita	पुरोहित	
167	purohitAdiH	पुरोहितादिः	5.1.128	2	grAmika	ग्रामिक	
167	purohitAdiH	पुरोहितादिः	5.1.128	3	piRqika	पिण्डिक	
167	purohitAdiH	पुरोहितादिः	5.1.128	4	suhita	सुहित	
167	purohitAdiH	पुरोहितादिः	5.1.128	5	vAlamanda	वालमन्द	
167	purohitAdiH	पुरोहितादिः	5.1.128	6	bAlamanda	बालमन्द	
167	purohitAdiH	पुरोहितादिः	5.1.128	7	KaRqika	खण्डिक	
167	purohitAdiH	पुरोहितादिः	5.1.128	8	daRqika	दण्डिक	
167	purohitAdiH	पुरोहितादिः	5.1.128	9	varmika	वर्मिक	
167	purohitAdiH	पुरोहितादिः	5.1.128	10	karmika	कर्मिक	
167	purohitAdiH	पुरोहितादिः	5.1.128	11	Carmika	छर्मिक	
167	purohitAdiH	पुरोहितादिः	5.1.128	12	Sitika	शितिक	
167	purohitAdiH	पुरोहितादिः	5.1.128	13	mUtika	मूतिक	
167	purohitAdiH	पुरोहितादिः	5.1.128	14	mUlika	मूलिक	
167	purohitAdiH	पुरोहितादिः	5.1.128	15	tilaka	तिलक	
167	purohitAdiH	पुरोहितादिः	5.1.128	16	aYjalika	अञ्जलिक	
167	purohitAdiH	पुरोहितादिः	5.1.128	17	antalika	अन्तलिक	
167	purohitAdiH	पुरोहितादिः	5.1.128	18	rUpika	रूपिक	
167	purohitAdiH	पुरोहितादिः	5.1.128	19	fzika	ऋषिक	
167	purohitAdiH	पुरोहितादिः	5.1.128	20	patrika	पत्रिक	
167	purohitAdiH	पुरोहितादिः	5.1.128	21	paTika	पथिक	
167	purohitAdiH	पुरोहितादिः	5.1.128	22	carmika	चर्मिक	
167	purohitAdiH	पुरोहितादिः	5.1.128	23	pratika	प्रतिक	
167	purohitAdiH	पुरोहितादिः	5.1.128	24	sAraTi	सारथि	
167	purohitAdiH	पुरोहितादिः	5.1.128	25	AsTika	आस्थिक	
167	purohitAdiH	पुरोहितादिः	5.1.128	26	sUcika	सूचिक	
167	purohitAdiH	पुरोहितादिः	5.1.128	27	saMrakza	संरक्ष	
167	purohitAdiH	पुरोहितादिः	5.1.128	28	sUcaka	सूचक	
167	purohitAdiH	पुरोहितादिः	5.1.128	29	saMrakzasUcaka	संरक्षसूचक	
167	purohitAdiH	पुरोहितादिः	5.1.128	30	nAstika	नास्तिक	
167	purohitAdiH	पुरोहितादिः	5.1.128	31	ajAnika	अजानिक	
167	purohitAdiH	पुरोहितादिः	5.1.128	32	SAkvara	शाक्वर	
167	purohitAdiH	पुरोहितादिः	5.1.128	33	nAgara	नागर	
167	purohitAdiH	पुरोहितादिः	5.1.128	34	cUqika 	चूडिक ॥	
168	udgAtrAdiH	उद्गात्रादिः	5.1.129	1	udgAtf	उद्गातृ	
168	udgAtrAdiH	उद्गात्रादिः	5.1.129	2	unnetf	उन्नेतृ	
168	udgAtrAdiH	उद्गात्रादिः	5.1.129	3	pratihartf	प्रतिहर्तृ	
168	udgAtrAdiH	उद्गात्रादिः	5.1.129	4	praSastf	प्रशस्तृ	
168	udgAtrAdiH	उद्गात्रादिः	5.1.129	5	hotf	होतृ	
168	udgAtrAdiH	उद्गात्रादिः	5.1.129	6	potf	पोतृ	
168	udgAtrAdiH	उद्गात्रादिः	5.1.129	7	hartf	हर्तृ	
168	udgAtrAdiH	उद्गात्रादिः	5.1.129	8	raTagaRaka	रथगणक	
168	udgAtrAdiH	उद्गात्रादिः	5.1.129	9	pakzigaRaka	पक्षिगणक	
168	udgAtrAdiH	उद्गात्रादिः	5.1.129	10	suzWu	सुष्ठु	
168	udgAtrAdiH	उद्गात्रादिः	5.1.129	11	duzWu	दुष्ठु	
168	udgAtrAdiH	उद्गात्रादिः	5.1.129	12	aDvaryu	अध्वर्यु	
168	udgAtrAdiH	उद्गात्रादिः	5.1.129	13	vaDU	वधू	
168	udgAtrAdiH	उद्गात्रादिः	5.1.129	14	suBaga	सुभग	
168	udgAtrAdiH	उद्गात्रादिः	5.1.129	15	mantre 	मन्त्रे ॥	
169	yuvAdiH	युवादिः	5.1.130	1	yuvan	युवन्	
169	yuvAdiH	युवादिः	5.1.130	2	sTavira	स्थविर	
169	yuvAdiH	युवादिः	5.1.130	3	hotf	होतृ	
169	yuvAdiH	युवादिः	5.1.130	4	yajamAna	यजमान	
169	yuvAdiH	युवादिः	5.1.130	5	BrAtf	भ्रातृ	
169	yuvAdiH	युवादिः	5.1.130	6	kutuka	कुतुक	
169	yuvAdiH	युवादिः	5.1.130	7	SramaRa	श्रमण	
169	yuvAdiH	युवादिः	5.1.130	8	SravaRa	श्रवण	
169	yuvAdiH	युवादिः	5.1.130	9	kawuka	कटुक	
169	yuvAdiH	युवादिः	5.1.130	10	kamaRqalu	कमण्डलु	
169	yuvAdiH	युवादिः	5.1.130	11	kustrI	कुस्त्री	
169	yuvAdiH	युवादिः	5.1.130	12	sustri	सुस्त्रि	
169	yuvAdiH	युवादिः	5.1.130	13	daHstrI	दःस्त्री	
169	yuvAdiH	युवादिः	5.1.130	14	suhfdaya	सुहृदय	
169	yuvAdiH	युवादिः	5.1.130	15	durhfdaya	दुर्हृदय	
169	yuvAdiH	युवादिः	5.1.130	16	suhfd	सुहृद्	
169	yuvAdiH	युवादिः	5.1.130	17	durhft	दुर्हृत्	
169	yuvAdiH	युवादिः	5.1.130	18	suBrAtf	सुभ्रातृ	
169	yuvAdiH	युवादिः	5.1.130	19	durBrAtf	दुर्भ्रातृ	
169	yuvAdiH	युवादिः	5.1.130	20	vfzala	वृषल	
169	yuvAdiH	युवादिः	5.1.130	21	parivrAjaka	परिव्राजक	
169	yuvAdiH	युवादिः	5.1.130	22	sabrahmacArin	सब्रह्मचारिन्	
169	yuvAdiH	युवादिः	5.1.130	23	anfSaMsa	अनृशंस	
169	yuvAdiH	युवादिः	5.1.130	24	hfdayAse	हृदयासे	
169	yuvAdiH	युवादिः	5.1.130	25	kuSala	कुशल	
169	yuvAdiH	युवादिः	5.1.130	26	capala	चपल	
169	yuvAdiH	युवादिः	5.1.130	27	nipuRa	निपुण	
169	yuvAdiH	युवादिः	5.1.130	28	piSuna	पिशुन	
169	yuvAdiH	युवादिः	5.1.130	29	kutUhala	कुतूहल	
169	yuvAdiH	युवादिः	5.1.130	30	kzetrajYa	क्षेत्रज्ञ	
169	yuvAdiH	युवादिः	5.1.130	31		॥	
170	manojYAdiH	मनोज्ञादिः	5.1.133	1	manojYa	मनोज्ञ	
170	manojYAdiH	मनोज्ञादिः	5.1.133	2	priyarUpa	प्रियरूप	
170	manojYAdiH	मनोज्ञादिः	5.1.133	3	aBirUpa	अभिरूप	
170	manojYAdiH	मनोज्ञादिः	5.1.133	4	kalyARa	कल्याण	
170	manojYAdiH	मनोज्ञादिः	5.1.133	5	meDAvin	मेधाविन्	
170	manojYAdiH	मनोज्ञादिः	5.1.133	6	AQaya	आढय	
170	manojYAdiH	मनोज्ञादिः	5.1.133	7	kulaputra	कुलपुत्र	
170	manojYAdiH	मनोज्ञादिः	5.1.133	8	CAndasa	छान्दस	
170	manojYAdiH	मनोज्ञादिः	5.1.133	9	CAtra	छात्र	
170	manojYAdiH	मनोज्ञादिः	5.1.133	10	Srotriya	श्रोत्रिय	
170	manojYAdiH	मनोज्ञादिः	5.1.133	11	cora	चोर	
170	manojYAdiH	मनोज्ञादिः	5.1.133	12	DUrta	धूर्त	
170	manojYAdiH	मनोज्ञादिः	5.1.133	13	viSvadeva	विश्वदेव	
170	manojYAdiH	मनोज्ञादिः	5.1.133	14	yuvan	युवन्	
170	manojYAdiH	मनोज्ञादिः	5.1.133	15	kuputra	कुपुत्र	
170	manojYAdiH	मनोज्ञादिः	5.1.133	16	grAmaputra	ग्रामपुत्र	
170	manojYAdiH	मनोज्ञादिः	5.1.133	17	grAmakulAla	ग्रामकुलाल	
170	manojYAdiH	मनोज्ञादिः	5.1.133	18	grAmaqa	ग्रामड	
170	manojYAdiH	मनोज्ञादिः	5.1.133	19	grAmazaRqa	ग्रामषण्ड	
170	manojYAdiH	मनोज्ञादिः	5.1.133	20	grAmakumAra	ग्रामकुमार	
170	manojYAdiH	मनोज्ञादिः	5.1.133	21	sukumAra	सुकुमार	
170	manojYAdiH	मनोज्ञादिः	5.1.133	22	bahula	बहुल	
170	manojYAdiH	मनोज्ञादिः	5.1.133	23	avaSyaputra	अवश्यपुत्र	
170	manojYAdiH	मनोज्ञादिः	5.1.133	24	amuzyaputra	अमुष्यपुत्र	
170	manojYAdiH	मनोज्ञादिः	5.1.133	25	amuzyakula	अमुष्यकुल	
170	manojYAdiH	मनोज्ञादिः	5.1.133	26	sAraputra	सारपुत्र	
170	manojYAdiH	मनोज्ञादिः	5.1.133	27	Sataputra 	शतपुत्र ॥	
171	pIlvAdiH	पील्वादिः	5.2.24	1	pIlu	पीलु	
171	pIlvAdiH	पील्वादिः	5.2.24	2	karkanDU	कर्कन्धू	
171	pIlvAdiH	पील्वादिः	5.2.24	3	karkanDu	कर्कन्धु	
171	pIlvAdiH	पील्वादिः	5.2.24	4	SamI	शमी	
171	pIlvAdiH	पील्वादिः	5.2.24	5	karIra	करीर	
171	pIlvAdiH	पील्वादिः	5.2.24	6	bala	बल	
171	pIlvAdiH	पील्वादिः	5.2.24	7	kuvala	कुवल	
171	pIlvAdiH	पील्वादिः	5.2.24	8	badara	बदर	
171	pIlvAdiH	पील्वादिः	5.2.24	9	aSvatTa	अश्वत्थ	
171	pIlvAdiH	पील्वादिः	5.2.24	10	Kadira 	खदिर ॥	
172	karRAdiH	कर्णादिः	5.2.24	1	karRa	कर्ण	
172	karRAdiH	कर्णादिः	5.2.24	2	akzi	अक्षि	
172	karRAdiH	कर्णादिः	5.2.24	3	naKa	नख	
172	karRAdiH	कर्णादिः	5.2.24	4	muKa	मुख	
172	karRAdiH	कर्णादिः	5.2.24	5	maKa	मख	
172	karRAdiH	कर्णादिः	5.2.24	6	keSa	केश	
172	karRAdiH	कर्णादिः	5.2.24	7	pAda	पाद	
172	karRAdiH	कर्णादिः	5.2.24	8	gulPa	गुल्फ	
172	karRAdiH	कर्णादिः	5.2.24	9	BrUBaNga	भ्रूभङ्ग	
172	karRAdiH	कर्णादिः	5.2.24	10	danta	दन्त	
172	karRAdiH	कर्णादिः	5.2.24	11	ozWa	ओष्ठ	
172	karRAdiH	कर्णादिः	5.2.24	12	pfzWa	पृष्ठ	
172	karRAdiH	कर्णादिः	5.2.24	13	aNguzWa 	अङ्गुष्ठ ॥	
173	tArakAdiH	तारकादिः	5.2.36	1	tArakA	तारका	
173	tArakAdiH	तारकादिः	5.2.36	2	puzpa	पुष्प	
173	tArakAdiH	तारकादिः	5.2.36	3	karRaka	कर्णक	
173	tArakAdiH	तारकादिः	5.2.36	4	maYjarI	मञ्जरी	
173	tArakAdiH	तारकादिः	5.2.36	5	fjIza	ऋजीष	
173	tArakAdiH	तारकादिः	5.2.36	6	kzaRa	क्षण	
173	tArakAdiH	तारकादिः	5.2.36	7	sUtra	सूत्र	
173	tArakAdiH	तारकादिः	5.2.36	8	mUtra	मूत्र	
173	tArakAdiH	तारकादिः	5.2.36	9	nizkramaRa	निष्क्रमण	
173	tArakAdiH	तारकादिः	5.2.36	10	purIza	पुरीष	
173	tArakAdiH	तारकादिः	5.2.36	11	uccAra	उच्चार	
173	tArakAdiH	तारकादिः	5.2.36	12	pracAra	प्रचार	
173	tArakAdiH	तारकादिः	5.2.36	13	vicAra	विचार	
173	tArakAdiH	तारकादिः	5.2.36	14	kuqmala	कुड्मल	
173	tArakAdiH	तारकादिः	5.2.36	15	kaRwaka	कण्टक	
173	tArakAdiH	तारकादिः	5.2.36	16	musala	मुसल	
173	tArakAdiH	तारकादिः	5.2.36	17	mukula	मुकुल	
173	tArakAdiH	तारकादिः	5.2.36	18	kusuma	कुसुम	
173	tArakAdiH	तारकादिः	5.2.36	19	kutUhala	कुतूहल	
173	tArakAdiH	तारकादिः	5.2.36	20	stabaka	स्तबक	
173	tArakAdiH	तारकादिः	5.2.36	21	stavaka	स्तवक	
173	tArakAdiH	तारकादिः	5.2.36	22	kisalaya	किसलय	
173	tArakAdiH	तारकादिः	5.2.36	23	pallava	पल्लव	
173	tArakAdiH	तारकादिः	5.2.36	24	KaRqa	खण्ड	
173	tArakAdiH	तारकादिः	5.2.36	25	vega	वेग	
173	tArakAdiH	तारकादिः	5.2.36	26	nidrA	निद्रा	
173	tArakAdiH	तारकादिः	5.2.36	27	mudrA	मुद्रा	
173	tArakAdiH	तारकादिः	5.2.36	28	buBukzA	बुभुक्षा	
173	tArakAdiH	तारकादिः	5.2.36	29	DenuzyA	धेनुष्या	
173	tArakAdiH	तारकादिः	5.2.36	30	pipAsA	पिपासा	
173	tArakAdiH	तारकादिः	5.2.36	31	SradDA	श्रद्धा	
173	tArakAdiH	तारकादिः	5.2.36	32	aBra	अभ्र	
173	tArakAdiH	तारकादिः	5.2.36	33	pulaka	पुलक	
173	tArakAdiH	तारकादिः	5.2.36	34	aNgAraka	अङ्गारक	
173	tArakAdiH	तारकादिः	5.2.36	35	varRaka	वर्णक	
173	tArakAdiH	तारकादिः	5.2.36	36	droha	द्रोह	
173	tArakAdiH	तारकादिः	5.2.36	37	doha	दोह	
173	tArakAdiH	तारकादिः	5.2.36	38	suKa	सुख	
173	tArakAdiH	तारकादिः	5.2.36	39	duHKa	दुःख	
173	tArakAdiH	तारकादिः	5.2.36	40	utkaRWA	उत्कण्ठा	
173	tArakAdiH	तारकादिः	5.2.36	41	Bara	भर	
173	tArakAdiH	तारकादिः	5.2.36	42	vyADi	व्याधि	
173	tArakAdiH	तारकादिः	5.2.36	43	varman	वर्मन्	
173	tArakAdiH	तारकादिः	5.2.36	44	vraRa	व्रण	
173	tArakAdiH	तारकादिः	5.2.36	45	gOrava	गौरव	
173	tArakAdiH	तारकादिः	5.2.36	46	SAstra	शास्त्र	
173	tArakAdiH	तारकादिः	5.2.36	47	taraNga	तरङ्ग	
173	tArakAdiH	तारकादिः	5.2.36	48	tilaka	तिलक	
173	tArakAdiH	तारकादिः	5.2.36	49	candraka	चन्द्रक	
173	tArakAdiH	तारकादिः	5.2.36	50	anDakAra	अन्धकार	
173	tArakAdiH	तारकादिः	5.2.36	51	garva	गर्व	
173	tArakAdiH	तारकादिः	5.2.36	52	kumura	कुमुर	
173	tArakAdiH	तारकादिः	5.2.36	53	mukura	मुकुर	
173	tArakAdiH	तारकादिः	5.2.36	54	harza	हर्ष	
173	tArakAdiH	तारकादिः	5.2.36	55	utkarza	उत्कर्ष	
173	tArakAdiH	तारकादिः	5.2.36	56	raRa	रण	
173	tArakAdiH	तारकादिः	5.2.36	57	kuvalaya	कुवलय	
173	tArakAdiH	तारकादिः	5.2.36	58	garGa	गर्घ	
173	tArakAdiH	तारकादिः	5.2.36	59	kzuD	क्षुध्	
173	tArakAdiH	तारकादिः	5.2.36	60	sImanta	सीमन्त	
173	tArakAdiH	तारकादिः	5.2.36	61	jvara	ज्वर	
173	tArakAdiH	तारकादिः	5.2.36	62	gara	गर	
173	tArakAdiH	तारकादिः	5.2.36	63	roga	रोग	
173	tArakAdiH	तारकादिः	5.2.36	64	romAYca	रोमाञ्च	
173	tArakAdiH	तारकादिः	5.2.36	65	paRqA	पण्डा	
173	tArakAdiH	तारकादिः	5.2.36	66	kujjala	कुज्जल	
173	tArakAdiH	तारकादिः	5.2.36	67	tfz	तृष्	
173	tArakAdiH	तारकादिः	5.2.36	68	koraka	कोरक	
173	tArakAdiH	तारकादिः	5.2.36	69	kallola	कल्लोल	
173	tArakAdiH	तारकादिः	5.2.36	70	sTapuwa	स्थपुट	
173	tArakAdiH	तारकादिः	5.2.36	71	Pala	फल	
173	tArakAdiH	तारकादिः	5.2.36	72	kaYcuka	कञ्चुक	
173	tArakAdiH	तारकादिः	5.2.36	73	SfNgAra	शृङ्गार	
173	tArakAdiH	तारकादिः	5.2.36	74	aNkura	अङ्कुर	
173	tArakAdiH	तारकादिः	5.2.36	75	SEvala	शैवल	
173	tArakAdiH	तारकादिः	5.2.36	76	bakula	बकुल	
173	tArakAdiH	तारकादिः	5.2.36	77	Svamra	श्वम्र	
173	tArakAdiH	तारकादिः	5.2.36	78	ArAla	आराल	
173	tArakAdiH	तारकादिः	5.2.36	79	kalaNka	कलङ्क	
173	tArakAdiH	तारकादिः	5.2.36	80	kardama	कर्दम	
173	tArakAdiH	तारकादिः	5.2.36	81	kandala	कन्दल	
173	tArakAdiH	तारकादिः	5.2.36	82	mUrcCA	मूर्च्छा	
173	tArakAdiH	तारकादिः	5.2.36	83	aNgAra	अङ्गार	
173	tArakAdiH	तारकादिः	5.2.36	84	hastaka	हस्तक	
173	tArakAdiH	तारकादिः	5.2.36	85	pribimba	प्रिबिम्ब	
173	tArakAdiH	तारकादिः	5.2.36	86	viGnatantra	विघ्नतन्त्र	
173	tArakAdiH	तारकादिः	5.2.36	87	pratyaya	प्रत्यय	
173	tArakAdiH	तारकादिः	5.2.36	88	dIkzA	दीक्षा	
173	tArakAdiH	तारकादिः	5.2.36	89	garja	गर्ज	
173	tArakAdiH	तारकादिः	5.2.36	90		॥	
174	vimuktAdiH	विमुक्तादिः	5.2.61	1	vimukta	विमुक्त	
174	vimuktAdiH	विमुक्तादिः	5.2.61	2	devAsura	देवासुर	
174	vimuktAdiH	विमुक्तादिः	5.2.61	3	rakzosura	रक्षोसुर	
174	vimuktAdiH	विमुक्तादिः	5.2.61	4	upasad	उपसद्	
174	vimuktAdiH	विमुक्तादिः	5.2.61	5	suvarRa	सुवर्ण	
174	vimuktAdiH	विमुक्तादिः	5.2.61	6	parisAraka	परिसारक	
174	vimuktAdiH	विमुक्तादिः	5.2.61	7	sadasat	सदसत्	
174	vimuktAdiH	विमुक्तादिः	5.2.61	8	vasu	वसु	
174	vimuktAdiH	विमुक्तादिः	5.2.61	9	marut	मरुत्	
174	vimuktAdiH	विमुक्तादिः	5.2.61	10	patnIvat	पत्नीवत्	
174	vimuktAdiH	विमुक्तादिः	5.2.61	11	vasumat	वसुमत्	
174	vimuktAdiH	विमुक्तादिः	5.2.61	12	mahIyas	महीयस्	
174	vimuktAdiH	विमुक्तादिः	5.2.61	13	satvat	सत्वत्	
174	vimuktAdiH	विमुक्तादिः	5.2.61	14	barhavat	बर्हवत्	
174	vimuktAdiH	विमुक्तादिः	5.2.61	15	daSArRa	दशार्ण	
174	vimuktAdiH	विमुक्तादिः	5.2.61	16	daSArha	दशार्ह	
174	vimuktAdiH	विमुक्तादिः	5.2.61	17	vayas	वयस्	
174	vimuktAdiH	विमुक्तादिः	5.2.61	18	havirDAna	हविर्धान	
174	vimuktAdiH	विमुक्तादिः	5.2.61	19	patatrin	पतत्रिन्	
174	vimuktAdiH	विमुक्तादिः	5.2.61	20	mahitrI	महित्री	
174	vimuktAdiH	विमुक्तादिः	5.2.61	21	asyahatya	अस्यहत्य	
174	vimuktAdiH	विमुक्तादिः	5.2.61	22	somApUzan	सोमापूषन्	
174	vimuktAdiH	विमुक्तादिः	5.2.61	23	iqA	इडा	
174	vimuktAdiH	विमुक्तादिः	5.2.61	24	agnAvizRU	अग्नाविष्णू	
174	vimuktAdiH	विमुक्तादिः	5.2.61	25	urvaSI	उर्वशी	
174	vimuktAdiH	विमुक्तादिः	5.2.61	26	vftrahan 	वृत्रहन् ॥	
175	gozadAdiH	गोषदादिः	5.2.62	1	gozada	गोषद	
175	gozadAdiH	गोषदादिः	5.2.62	2	gozad	गोषद्	
175	gozadAdiH	गोषदादिः	5.2.62	3	izetvA	इषेत्वा	
175	gozadAdiH	गोषदादिः	5.2.62	4	mAtariSvan	मातरिश्वन्	
175	gozadAdiH	गोषदादिः	5.2.62	5	devasyatvA	देवस्यत्वा	
175	gozadAdiH	गोषदादिः	5.2.62	6	devIrApaH	देवीरापः	
175	gozadAdiH	गोषदादिः	5.2.62	7	devIMDiyA	देवींधिया	
175	gozadAdiH	गोषदादिः	5.2.62	8	devIMDiya	देवींधिय	
175	gozadAdiH	गोषदादिः	5.2.62	9	rakzohaRa	रक्षोहण	
175	gozadAdiH	गोषदादिः	5.2.62	10	yuYjAna	युञ्जान	
175	gozadAdiH	गोषदादिः	5.2.62	11	aYjana	अञ्जन	
175	gozadAdiH	गोषदादिः	5.2.62	12	prasUta	प्रसूत	
175	gozadAdiH	गोषदादिः	5.2.62	13	praBUta	प्रभूत	
175	gozadAdiH	गोषदादिः	5.2.62	14	pratUrta	प्रतूर्त	
175	gozadAdiH	गोषदादिः	5.2.62	15	kfSAnu	कृशानु	
175	gozadAdiH	गोषदादिः	5.2.62	16	kfSAku 	कृशाकु ॥	
176	AkarzAdiH	आकर्षादिः	5.2.64	1	Akarza	आकर्ष	
176	AkarzAdiH	आकर्षादिः	5.2.64	2	Akaza	आकष	
176	AkarzAdiH	आकर्षादिः	5.2.64	3	tsaru	त्सरु	
176	AkarzAdiH	आकर्षादिः	5.2.64	4	piSAca	पिशाच	
176	AkarzAdiH	आकर्षादिः	5.2.64	5	picaRqa	पिचण्ड	
176	AkarzAdiH	आकर्षादिः	5.2.64	6	aSani	अशनि	
176	AkarzAdiH	आकर्षादिः	5.2.64	7	aSman	अश्मन्	
176	AkarzAdiH	आकर्षादिः	5.2.64	8	nicaya	निचय	
176	AkarzAdiH	आकर्षादिः	5.2.64	9	caya	चय	
176	AkarzAdiH	आकर्षादिः	5.2.64	10	vijaya	विजय	
176	AkarzAdiH	आकर्षादिः	5.2.64	11	jaya	जय	
176	AkarzAdiH	आकर्षादिः	5.2.64	12	Acaya	आचय	
176	AkarzAdiH	आकर्षादिः	5.2.64	13	naya	नय	
176	AkarzAdiH	आकर्षादिः	5.2.64	14	pAda	पाद	
176	AkarzAdiH	आकर्षादिः	5.2.64	15	dIpahrada	दीपह्रद	
176	AkarzAdiH	आकर्षादिः	5.2.64	16	hrAda	ह्राद	
176	AkarzAdiH	आकर्षादिः	5.2.64	17	hlAda	ह्लाद	
176	AkarzAdiH	आकर्षादिः	5.2.64	18	gadgada	गद्गद	
176	AkarzAdiH	आकर्षादिः	5.2.64	19	Sakuni 	शकुनि ॥	
177	izwAdiH	इष्टादिः	5.2.88	1	izwa	इष्ट	
177	izwAdiH	इष्टादिः	5.2.88	2	pUrta	पूर्त	
177	izwAdiH	इष्टादिः	5.2.88	3	upAsAdita	उपासादित	
177	izwAdiH	इष्टादिः	5.2.88	4	nigadita	निगदित	
177	izwAdiH	इष्टादिः	5.2.88	5	parigAdita	परिगादित	
177	izwAdiH	इष्टादिः	5.2.88	6	parivAdita	परिवादित	
177	izwAdiH	इष्टादिः	5.2.88	7	nikaTita	निकथित	
177	izwAdiH	इष्टादिः	5.2.88	8	nizAdita	निषादित	
177	izwAdiH	इष्टादिः	5.2.88	9	nipaWita	निपठित	
177	izwAdiH	इष्टादिः	5.2.88	10	sakalita	सकलित	
177	izwAdiH	इष्टादिः	5.2.88	11	parikalita	परिकलित	
177	izwAdiH	इष्टादिः	5.2.88	12	saMrakzita	संरक्षित	
177	izwAdiH	इष्टादिः	5.2.88	13	parirakzita	परिरक्षित	
177	izwAdiH	इष्टादिः	5.2.88	14	Arcita	आर्चित	
177	izwAdiH	इष्टादिः	5.2.88	15	gaRita	गणित	
177	izwAdiH	इष्टादिः	5.2.88	16	avakIrRa	अवकीर्ण	
177	izwAdiH	इष्टादिः	5.2.88	17	Ayukta	आयुक्त	
177	izwAdiH	इष्टादिः	5.2.88	18	gfhIta	गृहीत	
177	izwAdiH	इष्टादिः	5.2.88	19	AmnAta	आाम्नात	
177	izwAdiH	इष्टादिः	5.2.88	20	Sruta	श्रुत	
177	izwAdiH	इष्टादिः	5.2.88	21	aDIta	अधीत	
177	izwAdiH	इष्टादिः	5.2.88	22	avaDAna	अवधान	
177	izwAdiH	इष्टादिः	5.2.88	23	Asevita	आसेवित	
177	izwAdiH	इष्टादिः	5.2.88	24	avaDArita	अवधारित	
177	izwAdiH	इष्टादिः	5.2.88	25	avakalpita	अवकल्पित	
177	izwAdiH	इष्टादिः	5.2.88	26	nirAkfta	निराकृत	
177	izwAdiH	इष्टादिः	5.2.88	27	upakfta	उपकृत	
177	izwAdiH	इष्टादिः	5.2.88	28	upAkfta	उपाकृत	
177	izwAdiH	इष्टादिः	5.2.88	29	anuyukta	अनुयुक्त	
177	izwAdiH	इष्टादिः	5.2.88	30	anugaRita	अनुगणित	
177	izwAdiH	इष्टादिः	5.2.88	31	anupaWita	अनुपठित	
177	izwAdiH	इष्टादिः	5.2.88	32	vyAkulita 	व्याकुलित ॥	
178	rasAdiH	रसादिः	5.2.95	1	rasa	रस	
178	rasAdiH	रसादिः	5.2.95	2	rUpa	रूप	
178	rasAdiH	रसादिः	5.2.95	3	varRa	वर्ण	
178	rasAdiH	रसादिः	5.2.95	4	ganDa	गन्ध	
178	rasAdiH	रसादिः	5.2.95	5	sparSa	स्पर्श	
178	rasAdiH	रसादिः	5.2.95	6	Sabda	शब्द	
178	rasAdiH	रसादिः	5.2.95	7	sneha	स्नेह	
178	rasAdiH	रसादिः	5.2.95	8	BAva	भाव	
178	rasAdiH	रसादिः	5.2.95	9	guRAt	गुणात्	
178	rasAdiH	रसादिः	5.2.95	10	ekAcaH 	एकाचः ॥	
179	siDmAdiH	सिध्मादिः	5.2.97	1	siDma	सिध्म	
179	siDmAdiH	सिध्मादिः	5.2.97	2	gaqu	गडु	
179	siDmAdiH	सिध्मादिः	5.2.97	3	maRi	मणि	
179	siDmAdiH	सिध्मादिः	5.2.97	4	nABi	नाभि	
179	siDmAdiH	सिध्मादिः	5.2.97	5	bIja	बीज	
179	siDmAdiH	सिध्मादिः	5.2.97	6	vIRA	वीणा	
179	siDmAdiH	सिध्मादिः	5.2.97	7	kfzRa	कृष्ण	
179	siDmAdiH	सिध्मादिः	5.2.97	8	nizpAva	निष्पाव	
179	siDmAdiH	सिध्मादिः	5.2.97	9	pAMsu	पांसु	
179	siDmAdiH	सिध्मादिः	5.2.97	10	pArSva	पार्श्व	
179	siDmAdiH	सिध्मादिः	5.2.97	11	parSu	पर्शु	
179	siDmAdiH	सिध्मादिः	5.2.97	12	hanu	हनु	
179	siDmAdiH	सिध्मादिः	5.2.97	13	saktu	सक्तु	
179	siDmAdiH	सिध्मादिः	5.2.97	14	mAsa	मास	
179	siDmAdiH	सिध्मादिः	5.2.97	15	mAMsa	मांस	
179	siDmAdiH	सिध्मादिः	5.2.97	16	parRa	पर्ण	
179	siDmAdiH	सिध्मादिः	5.2.97	17	udaka	उदक	
179	siDmAdiH	सिध्मादिः	5.2.97	18	prajA	प्रजा	
179	siDmAdiH	सिध्मादिः	5.2.97	19	sakTi	सक्थि	
179	siDmAdiH	सिध्मादिः	5.2.97	20	karRa	कर्ण	
179	siDmAdiH	सिध्मादिः	5.2.97	21	sneha	स्नेह	
179	siDmAdiH	सिध्मादिः	5.2.97	22	SIta	शीत	
179	siDmAdiH	सिध्मादिः	5.2.97	23	SyAma	श्याम	
179	siDmAdiH	सिध्मादिः	5.2.97	24	piNga	पिङ्ग	
179	siDmAdiH	सिध्मादिः	5.2.97	25	pitta	पित्त	
179	siDmAdiH	सिध्मादिः	5.2.97	26	puzPa	पुष्फ	
179	siDmAdiH	सिध्मादिः	5.2.97	27	pfTu	पृथु	
179	siDmAdiH	सिध्मादिः	5.2.97	28	mfdu	मृदु	
179	siDmAdiH	सिध्मादिः	5.2.97	29	maYju	मञ्जु	
179	siDmAdiH	सिध्मादिः	5.2.97	30	gaRqa	गण्ड	
179	siDmAdiH	सिध्मादिः	5.2.97	31	patra	पत्र	
179	siDmAdiH	सिध्मादिः	5.2.97	32	cawu	चटु	
179	siDmAdiH	सिध्मादिः	5.2.97	33	kapi	कपि	
179	siDmAdiH	सिध्मादिः	5.2.97	34	kaRqu	कण्डु	
179	siDmAdiH	सिध्मादिः	5.2.97	35	granTi	ग्रन्थि	
179	siDmAdiH	सिध्मादिः	5.2.97	36	SrI	श्री	
179	siDmAdiH	सिध्मादिः	5.2.97	37	kuSa	कुश	
179	siDmAdiH	सिध्मादिः	5.2.97	38	DArA	धारा	
179	siDmAdiH	सिध्मादिः	5.2.97	39	varzman	वर्ष्मन्	
179	siDmAdiH	सिध्मादिः	5.2.97	40	pakzman	पक्ष्मन्	
179	siDmAdiH	सिध्मादिः	5.2.97	41	Slezman	श्लेष्मन्	
179	siDmAdiH	सिध्मादिः	5.2.97	42	peSa	पेश	
179	siDmAdiH	सिध्मादिः	5.2.97	43	nizpAd	निष्पाद्	
179	siDmAdiH	सिध्मादिः	5.2.97	44	kuRqa	कुण्ड	
179	siDmAdiH	सिध्मादिः	5.2.97	45		॥	
180	lomAdiH	लोमादिः	5.2.100	1	loman	लोमन्	
180	lomAdiH	लोमादिः	5.2.100	2	roman	रोमन्	
180	lomAdiH	लोमादिः	5.2.100	3	baBru	बभ्रु	
180	lomAdiH	लोमादिः	5.2.100	4	hari	हरि	
180	lomAdiH	लोमादिः	5.2.100	5	giri	गिरि	
180	lomAdiH	लोमादिः	5.2.100	6	karka	कर्क	
180	lomAdiH	लोमादिः	5.2.100	7	kapi	कपि	
180	lomAdiH	लोमादिः	5.2.100	8	muni	मुनि	
180	lomAdiH	लोमादिः	5.2.100	9	taru 	तरु ॥	
181	pAmAdiH	पामादिः	5.2.100	1	pAman	पामन्	
181	pAmAdiH	पामादिः	5.2.100	2	vAman	वामन्	
181	pAmAdiH	पामादिः	5.2.100	3	veman	वेमन्	
181	pAmAdiH	पामादिः	5.2.100	4	heman	हेमन्	
181	pAmAdiH	पामादिः	5.2.100	5	Slezman	श्लेष्मन्	
181	pAmAdiH	पामादिः	5.2.100	6	kadru	कद्रु	
181	pAmAdiH	पामादिः	5.2.100	7	kadrU	कद्रू	
181	pAmAdiH	पामादिः	5.2.100	8	bali	बलि	
181	pAmAdiH	पामादिः	5.2.100	9	sAman	सामन्	
181	pAmAdiH	पामादिः	5.2.100	10	Uzman	ऊष्मन्	
181	pAmAdiH	पामादिः	5.2.100	11	kfmi	कृमि	
181	pAmAdiH	पामादिः	5.2.100	12		॥	
182	picCAdiH	पिच्छादिः	5.2.100	1	picCa	पिच्छ	
182	picCAdiH	पिच्छादिः	5.2.100	2	uras	उरस्	
182	picCAdiH	पिच्छादिः	5.2.100	3	Duvaka	धुवक	
182	picCAdiH	पिच्छादिः	5.2.100	4	Druvaka	ध्रुवक	
182	picCAdiH	पिच्छादिः	5.2.100	5	varRa	वर्ण	
182	picCAdiH	पिच्छादिः	5.2.100	6	udaka	उदक	
182	picCAdiH	पिच्छादिः	5.2.100	7	paNka	पङ्क	
182	picCAdiH	पिच्छादिः	5.2.100	8	prajYA 	प्रज्ञा ॥	
183	jyotsnAdiH	ज्योत्स्नादिः	5.2.103	1	jyotsnA	ज्योत्स्ना	
183	jyotsnAdiH	ज्योत्स्नादिः	5.2.103	2	tamisnA	तमिस्ना	
183	jyotsnAdiH	ज्योत्स्नादिः	5.2.103	3	kuRqala	कुण्डल	
183	jyotsnAdiH	ज्योत्स्नादिः	5.2.103	4	kutapa	कुतप	
183	jyotsnAdiH	ज्योत्स्नादिः	5.2.103	5	visarpa	विसर्प	
183	jyotsnAdiH	ज्योत्स्नादिः	5.2.103	6	vipAdikA 	विपादिका ॥	
184	vrIhyAdiH	व्रीह्यादिः	5.2.116	1	vrIhI	व्रीही	
184	vrIhyAdiH	व्रीह्यादिः	5.2.116	2	mAyA	माया	
184	vrIhyAdiH	व्रीह्यादिः	5.2.116	3	SAlA	शाला	
184	vrIhyAdiH	व्रीह्यादिः	5.2.116	4	SiKA	शिखा	
184	vrIhyAdiH	व्रीह्यादिः	5.2.116	5	mAlA	माला	
184	vrIhyAdiH	व्रीह्यादिः	5.2.116	6	meKalA	मेखला	
184	vrIhyAdiH	व्रीह्यादिः	5.2.116	7	kekA	केका	
184	vrIhyAdiH	व्रीह्यादिः	5.2.116	8	azwakA	अष्टका	
184	vrIhyAdiH	व्रीह्यादिः	5.2.116	9	patAkA	पताका	
184	vrIhyAdiH	व्रीह्यादिः	5.2.116	10	carman	चर्मन्	
184	vrIhyAdiH	व्रीह्यादिः	5.2.116	11	karman	कर्मन्	
184	vrIhyAdiH	व्रीह्यादिः	5.2.116	12	varmin	वर्मिन्	
184	vrIhyAdiH	व्रीह्यादिः	5.2.116	13	daMzwrA	दंष्ट्रा	
184	vrIhyAdiH	व्रीह्यादिः	5.2.116	14	saMjYA	संज्ञा	
184	vrIhyAdiH	व्रीह्यादिः	5.2.116	15	vaqavA	वडवा	
184	vrIhyAdiH	व्रीह्यादिः	5.2.116	16	kumArI	कुमारी	
184	vrIhyAdiH	व्रीह्यादिः	5.2.116	17	nO	नौ	
184	vrIhyAdiH	व्रीह्यादिः	5.2.116	18	vIRA	वीणा	
184	vrIhyAdiH	व्रीह्यादिः	5.2.116	19	balAkA	बलाका	
184	vrIhyAdiH	व्रीह्यादिः	5.2.116	20	yavaKada	यवखद	
184	vrIhyAdiH	व्रीह्यादिः	5.2.116	21		॥	
185	tundAdiH	तुन्दादिः	5.2.117	1	tunda	तुन्द	
185	tundAdiH	तुन्दादिः	5.2.117	2	udara	उदर	
185	tundAdiH	तुन्दादिः	5.2.117	3	picaRqa	पिचण्ड	
185	tundAdiH	तुन्दादिः	5.2.117	4	yava	यव	
185	tundAdiH	तुन्दादिः	5.2.117	5	vrIhi	व्रीहि	
185	tundAdiH	तुन्दादिः	5.2.117	6		॥	
186	arSaAdiH	अर्शआदिः	5.2.127	1	arSas	अर्शस्	
186	arSaAdiH	अर्शआदिः	5.2.127	2	uras	उरस्	
186	arSaAdiH	अर्शआदिः	5.2.127	3	tunda	तुन्द	
186	arSaAdiH	अर्शआदिः	5.2.127	4	catura	चतुर	
186	arSaAdiH	अर्शआदिः	5.2.127	5	kalita	कलित	
186	arSaAdiH	अर्शआदिः	5.2.127	6	jawA	जटा	
186	arSaAdiH	अर्शआदिः	5.2.127	7	GawA	घटा	
186	arSaAdiH	अर्शआदिः	5.2.127	8	GAwA	घाटा	
186	arSaAdiH	अर्शआदिः	5.2.127	9	aBra	अभ्र	
186	arSaAdiH	अर्शआदिः	5.2.127	10	aGa	अघ	
186	arSaAdiH	अर्शआदिः	5.2.127	11	kardama	कर्दम	
186	arSaAdiH	अर्शआदिः	5.2.127	12	amla	अम्ल	
186	arSaAdiH	अर्शआदिः	5.2.127	13	lavaRa	लवण	
186	arSaAdiH	अर्शआदिः	5.2.127	14	varRAt 	वर्णात् ॥	
187	suKAdiH	सुखादिः	5.2.131	1	suKa	सुख	
187	suKAdiH	सुखादिः	5.2.131	2	duHKa	दुःख	
187	suKAdiH	सुखादिः	5.2.131	3	tfpta	तृप्त	
187	suKAdiH	सुखादिः	5.2.131	4	tfpra	तृप्र	
187	suKAdiH	सुखादिः	5.2.131	5	kfcCra	कृच्छ्र	
187	suKAdiH	सुखादिः	5.2.131	6	asna	अस्न	
187	suKAdiH	सुखादिः	5.2.131	7	ASra	आश्र	
187	suKAdiH	सुखादिः	5.2.131	8	Asna	आस्न	
187	suKAdiH	सुखादिः	5.2.131	9	alIka	अलीक	
187	suKAdiH	सुखादिः	5.2.131	10	kaWiRa	कठिण	
187	suKAdiH	सुखादिः	5.2.131	11	soQa	सोढ	
187	suKAdiH	सुखादिः	5.2.131	12	pratIpa	प्रतीप	
187	suKAdiH	सुखादिः	5.2.131	13	SIla	शील	
187	suKAdiH	सुखादिः	5.2.131	14	hala	हल	
187	suKAdiH	सुखादिः	5.2.131	15	mAlA	माला	
187	suKAdiH	सुखादिः	5.2.131	16	kzepe	क्षेपे	
187	suKAdiH	सुखादिः	5.2.131	17	kfpaRa	कृपण	
187	suKAdiH	सुखादिः	5.2.131	18	praRAya	प्रणाय	
187	suKAdiH	सुखादिः	5.2.131	19	praRaya	प्रणय	
187	suKAdiH	सुखादिः	5.2.131	20	dala	दल	
187	suKAdiH	सुखादिः	5.2.131	21	kakza 	कक्ष ॥	
188	puzkarAdiH	पुष्करादिः	5.2.135	1	puzkara	पुष्कर	
188	puzkarAdiH	पुष्करादिः	5.2.135	2	padma	पद्म	
188	puzkarAdiH	पुष्करादिः	5.2.135	3	utpala	उत्पल	
188	puzkarAdiH	पुष्करादिः	5.2.135	4	tamAla	तमाल	
188	puzkarAdiH	पुष्करादिः	5.2.135	5	kumuda	कुमुद	
188	puzkarAdiH	पुष्करादिः	5.2.135	6	naqa	नड	
188	puzkarAdiH	पुष्करादिः	5.2.135	7	kapitTa	कपित्थ	
188	puzkarAdiH	पुष्करादिः	5.2.135	8	bisa	बिस	
188	puzkarAdiH	पुष्करादिः	5.2.135	9	mfRAla	मृणाल	
188	puzkarAdiH	पुष्करादिः	5.2.135	10	kardama	कर्दम	
188	puzkarAdiH	पुष्करादिः	5.2.135	11	SAlUka	शालूक	
188	puzkarAdiH	पुष्करादिः	5.2.135	12	vigarha	विगर्ह	
188	puzkarAdiH	पुष्करादिः	5.2.135	13	karIza	करीष	
188	puzkarAdiH	पुष्करादिः	5.2.135	14	SirIza	शिरीष	
188	puzkarAdiH	पुष्करादिः	5.2.135	15	yavAsa	यवास	
188	puzkarAdiH	पुष्करादिः	5.2.135	16	pravAsa	प्रवास	
188	puzkarAdiH	पुष्करादिः	5.2.135	17	hiraRya	हिरण्य	
188	puzkarAdiH	पुष्करादिः	5.2.135	18	kErava	कैरव	
188	puzkarAdiH	पुष्करादिः	5.2.135	19	kallola	कल्लोल	
188	puzkarAdiH	पुष्करादिः	5.2.135	20	tawa	तट	
188	puzkarAdiH	पुष्करादिः	5.2.135	21	taraNga	तरङ्ग	
188	puzkarAdiH	पुष्करादिः	5.2.135	22	paNkaja	पङ्कज	
188	puzkarAdiH	पुष्करादिः	5.2.135	23	saroja	सरोज	
188	puzkarAdiH	पुष्करादिः	5.2.135	24	rAjIva	राजीव	
188	puzkarAdiH	पुष्करादिः	5.2.135	25	saroruha	सरोरुह	
188	puzkarAdiH	पुष्करादिः	5.2.135	26	puwaka	पुटक	
188	puzkarAdiH	पुष्करादिः	5.2.135	27	aravinda	अरविन्द	
188	puzkarAdiH	पुष्करादिः	5.2.135	28	amBoja	अम्भोज	
188	puzkarAdiH	पुष्करादिः	5.2.135	29	abja	अब्ज	
188	puzkarAdiH	पुष्करादिः	5.2.135	30	kamala	कमल	
188	puzkarAdiH	पुष्करादिः	5.2.135	31	kallola	कल्लोल	
188	puzkarAdiH	पुष्करादिः	5.2.135	32	payas 	पयस् ॥	
189	balAdiH	बलादिः	5.2.136	1	bala	बल	
189	balAdiH	बलादिः	5.2.136	2	utsAha	उत्साह	
189	balAdiH	बलादिः	5.2.136	3	udBAva	उद्भाव	
189	balAdiH	बलादिः	5.2.136	4	udvAsa	उद्वास	
189	balAdiH	बलादिः	5.2.136	5	udvAma	उद्वाम	
189	balAdiH	बलादिः	5.2.136	6	SiKA	शिखा	
189	balAdiH	बलादिः	5.2.136	7	kula	कुल	
189	balAdiH	बलादिः	5.2.136	8	cUqA	चूडा	
189	balAdiH	बलादिः	5.2.136	9	sula	सुल	
189	balAdiH	बलादिः	5.2.136	10	kUla	कूल	
189	balAdiH	बलादिः	5.2.136	11	AyAma	आयाम	
189	balAdiH	बलादिः	5.2.136	12	vyAyAma	व्यायाम	
189	balAdiH	बलादिः	5.2.136	13	upayAma	उपयाम	
189	balAdiH	बलादिः	5.2.136	14	Aroha	आरोह	
189	balAdiH	बलादिः	5.2.136	15	avaroha	अवरोह	
189	balAdiH	बलादिः	5.2.136	16	pariRAha	परिणाह	
189	balAdiH	बलादिः	5.2.136	17	yudDa 	युद्ध ॥	
190	BavadAdiH	भवदादिः	5.3.14	1	BavAn	भवान्	
190	BavadAdiH	भवदादिः	5.3.14	2	dIrGAyuH	दीर्घायुः	
190	BavadAdiH	भवदादिः	5.3.14	3	devAnAMpriyaH	देवानांप्रियः	
190	BavadAdiH	भवदादिः	5.3.14	4	AyuzmAn 	आयुष्मान् ॥	
191	devapaTAdiH	देवपथादिः	5.3.100	1	devapaTa	देवपथ	
191	devapaTAdiH	देवपथादिः	5.3.100	2	haMsapaTa	हंसपथ	
191	devapaTAdiH	देवपथादिः	5.3.100	3	vAripaTa	वारिपथ	
191	devapaTAdiH	देवपथादिः	5.3.100	4	raTapaTa	रथपथ	
191	devapaTAdiH	देवपथादिः	5.3.100	5	sTalapaTa	स्थलपथ	
191	devapaTAdiH	देवपथादिः	5.3.100	6	karipaTa	करिपथ	
191	devapaTAdiH	देवपथादिः	5.3.100	7	ajapaTa	अजपथ	
191	devapaTAdiH	देवपथादिः	5.3.100	8	rAjapaTa	राजपथ	
191	devapaTAdiH	देवपथादिः	5.3.100	9	SatapaTa	शतपथ	
191	devapaTAdiH	देवपथादिः	5.3.100	10	SaNkupaTa	शङ्कुपथ	
191	devapaTAdiH	देवपथादिः	5.3.100	11	minDupaTa	मिन्धुपथ	
191	devapaTAdiH	देवपथादिः	5.3.100	12	sidDagati	सिद्धगति	
191	devapaTAdiH	देवपथादिः	5.3.100	13	uzwragrIvA	उष्ट्रग्रीवा	
191	devapaTAdiH	देवपथादिः	5.3.100	14	vAmarajju	वामरज्जु	
191	devapaTAdiH	देवपथादिः	5.3.100	15	hasta	हस्त	
191	devapaTAdiH	देवपथादिः	5.3.100	16	indra	इन्द्र	
191	devapaTAdiH	देवपथादिः	5.3.100	17	daRqa	दण्ड	
191	devapaTAdiH	देवपथादिः	5.3.100	18	puzpa	पुष्प	
191	devapaTAdiH	देवपथादिः	5.3.100	19	matsya 	मत्स्य ॥	
192	SAKAdiH	शाखादिः	5.3.103	1	SAKA	शाखा	
192	SAKAdiH	शाखादिः	5.3.103	2	muKa	मुख	
192	SAKAdiH	शाखादिः	5.3.103	3	jaGana	जघन	
192	SAKAdiH	शाखादिः	5.3.103	4	SfNga	शृङ्ग	
192	SAKAdiH	शाखादिः	5.3.103	5	meGa	मेघ	
192	SAKAdiH	शाखादिः	5.3.103	6	aBra	अभ्र	
192	SAKAdiH	शाखादिः	5.3.103	7	caraRa	चरण	
192	SAKAdiH	शाखादिः	5.3.103	8	skanDa	स्कन्ध	
192	SAKAdiH	शाखादिः	5.3.103	9	skada	स्कद	
192	SAKAdiH	शाखादिः	5.3.103	10	skanda	स्कन्द	
192	SAKAdiH	शाखादिः	5.3.103	11	uras	उरस्	
192	SAKAdiH	शाखादिः	5.3.103	12	Siras	शिरस्	
192	SAKAdiH	शाखादिः	5.3.103	13	agra	अग्र	
192	SAKAdiH	शाखादिः	5.3.103	14	SARa	शाण	
192	SAKAdiH	शाखादिः	5.3.103	15	SaraRa 	शरण ॥	
193	SarkarAdiH	शर्करादिः	5.3.107	1	SarkarA	शर्करा	
193	SarkarAdiH	शर्करादिः	5.3.107	2	kapAlikA	कपालिका	
193	SarkarAdiH	शर्करादिः	5.3.107	3	kapAwikA	कपाटिका	
193	SarkarAdiH	शर्करादिः	5.3.107	4	kapizWikA	कपिष्ठिका	
193	SarkarAdiH	शर्करादिः	5.3.107	5	kanizWikA	कनिष्ठिका	
193	SarkarAdiH	शर्करादिः	5.3.107	6	puRqarIka	पुण्डरीक	
193	SarkarAdiH	शर्करादिः	5.3.107	7	Satapatra	शतपत्र	
193	SarkarAdiH	शर्करादिः	5.3.107	8	goloman	गोलोमन्	
193	SarkarAdiH	शर्करादिः	5.3.107	9	loman	लोमन्	
193	SarkarAdiH	शर्करादिः	5.3.107	10	gopucCa	गोपुच्छ	
193	SarkarAdiH	शर्करादिः	5.3.107	11	narAcI	नराची	
193	SarkarAdiH	शर्करादिः	5.3.107	12	nakula	नकुल	
193	SarkarAdiH	शर्करादिः	5.3.107	13	sikatA 	सिकता ॥	
194	aNgulyAdiH	अङ्गुल्यादिः	5.3.108	1	aNguli	अङ्गुलि	
194	aNgulyAdiH	अङ्गुल्यादिः	5.3.108	2	Baruja	भरुज	
194	aNgulyAdiH	अङ्गुल्यादिः	5.3.108	3	baBru	बभ्रु	
194	aNgulyAdiH	अङ्गुल्यादिः	5.3.108	4	valgu	वल्गु	
194	aNgulyAdiH	अङ्गुल्यादिः	5.3.108	5	maRqara	मण्डर	
194	aNgulyAdiH	अङ्गुल्यादिः	5.3.108	6	maRqala	मण्डल	
194	aNgulyAdiH	अङ्गुल्यादिः	5.3.108	7	SazkulI	शष्कुली	
194	aNgulyAdiH	अङ्गुल्यादिः	5.3.108	8	hari	हरि	
194	aNgulyAdiH	अङ्गुल्यादिः	5.3.108	9	kapi	कपि	
194	aNgulyAdiH	अङ्गुल्यादिः	5.3.108	10	muni	मुनि	
194	aNgulyAdiH	अङ्गुल्यादिः	5.3.108	11	ruha	रुह	
194	aNgulyAdiH	अङ्गुल्यादिः	5.3.108	12	Kala	खल	
194	aNgulyAdiH	अङ्गुल्यादिः	5.3.108	13	udaSvit	उदश्वित्	
194	aNgulyAdiH	अङ्गुल्यादिः	5.3.108	14	goRI	गोणी	
194	aNgulyAdiH	अङ्गुल्यादिः	5.3.108	15	uras	उरस्	
194	aNgulyAdiH	अङ्गुल्यादिः	5.3.108	16	kuliSa 	कुलिश ॥	
195	dAmanyAdiH	दामन्यादिः	5.3.116	1	dAmanI	दामनी	
195	dAmanyAdiH	दामन्यादिः	5.3.116	2	Olapi	औलपि	
195	dAmanyAdiH	दामन्यादिः	5.3.116	3	bEjavApi	बैजवापि	
195	dAmanyAdiH	दामन्यादिः	5.3.116	4	Odaki	औदकि	
195	dAmanyAdiH	दामन्यादिः	5.3.116	5	OdaNki	औदङ्कि	
195	dAmanyAdiH	दामन्यादिः	5.3.116	6	acyutanti	अच्युतन्ति	
195	dAmanyAdiH	दामन्यादिः	5.3.116	7	Acyutanti	आच्युतन्ति	
195	dAmanyAdiH	दामन्यादिः	5.3.116	8	acyutadanti	अच्युतदन्ति	
195	dAmanyAdiH	दामन्यादिः	5.3.116	9	Acyutadanti	आच्युतदन्ति	
195	dAmanyAdiH	दामन्यादिः	5.3.116	10	SAkuntaki	शाकुन्तकि	
195	dAmanyAdiH	दामन्यादिः	5.3.116	11	AkidantI	आकिदन्ती	
195	dAmanyAdiH	दामन्यादिः	5.3.116	12	Akvidanti	आक्विदन्ति	
195	dAmanyAdiH	दामन्यादिः	5.3.116	13	Oqavi	औडवि	
195	dAmanyAdiH	दामन्यादिः	5.3.116	14	kAkadantaki	काकदन्तकि	
195	dAmanyAdiH	दामन्यादिः	5.3.116	15	SatruMtapi	शत्रुंतपि	
195	dAmanyAdiH	दामन्यादिः	5.3.116	16	sArvaseni	सार्वसेनि	
195	dAmanyAdiH	दामन्यादिः	5.3.116	17	bindu	बिन्दु	
195	dAmanyAdiH	दामन्यादिः	5.3.116	18	bEndavi	बैन्दवि	
195	dAmanyAdiH	दामन्यादिः	5.3.116	19	tulaBa	तुलभ	
195	dAmanyAdiH	दामन्यादिः	5.3.116	20	mOYjAyana	मौञ्जायन	
195	dAmanyAdiH	दामन्यादिः	5.3.116	21	kAkandi	काकन्दि	
195	dAmanyAdiH	दामन्यादिः	5.3.116	22	ulaBa	उलभ	
195	dAmanyAdiH	दामन्यादिः	5.3.116	23	sAvitrIputra 	सावित्रीपुत्र ॥	
196	parSvAdiH	पर्श्वादिः	5.3.117	1	parSu	पर्शु	
196	parSvAdiH	पर्श्वादिः	5.3.117	2	asura	असुर	
196	parSvAdiH	पर्श्वादिः	5.3.117	3	rakzas	रक्षस्	
196	parSvAdiH	पर्श्वादिः	5.3.117	4	bAhlIka	बाह्लीक	
196	parSvAdiH	पर्श्वादिः	5.3.117	5	vayas	वयस्	
196	parSvAdiH	पर्श्वादिः	5.3.117	6	vasu	वसु	
196	parSvAdiH	पर्श्वादिः	5.3.117	7	marut	मरुत्	
196	parSvAdiH	पर्श्वादिः	5.3.117	8	satvat	सत्वत्	
196	parSvAdiH	पर्श्वादिः	5.3.117	9	daSArha	दशार्ह	
196	parSvAdiH	पर्श्वादिः	5.3.117	10	piSAca	पिशाच	
196	parSvAdiH	पर्श्वादिः	5.3.117	11	aSani	अशनि	
196	parSvAdiH	पर्श्वादिः	5.3.117	12	kArzApaRa 	कार्षापण ॥	
197	yODeyAdiH	यौधेयादिः	5.3.117	1	yODeya	यौधेय	
197	yODeyAdiH	यौधेयादिः	5.3.117	2	krOSeya	क्रौशेय	
197	yODeyAdiH	यौधेयादिः	5.3.117	3	SOkeya	शौकेय	
197	yODeyAdiH	यौधेयादिः	5.3.117	4	SOBreya	शौभ्रेय	
197	yODeyAdiH	यौधेयादिः	5.3.117	5	DArteya	धार्तेय	
197	yODeyAdiH	यौधेयादिः	5.3.117	6	GArteya	घार्तेय	
197	yODeyAdiH	यौधेयादिः	5.3.117	7	jyAvAReya	ज्यावाणेय	
197	yODeyAdiH	यौधेयादिः	5.3.117	8	trigarta	त्रिगर्त	
197	yODeyAdiH	यौधेयादिः	5.3.117	9	Barata	भरत	
197	yODeyAdiH	यौधेयादिः	5.3.117	10	uSInara 	उशीनर ॥	
198	sTUlAdiH	स्थूलादिः	5.4.3	1	sTUla	स्थूल	
198	sTUlAdiH	स्थूलादिः	5.4.3	2	aRu	अणु	
198	sTUlAdiH	स्थूलादिः	5.4.3	3	mAza	माष	
198	sTUlAdiH	स्थूलादिः	5.4.3	4	izu	इषु	
198	sTUlAdiH	स्थूलादिः	5.4.3	5	kumArIputra	कुमारीपुत्र	
198	sTUlAdiH	स्थूलादिः	5.4.3	6	kumArISvaSura	कुमारीश्वशुर	
198	sTUlAdiH	स्थूलादिः	5.4.3	7	maRi 	मणि ॥	
199	yAvAdiH	यावादिः	5.4.29	1	yAva	याव	
199	yAvAdiH	यावादिः	5.4.29	2	maRi	मणि	
199	yAvAdiH	यावादिः	5.4.29	3	asTi	अस्थि	
199	yAvAdiH	यावादिः	5.4.29	4	tAlu	तालु	
199	yAvAdiH	यावादिः	5.4.29	5	jAnu	जानु	
199	yAvAdiH	यावादिः	5.4.29	6	sAndra	सान्द्र	
199	yAvAdiH	यावादिः	5.4.29	7	pIta	पीत	
199	yAvAdiH	यावादिः	5.4.29	8	stamba	स्तम्ब	
199	yAvAdiH	यावादिः	5.4.29	9	jYAta	ज्ञात	
199	yAvAdiH	यावादिः	5.4.29	10	ajYAta	अज्ञात	
199	yAvAdiH	यावादिः	5.4.29	11		॥	
200	vinayAdiH	विनयादिः	5.4.34	1	vinaya	विनय	
200	vinayAdiH	विनयादिः	5.4.34	2	samaya	समय	
200	vinayAdiH	विनयादिः	5.4.34	3	upAyo	उपायो	
200	vinayAdiH	विनयादिः	5.4.34	4	hrasvatvaM	ह्रस्वत्वं	
200	vinayAdiH	विनयादिः	5.4.34	5	ca	च	
200	vinayAdiH	विनयादिः	5.4.34	6	saMprati	संप्रति	
200	vinayAdiH	विनयादिः	5.4.34	7	saMgati	संगति	
200	vinayAdiH	विनयादिः	5.4.34	8	kaTaMcit	कथंचित्	
200	vinayAdiH	विनयादिः	5.4.34	9	akasmAt	अकस्मात्	
200	vinayAdiH	विनयादिः	5.4.34	10	samAcAra	समाचार	
200	vinayAdiH	विनयादिः	5.4.34	11	upacAra	उपचार	
200	vinayAdiH	विनयादिः	5.4.34	12	samAya	समाय	
200	vinayAdiH	विनयादिः	5.4.34	13	samayAcAra	समयाचार	
200	vinayAdiH	विनयादिः	5.4.34	14	vyavahAra	व्यवहार	
200	vinayAdiH	विनयादिः	5.4.34	15	saMpradAna	संप्रदान	
200	vinayAdiH	विनयादिः	5.4.34	16	samutkarza	समुत्कर्ष	
200	vinayAdiH	विनयादिः	5.4.34	17	samUha	समूह	
200	vinayAdiH	विनयादिः	5.4.34	18	viSeza	विशेष	
200	vinayAdiH	विनयादिः	5.4.34	19	atyaya 	अत्यय ॥	
201	prajYAdiH	प्रज्ञादिः	5.4.38	1	prajYa	प्रज्ञ	
201	prajYAdiH	प्रज्ञादिः	5.4.38	2	vaRij	वणिज्	
201	prajYAdiH	प्रज्ञादिः	5.4.38	3	uSij	उशिज्	
201	prajYAdiH	प्रज्ञादिः	5.4.38	4	uzRij	उष्णिज्	
201	prajYAdiH	प्रज्ञादिः	5.4.38	5	pratyakza	प्रत्यक्ष	
201	prajYAdiH	प्रज्ञादिः	5.4.38	6	vidvas	विद्वस्	
201	prajYAdiH	प्रज्ञादिः	5.4.38	7	vidan	विदन्	
201	prajYAdiH	प्रज्ञादिः	5.4.38	8	zoqan	षोडन्	
201	prajYAdiH	प्रज्ञादिः	5.4.38	9	vidyA	विद्या	
201	prajYAdiH	प्रज्ञादिः	5.4.38	10	manas	मनस्	
201	prajYAdiH	प्रज्ञादिः	5.4.38	11	Srotra	श्रोत्र	
201	prajYAdiH	प्रज्ञादिः	5.4.38	12	SarIre	शरीरे	
201	prajYAdiH	प्रज्ञादिः	5.4.38	13	juhvat	जुह्वत्	
201	prajYAdiH	प्रज्ञादिः	5.4.38	14	kfzRa	कृष्ण	
201	prajYAdiH	प्रज्ञादिः	5.4.38	15	mfge	मृगे	
201	prajYAdiH	प्रज्ञादिः	5.4.38	16	cikIrzat	चिकीर्षत्	
201	prajYAdiH	प्रज्ञादिः	5.4.38	17	cora	चोर	
201	prajYAdiH	प्रज्ञादिः	5.4.38	18	Satra	शत्र	
201	prajYAdiH	प्रज्ञादिः	5.4.38	19	yoDa	योध	
201	prajYAdiH	प्रज्ञादिः	5.4.38	20	cakzus	चक्षुस्	
201	prajYAdiH	प्रज्ञादिः	5.4.38	21	vasu	वसु	
201	prajYAdiH	प्रज्ञादिः	5.4.38	22	enas	एनस्	
201	prajYAdiH	प्रज्ञादिः	5.4.38	23	marut	मरुत्	
201	prajYAdiH	प्रज्ञादिः	5.4.38	24	kruYca	क्रुञ्च	
201	prajYAdiH	प्रज्ञादिः	5.4.38	25	sattvat	सत्त्वत्	
201	prajYAdiH	प्रज्ञादिः	5.4.38	26	daSArha	दशार्ह	
201	prajYAdiH	प्रज्ञादिः	5.4.38	27	vayas	वयस्	
201	prajYAdiH	प्रज्ञादिः	5.4.38	28	vyAkfta	व्याकृत	
201	prajYAdiH	प्रज्ञादिः	5.4.38	29	asura	असुर	
201	prajYAdiH	प्रज्ञादिः	5.4.38	30	rakzas	रक्षस्	
201	prajYAdiH	प्रज्ञादिः	5.4.38	31	piSAca	पिशाच	
201	prajYAdiH	प्रज्ञादिः	5.4.38	32	aSani	अशनि	
201	prajYAdiH	प्रज्ञादिः	5.4.38	33	kArzApaRa	कार्षापण	
201	prajYAdiH	प्रज्ञादिः	5.4.38	34	devatA	देवता	
201	prajYAdiH	प्रज्ञादिः	5.4.38	35	banDu 	बन्धु ॥	
202	AdyAdiH	आद्यादिः	5.4.44	1	Adi	आदि	
202	AdyAdiH	आद्यादिः	5.4.44	2	maDya	मध्य	
202	AdyAdiH	आद्यादिः	5.4.44	3	anta	अन्त	
202	AdyAdiH	आद्यादिः	5.4.44	4	pfzWa	पृष्ठ	
202	AdyAdiH	आद्यादिः	5.4.44	5	pArSva 	पार्श्व ॥	
203	SaradAdiH	शरदादिः	5.4.107	1	Sarad	शरद्	
203	SaradAdiH	शरदादिः	5.4.107	2	vipAS	विपाश्	
203	SaradAdiH	शरदादिः	5.4.107	3	anas	अनस्	
203	SaradAdiH	शरदादिः	5.4.107	4	manas	मनस्	
203	SaradAdiH	शरदादिः	5.4.107	5	upAnah	उपानह्	
203	SaradAdiH	शरदादिः	5.4.107	6	anaquh	अनडुह्	
203	SaradAdiH	शरदादिः	5.4.107	7	div	दिव्	
203	SaradAdiH	शरदादिः	5.4.107	8	himavat	हिमवत्	
203	SaradAdiH	शरदादिः	5.4.107	9	hiruk	हिरुक्	
203	SaradAdiH	शरदादिः	5.4.107	10	vid	विद्	
203	SaradAdiH	शरदादिः	5.4.107	11	sad	सद्	
203	SaradAdiH	शरदादिः	5.4.107	12	diS	दिश्	
203	SaradAdiH	शरदादिः	5.4.107	13	dfS	दृश्	
203	SaradAdiH	शरदादिः	5.4.107	14	viS	विश्	
203	SaradAdiH	शरदादिः	5.4.107	15	catur	चतुर्	
203	SaradAdiH	शरदादिः	5.4.107	16	tyad	त्यद्	
203	SaradAdiH	शरदादिः	5.4.107	17	tad	तद्	
203	SaradAdiH	शरदादिः	5.4.107	18	yad	यद्	
203	SaradAdiH	शरदादिः	5.4.107	19	etad	एतद्	
203	SaradAdiH	शरदादिः	5.4.107	20	kiyat	कियत्	
203	SaradAdiH	शरदादिः	5.4.107	21	paTin 	पथिन् ॥	
204	dvidaRqyAdiH	द्विदण्ड्यादिः	5.4.128	1	dvidaRqi	द्विदण्डि	
204	dvidaRqyAdiH	द्विदण्ड्यादिः	5.4.128	2	dvimusali	द्विमुसलि	
204	dvidaRqyAdiH	द्विदण्ड्यादिः	5.4.128	3	uBAYjali	उभाञ्जलि	
204	dvidaRqyAdiH	द्विदण्ड्यादिः	5.4.128	4	uBayAYjali	उभयाञ्जलि	
204	dvidaRqyAdiH	द्विदण्ड्यादिः	5.4.128	5	uBAdanti	उभादन्ति	
204	dvidaRqyAdiH	द्विदण्ड्यादिः	5.4.128	6	uBayAdanti	उभयादन्ति	
204	dvidaRqyAdiH	द्विदण्ड्यादिः	5.4.128	7	uBAhasti	उभाहस्ति	
204	dvidaRqyAdiH	द्विदण्ड्यादिः	5.4.128	8	uBayAhasti	उभयाहस्ति	
204	dvidaRqyAdiH	द्विदण्ड्यादिः	5.4.128	9	uBAkarRi	उभाकर्णि	
204	dvidaRqyAdiH	द्विदण्ड्यादिः	5.4.128	10	uBayAkarRi	उभयाकर्णि	
204	dvidaRqyAdiH	द्विदण्ड्यादिः	5.4.128	11	uBApARi	उभापाणि	
204	dvidaRqyAdiH	द्विदण्ड्यादिः	5.4.128	12	uBayApARi	उभयापाणि	
204	dvidaRqyAdiH	द्विदण्ड्यादिः	5.4.128	13	uBAbAhu	उभाबाहु	
204	dvidaRqyAdiH	द्विदण्ड्यादिः	5.4.128	14	uBayAbAhu	उभयाबाहु	
204	dvidaRqyAdiH	द्विदण्ड्यादिः	5.4.128	15	ekapadI	एकपदी	
204	dvidaRqyAdiH	द्विदण्ड्यादिः	5.4.128	16	prozWapadI	प्रोष्ठपदी	
204	dvidaRqyAdiH	द्विदण्ड्यादिः	5.4.128	17	AcyapadI	आच्यपदी	
204	dvidaRqyAdiH	द्विदण्ड्यादिः	5.4.128	18	AQayapadi	आढयपदि	
204	dvidaRqyAdiH	द्विदण्ड्यादिः	5.4.128	19	sapati	सपति	
204	dvidaRqyAdiH	द्विदण्ड्यादिः	5.4.128	20	nikucyakarRi	निकुच्यकर्णि	
204	dvidaRqyAdiH	द्विदण्ड्यादिः	5.4.128	21	saMhatapucCi	संहतपुच्छि	
204	dvidaRqyAdiH	द्विदण्ड्यादिः	5.4.128	22	antekasI 	अन्तेकसी ॥	
205	hastyAdiH	हस्त्यादिः	5.4.138	1	hastin	हस्तिन्	
205	hastyAdiH	हस्त्यादिः	5.4.138	2	kuddAla	कुद्दाल	
205	hastyAdiH	हस्त्यादिः	5.4.138	3	aSva	अश्व	
205	hastyAdiH	हस्त्यादिः	5.4.138	4	kaSika	कशिक	
205	hastyAdiH	हस्त्यादिः	5.4.138	5	kuruta	कुरुत	
205	hastyAdiH	हस्त्यादिः	5.4.138	6	kawola	कटोल	
205	hastyAdiH	हस्त्यादिः	5.4.138	7	kawolaka	कटोलक	
205	hastyAdiH	हस्त्यादिः	5.4.138	8	gaRqola	गण्डोल	
205	hastyAdiH	हस्त्यादिः	5.4.138	9	gaRqolaka	गण्डोलक	
205	hastyAdiH	हस्त्यादिः	5.4.138	10	kaRqola	कण्डोल	
205	hastyAdiH	हस्त्यादिः	5.4.138	11	kaRqolaka	कण्डोलक	
205	hastyAdiH	हस्त्यादिः	5.4.138	12	aja	अज	
205	hastyAdiH	हस्त्यादिः	5.4.138	13	kapota	कपोत	
205	hastyAdiH	हस्त्यादिः	5.4.138	14	jAla	जाल	
205	hastyAdiH	हस्त्यादिः	5.4.138	15	gaRqa	गण्ड	
205	hastyAdiH	हस्त्यादिः	5.4.138	16	mahilA	महिला	
205	hastyAdiH	हस्त्यादिः	5.4.138	17	dAsI	दासी	
205	hastyAdiH	हस्त्यादिः	5.4.138	18	gaRikA	गणिका	
205	hastyAdiH	हस्त्यादिः	5.4.138	19	kusUla 	कुसूल ॥	
206	kumBapadyAdiH	कुम्भपद्यादिः	5.4.139	1	kumBapadI	कुम्भपदी	
206	kumBapadyAdiH	कुम्भपद्यादिः	5.4.139	2	ekapadI	एकपदी	
206	kumBapadyAdiH	कुम्भपद्यादिः	5.4.139	3	jAlapadI	जालपदी	
206	kumBapadyAdiH	कुम्भपद्यादिः	5.4.139	4	SUlapadI	शूलपदी	
206	kumBapadyAdiH	कुम्भपद्यादिः	5.4.139	5	munipadI	मुनिपदी	
206	kumBapadyAdiH	कुम्भपद्यादिः	5.4.139	6	guRapadI	गुणपदी	
206	kumBapadyAdiH	कुम्भपद्यादिः	5.4.139	7	SatapadI	शतपदी	
206	kumBapadyAdiH	कुम्भपद्यादिः	5.4.139	8	sUtrapadI	सूत्रपदी	
206	kumBapadyAdiH	कुम्भपद्यादिः	5.4.139	9	goDApadI	गोधापदी	
206	kumBapadyAdiH	कुम्भपद्यादिः	5.4.139	10	kalaSIpadI	कलशीपदी	
206	kumBapadyAdiH	कुम्भपद्यादिः	5.4.139	11	vipadI	विपदी	
206	kumBapadyAdiH	कुम्भपद्यादिः	5.4.139	12	tfRapadI	तृणपदी	
206	kumBapadyAdiH	कुम्भपद्यादिः	5.4.139	13	dvipadI	द्विपदी	
206	kumBapadyAdiH	कुम्भपद्यादिः	5.4.139	14	tripadI	त्रिपदी	
206	kumBapadyAdiH	कुम्भपद्यादिः	5.4.139	15	zawpadI	षट्पदी	
206	kumBapadyAdiH	कुम्भपद्यादिः	5.4.139	16	dAsIpadI	दासीपदी	
206	kumBapadyAdiH	कुम्भपद्यादिः	5.4.139	17	SitipadI	शितिपदी	
206	kumBapadyAdiH	कुम्भपद्यादिः	5.4.139	18	vizRupadI	विष्णुपदी	
206	kumBapadyAdiH	कुम्भपद्यादिः	5.4.139	19	supadI	सुपदी	
206	kumBapadyAdiH	कुम्भपद्यादिः	5.4.139	20	nizpadI	निष्पदी	
206	kumBapadyAdiH	कुम्भपद्यादिः	5.4.139	21	ArdrapadI	आर्द्रपदी	
206	kumBapadyAdiH	कुम्भपद्यादिः	5.4.139	22	kuRipadI	कुणिपदी	
206	kumBapadyAdiH	कुम्भपद्यादिः	5.4.139	23	kfzRapadI	कृष्णपदी	
206	kumBapadyAdiH	कुम्भपद्यादिः	5.4.139	24	SucipadI	शुचिपदी	
206	kumBapadyAdiH	कुम्भपद्यादिः	5.4.139	25	droRIpadI	द्रोणीपदी	
206	kumBapadyAdiH	कुम्भपद्यादिः	5.4.139	26	droRapadI	द्रोणपदी	
206	kumBapadyAdiH	कुम्भपद्यादिः	5.4.139	27	drupadI	द्रुपदी	
206	kumBapadyAdiH	कुम्भपद्यादिः	5.4.139	28	sUkarapadI	सूकरपदी	
206	kumBapadyAdiH	कुम्भपद्यादिः	5.4.139	29	SakftpadI	शकृत्पदी	
206	kumBapadyAdiH	कुम्भपद्यादिः	5.4.139	30	azwApadI	अष्टापदी	
206	kumBapadyAdiH	कुम्भपद्यादिः	5.4.139	31	sTURapadI	स्थूणपदी	
206	kumBapadyAdiH	कुम्भपद्यादिः	5.4.139	32	apadI	अपदी	
206	kumBapadyAdiH	कुम्भपद्यादिः	5.4.139	33	sUcIpadI 	सूचीपदी ॥	
207	uraHpraBftayaH	उरःप्रभृतयः	5.4.151	1	uras	उरस्	
207	uraHpraBftayaH	उरःप्रभृतयः	5.4.151	2	sarpiz	सर्पिष्	
207	uraHpraBftayaH	उरःप्रभृतयः	5.4.151	3	upAnaqa	उपानड	
207	uraHpraBftayaH	उरःप्रभृतयः	5.4.151	4	pumAn	पुमान्	
207	uraHpraBftayaH	उरःप्रभृतयः	5.4.151	5	anaqvAn	अनड्वान्	
207	uraHpraBftayaH	उरःप्रभृतयः	5.4.151	6	payaH	पयः	
207	uraHpraBftayaH	उरःप्रभृतयः	5.4.151	7	nOH	नौः	
207	uraHpraBftayaH	उरःप्रभृतयः	5.4.151	8	lakzmIH	लक्ष्मीः	
207	uraHpraBftayaH	उरःप्रभृतयः	5.4.151	9	daDi	दधि	
207	uraHpraBftayaH	उरःप्रभृतयः	5.4.151	10	maDu	मधु	
207	uraHpraBftayaH	उरःप्रभृतयः	5.4.151	11	SAlI	शाली	
207	uraHpraBftayaH	उरःप्रभृतयः	5.4.151	12	SAliH 	शालिः ॥	
208	SakanDvAdiH	शकन्ध्वादिः	6.1.94	1	SakanDu	शकन्धु	
208	SakanDvAdiH	शकन्ध्वादिः	6.1.94	2	karkanDu	कर्कन्धु	
208	SakanDvAdiH	शकन्ध्वादिः	6.1.94	3	kulawA	कुलटा	
208	SakanDvAdiH	शकन्ध्वादिः	6.1.94	4	sImantaH	सीमन्तः	
208	SakanDvAdiH	शकन्ध्वादिः	6.1.94	5	keSaveSe	केशवेशे	
208	SakanDvAdiH	शकन्ध्वादिः	6.1.94	6	halIzA	हलीषा	
208	SakanDvAdiH	शकन्ध्वादिः	6.1.94	7	manIzA	मनीषा	
208	SakanDvAdiH	शकन्ध्वादिः	6.1.94	8	lANgalIzA	लाङ्गलीषा	
208	SakanDvAdiH	शकन्ध्वादिः	6.1.94	9	pataYjaliH	पतञ्जलिः	
208	SakanDvAdiH	शकन्ध्वादिः	6.1.94	10	sAraNgaH	सारङ्गः	
208	SakanDvAdiH	शकन्ध्वादिः	6.1.94	11	paSupakziRoH 	पशुपक्षिणोः ॥	
209	pAraskarAdiH	पारस्करादिः	6.1.157	1		॥	
210	uYCAdiH	उञ्छादिः	6.1.160	1	uYCa	उञ्छ	
210	uYCAdiH	उञ्छादिः	6.1.160	2	mlecCa	म्लेच्छ	
210	uYCAdiH	उञ्छादिः	6.1.160	3	jaYja	जञ्ज	
210	uYCAdiH	उञ्छादिः	6.1.160	4	talpa	तल्प	
210	uYCAdiH	उञ्छादिः	6.1.160	5	jalpa	जल्प	
210	uYCAdiH	उञ्छादिः	6.1.160	6	japa	जप	
210	uYCAdiH	उञ्छादिः	6.1.160	7	vaDa	वध	
210	uYCAdiH	उञ्छादिः	6.1.160	8		॥	
211	vfzAdiH	वृषादिः	6.1.203	1	vfzaH	वृषः	
211	vfzAdiH	वृषादिः	6.1.203	2	janaH	जनः	
211	vfzAdiH	वृषादिः	6.1.203	3	jvaraH	ज्वरः	
211	vfzAdiH	वृषादिः	6.1.203	4	grahaH	ग्रहः	
211	vfzAdiH	वृषादिः	6.1.203	5	hayaH	हयः	
211	vfzAdiH	वृषादिः	6.1.203	6	mayaH	मयः	
211	vfzAdiH	वृषादिः	6.1.203	7	gayaH	गयः	
211	vfzAdiH	वृषादिः	6.1.203	8	tAyaH	तायः	
211	vfzAdiH	वृषादिः	6.1.203	9	tayaH	तयः	
211	vfzAdiH	वृषादिः	6.1.203	10	cayaH	चयः	
211	vfzAdiH	वृषादिः	6.1.203	11	amaH	अमः	
211	vfzAdiH	वृषादिः	6.1.203	12	vedaH	वेदः	
211	vfzAdiH	वृषादिः	6.1.203	13	sUdaH	सूदः	
211	vfzAdiH	वृषादिः	6.1.203	14	aMSaH	अंशः	
211	vfzAdiH	वृषादिः	6.1.203	15	guhA	गुहा	
211	vfzAdiH	वृषादिः	6.1.203	16	mantraH	मन्त्रः	
211	vfzAdiH	वृषादिः	6.1.203	17	SAntiH	शान्तिः	
211	vfzAdiH	वृषादिः	6.1.203	18	kAmaH	कामः	
211	vfzAdiH	वृषादिः	6.1.203	19	yAmaH	यामः	
211	vfzAdiH	वृषादिः	6.1.203	20	ArA	आरा	
211	vfzAdiH	वृषादिः	6.1.203	21	DArA	धारा	
211	vfzAdiH	वृषादिः	6.1.203	22	kArA	कारा	
211	vfzAdiH	वृषादिः	6.1.203	23	vahaH	वहः	
211	vfzAdiH	वृषादिः	6.1.203	24	kalpaH	कल्पः	
211	vfzAdiH	वृषादिः	6.1.203	25	pAdaH	पादः	
211	vfzAdiH	वृषादिः	6.1.203	26		॥	
212	vispazwAdiH	विस्पष्टादिः	6.2.24	1	vispazwa	विस्पष्ट	
212	vispazwAdiH	विस्पष्टादिः	6.2.24	2	vicitra	विचित्र	
212	vispazwAdiH	विस्पष्टादिः	6.2.24	3	vicitta	विचित्त	
212	vispazwAdiH	विस्पष्टादिः	6.2.24	4	vyakta	व्यक्त	
212	vispazwAdiH	विस्पष्टादिः	6.2.24	5	sampanna	सम्पन्न	
212	vispazwAdiH	विस्पष्टादिः	6.2.24	6	pawu	पटु	
212	vispazwAdiH	विस्पष्टादिः	6.2.24	7	paRqita	पण्डित	
212	vispazwAdiH	विस्पष्टादिः	6.2.24	8	kuSala	कुशल	
212	vispazwAdiH	विस्पष्टादिः	6.2.24	9	capala	चपल	
212	vispazwAdiH	विस्पष्टादिः	6.2.24	10	nipuRa 	निपुण ॥	
213	kArtakOjapAdiH	कार्तकौजपादिः	6.2.37	1	kArtakOjapO	कार्तकौजपौ	
213	kArtakOjapAdiH	कार्तकौजपादिः	6.2.37	2	sAvarRimARqakeyO	सावर्णिमाण्डकेयौ	
213	kArtakOjapAdiH	कार्तकौजपादिः	6.2.37	3	sAvarRimARqUkeyO	सावर्णिमाण्डूकेयौ	
213	kArtakOjapAdiH	कार्तकौजपादिः	6.2.37	4	avantyaSmakAH	अवन्त्यश्मकाः	
213	kArtakOjapAdiH	कार्तकौजपादिः	6.2.37	5	pElaSyAparReyAH	पैलश्यापर्णेयाः	
213	kArtakOjapAdiH	कार्तकौजपादिः	6.2.37	6	kapiSyAparReyAH	कपिश्यापर्णेयाः	
213	kArtakOjapAdiH	कार्तकौजपादिः	6.2.37	7	SEtikAkzapAYcAleyAH	शैतिकाक्षपाञ्चालेयाः	
213	kArtakOjapAdiH	कार्तकौजपादिः	6.2.37	8	kawukavADUleyAH	कटुकवाधूलेयाः	
213	kArtakOjapAdiH	कार्तकौजपादिः	6.2.37	9	SAkalaSunakAH	शाकलशुनकाः	
213	kArtakOjapAdiH	कार्तकौजपादिः	6.2.37	10	SAkalaSaRakAH	शाकलशणकाः	
213	kArtakOjapAdiH	कार्तकौजपादिः	6.2.37	11	SaRakabABravAH	शणकबाभ्रवाः	
213	kArtakOjapAdiH	कार्तकौजपादिः	6.2.37	12	ArcABimOdgalAH	आर्चाभिमौद्गलाः	
213	kArtakOjapAdiH	कार्तकौजपादिः	6.2.37	13	kuntisurAzwrAH	कुन्तिसुराष्ट्राः	
213	kArtakOjapAdiH	कार्तकौजपादिः	6.2.37	14	cintisurAzwrAH	चिन्तिसुराष्ट्राः	
213	kArtakOjapAdiH	कार्तकौजपादिः	6.2.37	15	taRqavataRqAH	तण्डवतण्डाः	
213	kArtakOjapAdiH	कार्तकौजपादिः	6.2.37	16	avimattakAmavidDAH	अविमत्तकामविद्धाः	
213	kArtakOjapAdiH	कार्तकौजपादिः	6.2.37	17	bABravaSAlaNkAyanAH	बाभ्रवशालङ्कायनाः	
213	kArtakOjapAdiH	कार्तकौजपादिः	6.2.37	18	bABravadAnacyutAH	बाभ्रवदानच्युताः	
213	kArtakOjapAdiH	कार्तकौजपादिः	6.2.37	19	kaWakAlApAH	कठकालापाः	
213	kArtakOjapAdiH	कार्तकौजपादिः	6.2.37	20	kaWakOTumAH	कठकौथुमाः	
213	kArtakOjapAdiH	कार्तकौजपादिः	6.2.37	21	kOTumalOkAkzAH	कौथुमलौकाक्षाः	
213	kArtakOjapAdiH	कार्तकौजपादिः	6.2.37	22	strIkumAram	स्त्रीकुमारम्	
213	kArtakOjapAdiH	कार्तकौजपादिः	6.2.37	23	mOdapEppalAdAH	मौदपैप्पलादाः	
213	kArtakOjapAdiH	कार्तकौजपादिः	6.2.37	24	vatsajarantaH	वत्सजरन्तः	
213	kArtakOjapAdiH	कार्तकौजपादिः	6.2.37	25	sOSrutapArTavAH	सौश्रुतपार्थवाः	
213	kArtakOjapAdiH	कार्तकौजपादिः	6.2.37	26	jarAmftyU	जरामृत्यू	
213	kArtakOjapAdiH	कार्तकौजपादिः	6.2.37	27	yAjyAnuvAkye 	याज्यानुवाक्ये ॥	
214	kurugArhapatAdiH	कुरुगार्हपतादिः	6.2.42	1	dAsIBAraH	दासीभारः	
214	kurugArhapatAdiH	कुरुगार्हपतादिः	6.2.42	2	devahUtiH	देवहूतिः	
214	kurugArhapatAdiH	कुरुगार्हपतादिः	6.2.42	3	devaBItiH	देवभीतिः	
214	kurugArhapatAdiH	कुरुगार्हपतादिः	6.2.42	4	devalAtiH	देवलातिः	
214	kurugArhapatAdiH	कुरुगार्हपतादिः	6.2.42	5	vasunItiH	वसुनीतिः	
214	kurugArhapatAdiH	कुरुगार्हपतादिः	6.2.42	6	vasUnitiH	वसूनितिः	
214	kurugArhapatAdiH	कुरुगार्हपतादिः	6.2.42	7	OzaDiH	औषधिः	
214	kurugArhapatAdiH	कुरुगार्हपतादिः	6.2.42	8	candramAH 	चन्द्रमाः ॥	
215	yuktArohyAdiH	युक्तारोह्यादिः	6.2.81	1	yuktArohI	युक्तारोही	
215	yuktArohyAdiH	युक्तारोह्यादिः	6.2.81	2	AnatarohI	आनतरोही	
215	yuktArohyAdiH	युक्तारोह्यादिः	6.2.81	3	AgatayoDI	आगतयोधी	
215	yuktArohyAdiH	युक्तारोह्यादिः	6.2.81	4	AgatavaYcI	आगतवञ्ची	
215	yuktArohyAdiH	युक्तारोह्यादिः	6.2.81	5	AgatanandI	आगतनन्दी	
215	yuktArohyAdiH	युक्तारोह्यादिः	6.2.81	6	AgataprahArI	आगतप्रहारी	
215	yuktArohyAdiH	युक्तारोह्यादिः	6.2.81	7	AgatamatsyaH	आगतमत्स्यः	
215	yuktArohyAdiH	युक्तारोह्यादिः	6.2.81	8	kzIrahotA	क्षीरहोता	
215	yuktArohyAdiH	युक्तारोह्यादिः	6.2.81	9	BaginIBartA	भगिनीभर्ता	
215	yuktArohyAdiH	युक्तारोह्यादिः	6.2.81	10	grAmagoDuk	ग्रामगोधुक्	
215	yuktArohyAdiH	युक्तारोह्यादिः	6.2.81	11	aSvatrirAtraH	अश्वत्रिरात्रः	
215	yuktArohyAdiH	युक्तारोह्यादिः	6.2.81	12	gargatrirAtraH	गर्गत्रिरात्रः	
215	yuktArohyAdiH	युक्तारोह्यादिः	6.2.81	13	vyuzwatrirAtraH	व्युष्टत्रिरात्रः	
215	yuktArohyAdiH	युक्तारोह्यादिः	6.2.81	14	gaRapAdaH	गणपादः	
215	yuktArohyAdiH	युक्तारोह्यादिः	6.2.81	15	ekaSitipAd	एकशितिपाद्	
215	yuktArohyAdiH	युक्तारोह्यादिः	6.2.81	16		॥	
216	GozAdiH	घोषादिः	6.2.85	1	Goza	घोष	
216	GozAdiH	घोषादिः	6.2.85	2	Gawa	घट	
216	GozAdiH	घोषादिः	6.2.85	3	kawa	कट	
216	GozAdiH	घोषादिः	6.2.85	4	vallaBa	वल्लभ	
216	GozAdiH	घोषादिः	6.2.85	5	hfda	हृद	
216	GozAdiH	घोषादिः	6.2.85	6	badari	बदरि	
216	GozAdiH	घोषादिः	6.2.85	7	piNgala	पिङ्गल	
216	GozAdiH	घोषादिः	6.2.85	8	piNgalI	पिङ्गली	
216	GozAdiH	घोषादिः	6.2.85	9	piSaNga	पिशङ्ग	
216	GozAdiH	घोषादिः	6.2.85	10	mAlA	माला	
216	GozAdiH	घोषादिः	6.2.85	11	rakzA	रक्षा	
216	GozAdiH	घोषादिः	6.2.85	12	SAlA	शाला	
216	GozAdiH	घोषादिः	6.2.85	13	vfw	वृट्	
216	GozAdiH	घोषादिः	6.2.85	14	kUwa	कूट	
216	GozAdiH	घोषादिः	6.2.85	15	SAlmalI	शाल्मली	
216	GozAdiH	घोषादिः	6.2.85	16	aSvatTa	अश्वत्थ	
216	GozAdiH	घोषादिः	6.2.85	17	tfRa	तृण	
216	GozAdiH	घोषादिः	6.2.85	18	SilpI	शिल्पी	
216	GozAdiH	घोषादिः	6.2.85	19	muni	मुनि	
216	GozAdiH	घोषादिः	6.2.85	20	prekzAka	प्रेक्षाक	
216	GozAdiH	घोषादिः	6.2.85	21	prekzA 	प्रेक्षा ॥	
217	CAtryAdiH	छात्र्यादिः	6.2.86	1	CAtri	छात्रि	
217	CAtryAdiH	छात्र्यादिः	6.2.86	2	peli	पेलि	
217	CAtryAdiH	छात्र्यादिः	6.2.86	3	BARqi	भाण्डि	
217	CAtryAdiH	छात्र्यादिः	6.2.86	4	vyAqi	व्याडि	
217	CAtryAdiH	छात्र्यादिः	6.2.86	5	AKaRqi	आखण्डि	
217	CAtryAdiH	छात्र्यादिः	6.2.86	6	Awi	आटि	
217	CAtryAdiH	छात्र्यादिः	6.2.86	7	gomi 	गोमि ॥	
218	karkyAdiH	कर्क्यादिः	6.2.87	1	karki	कर्कि	
218	karkyAdiH	कर्क्यादिः	6.2.87	2	karkI	कर्की	
218	karkyAdiH	कर्क्यादिः	6.2.87	3	makarI	मकरी	
218	karkyAdiH	कर्क्यादिः	6.2.87	4	karkanDu	कर्कन्धु	
218	karkyAdiH	कर्क्यादिः	6.2.87	5	SamI	शमी	
218	karkyAdiH	कर्क्यादिः	6.2.87	6	karIri	करीरि	
218	karkyAdiH	कर्क्यादिः	6.2.87	7	karIra	करीर	
218	karkyAdiH	कर्क्यादिः	6.2.87	8	kanduka	कन्दुक	
218	karkyAdiH	कर्क्यादिः	6.2.87	9	kuvala	कुवल	
218	karkyAdiH	कर्क्यादिः	6.2.87	10	kavala	कवल	
218	karkyAdiH	कर्क्यादिः	6.2.87	11	badarI 	बदरी ॥	
219	mAlAdiH	मालादिः	6.2.88	1	mAlA	माला	
219	mAlAdiH	मालादिः	6.2.88	2	SAlA	शाला	
219	mAlAdiH	मालादिः	6.2.88	3	SoRA	शोणा	
219	mAlAdiH	मालादिः	6.2.88	4	SoRa	शोण	
219	mAlAdiH	मालादिः	6.2.88	5	drAkzA	द्राक्षा	
219	mAlAdiH	मालादिः	6.2.88	6	srAkzA	स्राक्षा	
219	mAlAdiH	मालादिः	6.2.88	7	kzAmA	क्षामा	
219	mAlAdiH	मालादिः	6.2.88	8	kAYcI	काञ्ची	
219	mAlAdiH	मालादिः	6.2.88	9	eka	एक	
219	mAlAdiH	मालादिः	6.2.88	10	kAma 	काम ॥	
220	kratvAdiH	क्रत्वादिः	6.2.118	1	kratu	क्रतु	
220	kratvAdiH	क्रत्वादिः	6.2.118	2	dfSIka	दृशीक	
220	kratvAdiH	क्रत्वादिः	6.2.118	3	pratIka	प्रतीक	
220	kratvAdiH	क्रत्वादिः	6.2.118	4	pratUrti	प्रतूर्ति	
220	kratvAdiH	क्रत्वादिः	6.2.118	5	havya	हव्य	
220	kratvAdiH	क्रत्वादिः	6.2.118	6	Bavya	भव्य	
220	kratvAdiH	क्रत्वादिः	6.2.118	7	Baga 	भग ॥	
221	cihaRAdiH	चिहणादिः	6.2.125	1	cihaRa	चिहण	
221	cihaRAdiH	चिहणादिः	6.2.125	2	madura	मदुर	
221	cihaRAdiH	चिहणादिः	6.2.125	3	madugura	मदुगुर	
221	cihaRAdiH	चिहणादिः	6.2.125	4	vEtula	वैतुल	
221	cihaRAdiH	चिहणादिः	6.2.125	5	pawatka	पटत्क	
221	cihaRAdiH	चिहणादिः	6.2.125	6	vEqAlikarRaka	वैडालिकर्णक	
221	cihaRAdiH	चिहणादिः	6.2.125	7	vEqAlikarRi	वैडालिकर्णि	
221	cihaRAdiH	चिहणादिः	6.2.125	8	kukkuwa	कुक्कुट	
221	cihaRAdiH	चिहणादिः	6.2.125	9	cikkaRa	चिक्कण	
221	cihaRAdiH	चिहणादिः	6.2.125	10	citkaRa 	चित्कण ॥	
223	cUrRAdiH	चूर्णादिः	6.2.134	1	cUrRa	चूर्ण	
223	cUrRAdiH	चूर्णादिः	6.2.134	2	kariza	करिष	
223	cUrRAdiH	चूर्णादिः	6.2.134	3	karIza	करीष	
223	cUrRAdiH	चूर्णादिः	6.2.134	4	SAkina	शाकिन	
223	cUrRAdiH	चूर्णादिः	6.2.134	5	SAkawa	शाकट	
223	cUrRAdiH	चूर्णादिः	6.2.134	6	drAkzA	द्राक्षा	
223	cUrRAdiH	चूर्णादिः	6.2.134	7	tUsta	तूस्त	
223	cUrRAdiH	चूर्णादिः	6.2.134	8	kundama	कुन्दम	
223	cUrRAdiH	चूर्णादिः	6.2.134	9	dalapa	दलप	
223	cUrRAdiH	चूर्णादिः	6.2.134	10	camasI	चमसी	
223	cUrRAdiH	चूर्णादिः	6.2.134	11	cakkana	चक्कन	
223	cUrRAdiH	चूर्णादिः	6.2.134	12	cOla 	चौल ॥	
224	kARqAdiH	काण्डादिः	6.2.135	1	kARqa	काण्ड	
224	kARqAdiH	काण्डादिः	6.2.135	2	cIra	चीर	
224	kARqAdiH	काण्डादिः	6.2.135	3	palala	पलल	
224	kARqAdiH	काण्डादिः	6.2.135	4	sUza	सूष	
224	kARqAdiH	काण्डादिः	6.2.135	5	SAka	शाक	
224	kARqAdiH	काण्डादिः	6.2.135	6	kUla 	कूल ॥	
225	vanaspatyAdiH	वनस्पत्यादिः	6.2.140	1	vanaspatiH	वनस्पतिः	
225	vanaspatyAdiH	वनस्पत्यादिः	6.2.140	2	bfhaspatiH	बृहस्पतिः	
225	vanaspatyAdiH	वनस्पत्यादिः	6.2.140	3	SacIpatiH	शचीपतिः	
225	vanaspatyAdiH	वनस्पत्यादिः	6.2.140	4	tanUnapAt	तनूनपात्	
225	vanaspatyAdiH	वनस्पत्यादिः	6.2.140	5	narASaMsaH	नराशंसः	
225	vanaspatyAdiH	वनस्पत्यादिः	6.2.140	6	SunaHSepaH	शुनःशेपः	
225	vanaspatyAdiH	वनस्पत्यादिः	6.2.140	7	SaRqAmarkO	शण्डामर्कौ	
225	vanaspatyAdiH	वनस्पत्यादिः	6.2.140	8	tfzRAvarUtri	तृष्णावरूत्रि	
225	vanaspatyAdiH	वनस्पत्यादिः	6.2.140	9	lambAviSvavayasO	लम्बाविश्ववयसौ	
225	vanaspatyAdiH	वनस्पत्यादिः	6.2.140	10	marmftyuH 	मर्मृत्युः ॥	
226	AcitAdiH	आचितादिः	6.2.146	1	Acita	आचित	
226	AcitAdiH	आचितादिः	6.2.146	2	paryAcita	पर्याचित	
226	AcitAdiH	आचितादिः	6.2.146	3	AsTApita	आस्थापित	
226	AcitAdiH	आचितादिः	6.2.146	4	parigfhIta	परिगृहीत	
226	AcitAdiH	आचितादिः	6.2.146	5	nirukta	निरुक्त	
226	AcitAdiH	आचितादिः	6.2.146	6	pratipanna	प्रतिपन्न	
226	AcitAdiH	आचितादिः	6.2.146	7	apaSlizwa	अपश्लिष्ट	
226	AcitAdiH	आचितादिः	6.2.146	8	praSlizwa	प्रश्लिष्ट	
226	AcitAdiH	आचितादिः	6.2.146	9	upahita	उपहित	
226	AcitAdiH	आचितादिः	6.2.146	10	upasTita	उपस्थित	
226	AcitAdiH	आचितादिः	6.2.146	11	saMhitAgavi 	संहितागवि ॥	
227	pravfdDAdiH	प्रवृद्धादिः	6.2.147	1	KawvArUQaH	खट्वारूढः	
227	pravfdDAdiH	प्रवृद्धादिः	6.2.147	2	kaviSastaH 	कविशस्तः ॥	
228	cArvAdiH	चार्वादिः	6.2.160	1	cAru	चारु	
228	cArvAdiH	चार्वादिः	6.2.160	2	sADu	साधु	
228	cArvAdiH	चार्वादिः	6.2.160	3	yODika	यौधिक	
228	cArvAdiH	चार्वादिः	6.2.160	4	yODaki	यौधकि	
228	cArvAdiH	चार्वादिः	6.2.160	5	anaNgamejaya	अनङ्गमेजय	
228	cArvAdiH	चार्वादिः	6.2.160	6	vadAnya	वदान्य	
228	cArvAdiH	चार्वादिः	6.2.160	7	akasmAt	अकस्मात्	
228	cArvAdiH	चार्वादिः	6.2.160	8	gfhapati	गृहपति	
228	cArvAdiH	चार्वादिः	6.2.160	9	gfhapatika	गृहपतिक	
228	cArvAdiH	चार्वादिः	6.2.160	10		॥	
229	guRAdiH	गुणादिः	6.2.176	1	guRa	गुण	
229	guRAdiH	गुणादिः	6.2.176	2	akzara	अक्षर	
229	guRAdiH	गुणादिः	6.2.176	3	aDyAya	अध्याय	
229	guRAdiH	गुणादिः	6.2.176	4	sUkka	सूक्क	
229	guRAdiH	गुणादिः	6.2.176	5	CandomAna 	छन्दोमान ॥	
230	nirudakAdiH	निरुदकादिः	6.2.184	1	nirudaka	निरुदक	
230	nirudakAdiH	निरुदकादिः	6.2.184	2	nirupala	निरुपल	
230	nirudakAdiH	निरुदकादिः	6.2.184	3	nirmakzika	निर्मक्षिक	
230	nirudakAdiH	निरुदकादिः	6.2.184	4	nirmaSaka	निर्मशक	
230	nirudakAdiH	निरुदकादिः	6.2.184	5	nizkAlaka	निष्कालक	
230	nirudakAdiH	निरुदकादिः	6.2.184	6	nizkAlika	निष्कालिक	
230	nirudakAdiH	निरुदकादिः	6.2.184	7	nizpeza	निष्पेष	
230	nirudakAdiH	निरुदकादिः	6.2.184	8	dustarIpa	दुस्तरीप	
230	nirudakAdiH	निरुदकादिः	6.2.184	9	nistarIpa	निस्तरीप	
230	nirudakAdiH	निरुदकादिः	6.2.184	10	nistarIka	निस्तरीक	
230	nirudakAdiH	निरुदकादिः	6.2.184	11	nirajina	निरजिन	
230	nirudakAdiH	निरुदकादिः	6.2.184	12	udajina	उदजिन	
230	nirudakAdiH	निरुदकादिः	6.2.184	13	upAjina	उपाजिन	
230	nirudakAdiH	निरुदकादिः	6.2.184	14	parihastapAdakeSakarzAH 	परिहस्तपादकेशकर्षाः ॥	
231	aMSvAdiH	अंश्वादिः	6.2.193	1	aMSu	अंशु	
231	aMSvAdiH	अंश्वादिः	6.2.193	2	jana	जन	
231	aMSvAdiH	अंश्वादिः	6.2.193	3	rAjan	राजन्	
231	aMSvAdiH	अंश्वादिः	6.2.193	4	uzwra	उष्ट्र	
231	aMSvAdiH	अंश्वादिः	6.2.193	5	Kewaka	खेटक	
231	aMSvAdiH	अंश्वादिः	6.2.193	6	ajira	अजिर	
231	aMSvAdiH	अंश्वादिः	6.2.193	7	ArdrA	आर्द्रा	
231	aMSvAdiH	अंश्वादिः	6.2.193	8	SravaRa	श्रवण	
231	aMSvAdiH	अंश्वादिः	6.2.193	9	kfttikA	कृत्तिका	
231	aMSvAdiH	अंश्वादिः	6.2.193	10	arDapura 	अर्धपुर ॥	
232	gOrAdiH	गौरादिः	6.2.194	1	gOra	गौर	
232	gOrAdiH	गौरादिः	6.2.194	2	tEza	तैष	
232	gOrAdiH	गौरादिः	6.2.194	3	tEla	तैल	
232	gOrAdiH	गौरादिः	6.2.194	4	lewa	लेट	
232	gOrAdiH	गौरादिः	6.2.194	5	lowa	लोट	
232	gOrAdiH	गौरादिः	6.2.194	6	jihvA	जिह्वा	
232	gOrAdiH	गौरादिः	6.2.194	7	kfzRA	कृष्णा	
232	gOrAdiH	गौरादिः	6.2.194	8	kanyA	कन्या	
232	gOrAdiH	गौरादिः	6.2.194	9	guDa	गुध	
232	gOrAdiH	गौरादिः	6.2.194	10	kalya	कल्य	
232	gOrAdiH	गौरादिः	6.2.194	11	pAda 	पाद ॥	
233	tricakrAdi	त्रिचक्रादि	6.2.129	1	tricakra	त्रिचक्र	
233	tricakrAdi	त्रिचक्रादि	6.2.129	2	trivft	त्रिवृत्	
233	tricakrAdi	त्रिचक्रादि	6.2.129	3	trivaNkara 	त्रिवङ्कर ॥	
234	priyAdiH	प्रियादिः	6.3.34	1	priyA	प्रिया	
234	priyAdiH	प्रियादिः	6.3.34	2	manojYA	मनोज्ञा	
234	priyAdiH	प्रियादिः	6.3.34	3	kalyARI	कल्याणी	
234	priyAdiH	प्रियादिः	6.3.34	4	suBagA	सुभगा	
234	priyAdiH	प्रियादिः	6.3.34	5	durBagA	दुर्भगा	
234	priyAdiH	प्रियादिः	6.3.34	6	BaktiH	भक्तिः	
234	priyAdiH	प्रियादिः	6.3.34	7	sAcavA	साचवा	
234	priyAdiH	प्रियादिः	6.3.34	8	svasA	स्वसा	
234	priyAdiH	प्रियादिः	6.3.34	9	svA	स्वा	
234	priyAdiH	प्रियादिः	6.3.34	10	kAntA	कान्ता	
234	priyAdiH	प्रियादिः	6.3.34	11	kzAntA	क्षान्ता	
234	priyAdiH	प्रियादिः	6.3.34	12	samA	समा	
234	priyAdiH	प्रियादिः	6.3.34	13	capalA	चपला	
234	priyAdiH	प्रियादिः	6.3.34	14	duhitA	दुहिता	
234	priyAdiH	प्रियादिः	6.3.34	15	vAmA	वामा	
234	priyAdiH	प्रियादिः	6.3.34	16	abalA	अबला	
234	priyAdiH	प्रियादिः	6.3.34	17	tanayA 	तनया ॥	
235	tasilAdiH	तसिलादिः	6.3.35	1	tasil	तसिल्	
235	tasilAdiH	तसिलादिः	6.3.35	2	trat	त्रत्	
235	tasilAdiH	तसिलादिः	6.3.35	3	tarap	तरप्	
235	tasilAdiH	तसिलादिः	6.3.35	4	tamap	तमप्	
235	tasilAdiH	तसिलादिः	6.3.35	5	caraw	चरट्	
235	tasilAdiH	तसिलादिः	6.3.35	6	jAtIyar	जातीयर्	
235	tasilAdiH	तसिलादिः	6.3.35	7	kalpap	कल्पप्	
235	tasilAdiH	तसिलादिः	6.3.35	8	deSIyar	देशीयर्	
235	tasilAdiH	तसिलादिः	6.3.35	9	rUpap	रूपप्	
235	tasilAdiH	तसिलादिः	6.3.35	10	pASap	पाशप्	
235	tasilAdiH	तसिलादिः	6.3.35	11	Tal	थल्	
235	tasilAdiH	तसिलादिः	6.3.35	12	TAl	थाल्	
235	tasilAdiH	तसिलादिः	6.3.35	13	dArhil	दार्हिल्	
235	tasilAdiH	तसिलादिः	6.3.35	14	til	तिल्	
235	tasilAdiH	तसिलादिः	6.3.35	15	Tyan 	थ्यन् ॥	
236	kukkuwyAdiH	कुक्कुट्यादिः	6.3.42	1	kukkuwI	कुक्कुटी	
236	kukkuwyAdiH	कुक्कुट्यादिः	6.3.42	2	mfgI	मृगी	
236	kukkuwyAdiH	कुक्कुट्यादिः	6.3.42	3	kAkI	काकी	
236	kukkuwyAdiH	कुक्कुट्यादिः	6.3.42	4	aRqa	अण्ड	
236	kukkuwyAdiH	कुक्कुट्यादिः	6.3.42	5	pada	पद	
236	kukkuwyAdiH	कुक्कुट्यादिः	6.3.42	6	SAva	शाव	
236	kukkuwyAdiH	कुक्कुट्यादिः	6.3.42	7	BrukuMsa	भ्रुकुंस	
236	kukkuwyAdiH	कुक्कुट्यादिः	6.3.42	8	BrukuwI 	भ्रुकुटी ॥	
237	pfzodarAdiH	पृषोदरादिः	6.3.109	1	pfzodara	पृषोदर	
237	pfzodarAdiH	पृषोदरादिः	6.3.109	2	pfzotTAna	पृषोत्थान	
237	pfzodarAdiH	पृषोदरादिः	6.3.109	3	balAhaka	बलाहक	
237	pfzodarAdiH	पृषोदरादिः	6.3.109	4	jImUta	जीमूत	
237	pfzodarAdiH	पृषोदरादिः	6.3.109	5	SmaSAna	श्मशान	
237	pfzodarAdiH	पृषोदरादिः	6.3.109	6	ulUKala	उलूखल	
237	pfzodarAdiH	पृषोदरादिः	6.3.109	7	piSAca	पिशाच	
237	pfzodarAdiH	पृषोदरादिः	6.3.109	8	bfsI	बृसी	
237	pfzodarAdiH	पृषोदरादिः	6.3.109	9	mayUra 	मयूर ॥	
238	kowarAdiH	कोटरादिः	6.3.117	1	kowara	कोटर	
238	kowarAdiH	कोटरादिः	6.3.117	2	miSraka	मिश्रक	
238	kowarAdiH	कोटरादिः	6.3.117	3	siGraka	सिघ्रक	
238	kowarAdiH	कोटरादिः	6.3.117	4	puraga	पुरग	
238	kowarAdiH	कोटरादिः	6.3.117	5	sArika	सारिक	
238	kowarAdiH	कोटरादिः	6.3.117	6	SArika 	शारिक ॥	
239	kiMSulukAdiH	किंशुलुकादिः	6.3.117	1	kiMSuluka	किंशुलुक	
239	kiMSulukAdiH	किंशुलुकादिः	6.3.117	2	SAlva	शाल्व	
239	kiMSulukAdiH	किंशुलुकादिः	6.3.117	3	naqa	नड	
239	kiMSulukAdiH	किंशुलुकादिः	6.3.117	4	aYjana	अञ्जन	
239	kiMSulukAdiH	किंशुलुकादिः	6.3.117	5	BaYjana	भञ्जन	
239	kiMSulukAdiH	किंशुलुकादिः	6.3.117	6	lohita	लोहित	
239	kiMSulukAdiH	किंशुलुकादिः	6.3.117	7	kukkuwa 	कुक्कुट ॥	
240	ajirAdiH	अजिरादिः	6.3.119	1	ajira	अजिर	
240	ajirAdiH	अजिरादिः	6.3.119	2	Kadira	खदिर	
240	ajirAdiH	अजिरादिः	6.3.119	3	pulina	पुलिन	
240	ajirAdiH	अजिरादिः	6.3.119	4	haMsaka	हंसक	
240	ajirAdiH	अजिरादिः	6.3.119	5	haMsa	हंस	
240	ajirAdiH	अजिरादिः	6.3.119	6	kAraRqa	कारण्ड	
240	ajirAdiH	अजिरादिः	6.3.119	7	kAraRqava	कारण्डव	
240	ajirAdiH	अजिरादिः	6.3.119	8	cakravAka 	चक्रवाक ॥	
241	SarAdiH	शरादिः	6.3.120	1	Sara	शर	
241	SarAdiH	शरादिः	6.3.120	2	vaMSa	वंश	
241	SarAdiH	शरादिः	6.3.120	3	DUma	धूम	
241	SarAdiH	शरादिः	6.3.120	4	ahi	अहि	
241	SarAdiH	शरादिः	6.3.120	5	kapi	कपि	
241	SarAdiH	शरादिः	6.3.120	6	maRi	मणि	
241	SarAdiH	शरादिः	6.3.120	7	muni	मुनि	
241	SarAdiH	शरादिः	6.3.120	8	Suci	शुचि	
241	SarAdiH	शरादिः	6.3.120	9	hanu 	हनु ॥	
242	pIlvAdiH	पील्वादिः	6.3.121	1	pIlu	पीलु	
242	pIlvAdiH	पील्वादिः	6.3.121	2	dAru	दारु	
242	pIlvAdiH	पील्वादिः	6.3.121	3	ruci	रुचि	
242	pIlvAdiH	पील्वादिः	6.3.121	4	cAru	चारु	
242	pIlvAdiH	पील्वादिः	6.3.121	5	gam	गम्	
242	pIlvAdiH	पील्वादिः	6.3.121	6	kam 	कम् ॥	
243	bilvakAdiH	बिल्वकादिः	6.4.153	1	bilvaka	बिल्वक	
243	bilvakAdiH	बिल्वकादिः	6.4.153	2	veRu	वेणु	
243	bilvakAdiH	बिल्वकादिः	6.4.153	3	vetra	वेत्र	
243	bilvakAdiH	बिल्वकादिः	6.4.153	4	vetasa	वेतस	
243	bilvakAdiH	बिल्वकादिः	6.4.153	5	tfRa	तृण	
243	bilvakAdiH	बिल्वकादिः	6.4.153	6	ikzu	इक्षु	
243	bilvakAdiH	बिल्वकादिः	6.4.153	7	kAzWa	काष्ठ	
243	bilvakAdiH	बिल्वकादिः	6.4.153	8	kapota	कपोत	
243	bilvakAdiH	बिल्वकादिः	6.4.153	9	kruYcA	क्रुञ्चा	
243	bilvakAdiH	बिल्वकादिः	6.4.153	10	takzan	तक्षन्	
243	bilvakAdiH	बिल्वकादिः	6.4.153	11	(naqAdyantargaRo bilvAdiH	(नडाद्यन्तर्गणो बिल्वादिः	
243	bilvakAdiH	बिल्वकादिः	6.4.153	12	CaviDAnArTaM ye naqAdayaste yadA CasaMniyoge kftakugAgamAste bilvakAdayaH ) 	छविधानार्थं ये नडादयस्ते यदा छसंनियोगे कृतकुगागमास्ते बिल्वकादयः ) ॥	
244	snAtvyAdiH	स्नात्व्यादिः	7.1.49	1	snAtvI	स्नात्वी	
244	snAtvyAdiH	स्नात्व्यादिः	7.1.49	2	pItvI 	पीत्वी ॥	
245	dvArAdiH	द्वारादिः	7.3.4	1	dvAra	द्वार	
245	dvArAdiH	द्वारादिः	7.3.4	2	svara	स्वर	
245	dvArAdiH	द्वारादिः	7.3.4	3	svagrAma	स्वग्राम	
245	dvArAdiH	द्वारादिः	7.3.4	4	svADyAya	स्वाध्याय	
245	dvArAdiH	द्वारादिः	7.3.4	5	vyalkaSa	व्यल्कश	
245	dvArAdiH	द्वारादिः	7.3.4	6	svasti	स्वस्ति	
245	dvArAdiH	द्वारादिः	7.3.4	7	svar	स्वर्	
245	dvArAdiH	द्वारादिः	7.3.4	8	sPyakft	स्फ्यकृत्	
245	dvArAdiH	द्वारादिः	7.3.4	9	svAdu	स्वादु	
245	dvArAdiH	द्वारादिः	7.3.4	10	mfdu	मृदु	
245	dvArAdiH	द्वारादिः	7.3.4	11	Svas	श्वस्	
245	dvArAdiH	द्वारादिः	7.3.4	12	Svan	श्वन्	
245	dvArAdiH	द्वारादिः	7.3.4	13	sva 	स्व ॥	
246	svAgatAdiH	स्वागतादिः	7.3.7	1	svAgata	स्वागत	
246	svAgatAdiH	स्वागतादिः	7.3.7	2	svaDvara	स्वध्वर	
246	svAgatAdiH	स्वागतादिः	7.3.7	3	svaNga	स्वङ्ग	
246	svAgatAdiH	स्वागतादिः	7.3.7	4	vyaNga	व्यङ्ग	
246	svAgatAdiH	स्वागतादिः	7.3.7	5	vyaqa	व्यड	
246	svAgatAdiH	स्वागतादिः	7.3.7	6	vyavahAra	व्यवहार	
246	svAgatAdiH	स्वागतादिः	7.3.7	7	svapati	स्वपति	
246	svAgatAdiH	स्वागतादिः	7.3.7	8	svapiti 	स्वपिति ॥	
247	anuSatikAdiH	अनुशतिकादिः	7.3.20	1	anuSatika	अनुशतिक	
247	anuSatikAdiH	अनुशतिकादिः	7.3.20	2	anuhoqa	अनुहोड	
247	anuSatikAdiH	अनुशतिकादिः	7.3.20	3	anusaMvaraRa	अनुसंवरण	
247	anuSatikAdiH	अनुशतिकादिः	7.3.20	4	anusaMcaraRa	अनुसंचरण	
247	anuSatikAdiH	अनुशतिकादिः	7.3.20	5	anusaMvatsara	अनुसंवत्सर	
247	anuSatikAdiH	अनुशतिकादिः	7.3.20	6	aNgAraveRu	अङ्गारवेणु	
247	anuSatikAdiH	अनुशतिकादिः	7.3.20	7	asihatya	असिहत्य	
247	anuSatikAdiH	अनुशतिकादिः	7.3.20	8	syahat	स्यहत्	
247	anuSatikAdiH	अनुशतिकादिः	7.3.20	9	asyaheti	अस्यहेति	
247	anuSatikAdiH	अनुशतिकादिः	7.3.20	10	vaDyoga	वध्योग	
247	anuSatikAdiH	अनुशतिकादिः	7.3.20	11	puzkarasad	पुष्करसद्	
247	anuSatikAdiH	अनुशतिकादिः	7.3.20	12	anuharat	अनुहरत्	
247	anuSatikAdiH	अनुशतिकादिः	7.3.20	13	kurukata	कुरुकत	
247	anuSatikAdiH	अनुशतिकादिः	7.3.20	14	kurupaYcAla	कुरुपञ्चाल	
247	anuSatikAdiH	अनुशतिकादिः	7.3.20	15	udakaSudDa	उदकशुद्ध	
247	anuSatikAdiH	अनुशतिकादिः	7.3.20	16	ihaloka	इहलोक	
247	anuSatikAdiH	अनुशतिकादिः	7.3.20	17	paraloka	परलोक	
247	anuSatikAdiH	अनुशतिकादिः	7.3.20	18	sarvaloka	सर्वलोक	
247	anuSatikAdiH	अनुशतिकादिः	7.3.20	19	sarvapuruza	सर्वपुरुष	
247	anuSatikAdiH	अनुशतिकादिः	7.3.20	20	sarvaBUmi	सर्वभूमि	
247	anuSatikAdiH	अनुशतिकादिः	7.3.20	21	prayoga	प्रयोग	
247	anuSatikAdiH	अनुशतिकादिः	7.3.20	22	parastrI	परस्त्री	
247	anuSatikAdiH	अनुशतिकादिः	7.3.20	23	sUtranaqa	सूत्रनड	
247	anuSatikAdiH	अनुशतिकादिः	7.3.20	24	aBigama	अभिगम	
247	anuSatikAdiH	अनुशतिकादिः	7.3.20	25	aDiBUta	अधिभूत	
247	anuSatikAdiH	अनुशतिकादिः	7.3.20	26	aDideva	अधिदेव	
247	anuSatikAdiH	अनुशतिकादिः	7.3.20	27	caturvidyA 	चतुर्विद्या ॥	
248	kzipakAdiH	क्षिपकादिः	7.3.45	1	kzipakA	क्षिपका	
248	kzipakAdiH	क्षिपकादिः	7.3.45	2	DruvakA	ध्रुवका	
248	kzipakAdiH	क्षिपकादिः	7.3.45	3	carakA	चरका	
248	kzipakAdiH	क्षिपकादिः	7.3.45	4	sevakA	सेवका	
248	kzipakAdiH	क्षिपकादिः	7.3.45	5	karakA	करका	
248	kzipakAdiH	क्षिपकादिः	7.3.45	6	cawakA	चटका	
248	kzipakAdiH	क्षिपकादिः	7.3.45	7	avakA	अवका	
248	kzipakAdiH	क्षिपकादिः	7.3.45	8	lahakA	लहका	
248	kzipakAdiH	क्षिपकादिः	7.3.45	9	alakA	अलका	
248	kzipakAdiH	क्षिपकादिः	7.3.45	10	kanyakA	कन्यका	
248	kzipakAdiH	क्षिपकादिः	7.3.45	11	DruvakA	ध्रुवका	
248	kzipakAdiH	क्षिपकादिः	7.3.45	12	eqakA 	एडका ॥	
249	nyaNkvAdiH	न्यङ्क्वादिः	7.3.53	1	nyaNku	न्यङ्कु	
249	nyaNkvAdiH	न्यङ्क्वादिः	7.3.53	2	madgu	मद्गु	
249	nyaNkvAdiH	न्यङ्क्वादिः	7.3.53	3	Bfgu	भृगु	
249	nyaNkvAdiH	न्यङ्क्वादिः	7.3.53	4	dUrepAka	दूरेपाक	
249	nyaNkvAdiH	न्यङ्क्वादिः	7.3.53	5	valepAka	वलेपाक	
249	nyaNkvAdiH	न्यङ्क्वादिः	7.3.53	6	kzaRepAka	क्षणेपाक	
249	nyaNkvAdiH	न्यङ्क्वादिः	7.3.53	7	dUrepAkA	दूरेपाका	
249	nyaNkvAdiH	न्यङ्क्वादिः	7.3.53	8	PalepAkA	फलेपाका	
249	nyaNkvAdiH	न्यङ्क्वादिः	7.3.53	9	dUrepAku	दूरेपाकु	
249	nyaNkvAdiH	न्यङ्क्वादिः	7.3.53	10	PalapAku	फलपाकु	
249	nyaNkvAdiH	न्यङ्क्वादिः	7.3.53	11	takra	तक्र	
249	nyaNkvAdiH	न्यङ्क्वादिः	7.3.53	12	tatra	तत्र	
249	nyaNkvAdiH	न्यङ्क्वादिः	7.3.53	13	vakra	वक्र	
249	nyaNkvAdiH	न्यङ्क्वादिः	7.3.53	14	cakra	चक्र	
249	nyaNkvAdiH	न्यङ्क्वादिः	7.3.53	15	vyatizaNga	व्यतिषङ्ग	
249	nyaNkvAdiH	न्यङ्क्वादिः	7.3.53	16	anuzaNga	अनुषङ्ग	
249	nyaNkvAdiH	न्यङ्क्वादिः	7.3.53	17	avasarga	अवसर्ग	
249	nyaNkvAdiH	न्यङ्क्वादिः	7.3.53	18	upasarga	उपसर्ग	
249	nyaNkvAdiH	न्यङ्क्वादिः	7.3.53	19	SvapAka	श्वपाक	
249	nyaNkvAdiH	न्यङ्क्वादिः	7.3.53	20	mAMsapAka	मांसपाक	
249	nyaNkvAdiH	न्यङ्क्वादिः	7.3.53	21	mAsapAka	मासपाक	
249	nyaNkvAdiH	न्यङ्क्वादिः	7.3.53	22	kapotapAka	कपोतपाक	
249	nyaNkvAdiH	न्यङ्क्वादिः	7.3.53	23	ulUkapAka	उलूकपाक	
249	nyaNkvAdiH	न्यङ्क्वादिः	7.3.53	24	saMjYAyAM	संज्ञायां	
249	nyaNkvAdiH	न्यङ्क्वादिः	7.3.53	25	nyagroDa	न्यग्रोध	
249	nyaNkvAdiH	न्यङ्क्वादिः	7.3.53	26	vIrut 	वीरुत् ॥	
250	kaRAdiH	कणादिः	7.4.3	1	kaRa	कण	
250	kaRAdiH	कणादिः	7.4.3	2	raRa	रण	
250	kaRAdiH	कणादिः	7.4.3	3	BaRa	भण	
250	kaRAdiH	कणादिः	7.4.3	4	SraRa	श्रण	
250	kaRAdiH	कणादिः	7.4.3	5	lupa	लुप	
250	kaRAdiH	कणादिः	7.4.3	6	heWa	हेठ	
250	kaRAdiH	कणादिः	7.4.3	7	vhAyi	व्हायि	
250	kaRAdiH	कणादिः	7.4.3	8	vARi	वाणि	
250	kaRAdiH	कणादिः	7.4.3	9	cARi	चाणि	
250	kaRAdiH	कणादिः	7.4.3	10	lowi	लोटि	
250	kaRAdiH	कणादिः	7.4.3	11	loWi	लोठि	
250	kaRAdiH	कणादिः	7.4.3	12	lopi 	लोपि ॥	
251	gotrAdiH	गोत्रादिः	8.1.27	1	gotra	गोत्र	
251	gotrAdiH	गोत्रादिः	8.1.27	2	bruva	ब्रुव	
251	gotrAdiH	गोत्रादिः	8.1.27	3	pravacana	प्रवचन	
251	gotrAdiH	गोत्रादिः	8.1.27	4	prahasana	प्रहसन	
251	gotrAdiH	गोत्रादिः	8.1.27	5	prakaTana	प्रकथन	
251	gotrAdiH	गोत्रादिः	8.1.27	6	pratyayana	प्रत्ययन	
251	gotrAdiH	गोत्रादिः	8.1.27	7	prapaYca	प्रपञ्च	
251	gotrAdiH	गोत्रादिः	8.1.27	8	prAya	प्राय	
251	gotrAdiH	गोत्रादिः	8.1.27	9	nyAya	न्याय	
251	gotrAdiH	गोत्रादिः	8.1.27	10	pracakzaRa	प्रचक्षण	
251	gotrAdiH	गोत्रादिः	8.1.27	11	vicakzaRa	विचक्षण	
251	gotrAdiH	गोत्रादिः	8.1.27	12	avacakzaRa	अवचक्षण	
251	gotrAdiH	गोत्रादिः	8.1.27	13	svADyAya	स्वाध्याय	
251	gotrAdiH	गोत्रादिः	8.1.27	14	BUyizWa	भूयिष्ठ	
251	gotrAdiH	गोत्रादिः	8.1.27	15	BUyizwa	भूयिष्ट	
251	gotrAdiH	गोत्रादिः	8.1.27	16	vAnAma 	वानाम ॥	
252	kAzWAdiH	काष्ठादिः	8.1.67	1	kAzWa	काष्ठ	
252	kAzWAdiH	काष्ठादिः	8.1.67	2	dAruRa	दारुण	
252	kAzWAdiH	काष्ठादिः	8.1.67	3	amAtAputra	अमातापुत्र	
252	kAzWAdiH	काष्ठादिः	8.1.67	4	veSa	वेश	
252	kAzWAdiH	काष्ठादिः	8.1.67	5	anAjYAta	अनाज्ञात	
252	kAzWAdiH	काष्ठादिः	8.1.67	6	anujYAta	अनुज्ञात	
252	kAzWAdiH	काष्ठादिः	8.1.67	7	aputra	अपुत्र	
252	kAzWAdiH	काष्ठादिः	8.1.67	8	ayuta	अयुत	
252	kAzWAdiH	काष्ठादिः	8.1.67	9	adButa	अद्भुत	
252	kAzWAdiH	काष्ठादिः	8.1.67	10	anukta	अनुक्त	
252	kAzWAdiH	काष्ठादिः	8.1.67	11	BfSa	भृश	
252	kAzWAdiH	काष्ठादिः	8.1.67	12	Gora	घोर	
252	kAzWAdiH	काष्ठादिः	8.1.67	13	suKa	सुख	
252	kAzWAdiH	काष्ठादिः	8.1.67	14	parama	परम	
252	kAzWAdiH	काष्ठादिः	8.1.67	15	su	सु	
252	kAzWAdiH	काष्ठादिः	8.1.67	16	ati 	अति ॥	
253	yavAdiH	यवादिः	8.2.9	1	yava	यव	
253	yavAdiH	यवादिः	8.2.9	2	dalmi	दल्मि	
253	yavAdiH	यवादिः	8.2.9	3	Urmi	ऊर्मि	
253	yavAdiH	यवादिः	8.2.9	4	urmi	उर्मि	
253	yavAdiH	यवादिः	8.2.9	5	BUmi	भूमि	
253	yavAdiH	यवादिः	8.2.9	6	kfmi	कृमि	
253	yavAdiH	यवादिः	8.2.9	7	kruYcA	क्रुञ्चा	
253	yavAdiH	यवादिः	8.2.9	8	vaSA	वशा	
253	yavAdiH	यवादिः	8.2.9	9	drAkzA	द्राक्षा	
253	yavAdiH	यवादिः	8.2.9	10	DrAkzA	ध्राक्षा	
253	yavAdiH	यवादिः	8.2.9	11	Graji	घ्रजि	
253	yavAdiH	यवादिः	8.2.9	12	vraji	व्रजि	
253	yavAdiH	यवादिः	8.2.9	13	Dvaji	ध्वजि	
253	yavAdiH	यवादिः	8.2.9	14	niji	निजि	
253	yavAdiH	यवादिः	8.2.9	15	siji	सिजि	
253	yavAdiH	यवादिः	8.2.9	16	saYji	सञ्जि	
253	yavAdiH	यवादिः	8.2.9	17	harit	हरित्	
253	yavAdiH	यवादिः	8.2.9	18	kakuda	ककुद	
253	yavAdiH	यवादिः	8.2.9	19	marut	मरुत्	
253	yavAdiH	यवादिः	8.2.9	20	garut	गरुत्	
253	yavAdiH	यवादिः	8.2.9	21	ikzudru	इक्षुद्रु	
253	yavAdiH	यवादिः	8.2.9	22	maDu	मधु	
253	yavAdiH	यवादिः	8.2.9	23		॥	
254	kapilakAdiH	कपिलकादिः	8.2.18	1	kapilaka	कपिलक	
254	kapilakAdiH	कपिलकादिः	8.2.18	2	nirvilIka	निर्विलीक	
254	kapilakAdiH	कपिलकादिः	8.2.18	3	lomAni	लोमानि	
254	kapilakAdiH	कपिलकादिः	8.2.18	4	pAMsula	पांसुल	
254	kapilakAdiH	कपिलकादिः	8.2.18	5	kalpa	कल्प	
254	kapilakAdiH	कपिलकादिः	8.2.18	6	Sukla	शुक्ल	
254	kapilakAdiH	कपिलकादिः	8.2.18	7	kapilakA	कपिलका	
254	kapilakAdiH	कपिलकादिः	8.2.18	8	tarpilikA	तर्पिलिका	
254	kapilakAdiH	कपिलकादिः	8.2.18	9	tarpili 	तर्पिलि ॥	
255	aharAdiH	अहरादिः	8.2.70	1	ahar	अहर्	
255	aharAdiH	अहरादिः	8.2.70	2	gIr	गीर्	
255	aharAdiH	अहरादिः	8.2.70	3	Dur 	धुर् ॥	
256	patyAdiH	पत्यादिः	8.2.70	1	pati	पति	
256	patyAdiH	पत्यादिः	8.2.70	2	gaRa	गण	
256	patyAdiH	पत्यादिः	8.2.70	3	putra 	पुत्र ॥	
257	kaskAdiH	कस्कादिः	8.3.48	1	kaskaH	कस्कः	
257	kaskAdiH	कस्कादिः	8.3.48	2	kOtaskutaH	कौतस्कुतः	
257	kaskAdiH	कस्कादिः	8.3.48	3	BrAtuzputraH	भ्रातुष्पुत्रः	
257	kaskAdiH	कस्कादिः	8.3.48	4	SunaskarRaH	शुनस्कर्णः	
257	kaskAdiH	कस्कादिः	8.3.48	5	sadyaskAlaH	सद्यस्कालः	
257	kaskAdiH	कस्कादिः	8.3.48	6	sadyaskIH	सद्यस्कीः	
257	kaskAdiH	कस्कादिः	8.3.48	7	sAdyaskaH	साद्यस्कः	
257	kaskAdiH	कस्कादिः	8.3.48	8	kAMskAn	कांस्कान्	
257	kaskAdiH	कस्कादिः	8.3.48	9	sarpizkuRqikA	सर्पिष्कुण्डिका	
257	kaskAdiH	कस्कादिः	8.3.48	10	DanuzkapAlam	धनुष्कपालम्	
257	kaskAdiH	कस्कादिः	8.3.48	11	bahizpalam	बहिष्पलम्	
257	kaskAdiH	कस्कादिः	8.3.48	12	barhizpalam	बर्हिष्पलम्	
257	kaskAdiH	कस्कादिः	8.3.48	13	yajuzpAtram	यजुष्पात्रम्	
257	kaskAdiH	कस्कादिः	8.3.48	14	ayaskAntaH	अयस्कान्तः	
257	kaskAdiH	कस्कादिः	8.3.48	15	tamaskARqaH	तमस्काण्डः	
257	kaskAdiH	कस्कादिः	8.3.48	16	ayaskARqaH	अयस्काण्डः	
257	kaskAdiH	कस्कादिः	8.3.48	17	medaspiRqaH	मेदस्पिण्डः	
257	kaskAdiH	कस्कादिः	8.3.48	18	BAskaraH	भास्करः	
257	kaskAdiH	कस्कादिः	8.3.48	19	ahaskaraH 	अहस्करः ॥	
258	suzAmAdiH	सुषामादिः	8.3.98	1	suzAmA	सुषामा	
258	suzAmAdiH	सुषामादिः	8.3.98	2	niHzAmA	निःषामा	
258	suzAmAdiH	सुषामादिः	8.3.98	3	duHzAmA	दुःषामा	
258	suzAmAdiH	सुषामादिः	8.3.98	4	suzeDaH	सुषेधः	
258	suzAmAdiH	सुषामादिः	8.3.98	5	nizeDaH	निषेधः	
258	suzAmAdiH	सुषामादिः	8.3.98	6	niHzeDaH	निःषेधः	
258	suzAmAdiH	सुषामादिः	8.3.98	7	duHzeDaH	दुःषेधः	
258	suzAmAdiH	सुषामादिः	8.3.98	8	suzaMDiH	सुषंधिः	
258	suzAmAdiH	सुषामादिः	8.3.98	9	niHzaMDiH	निःषंधिः	
258	suzAmAdiH	सुषामादिः	8.3.98	10	duHzaMDiH	दुःषंधिः	
258	suzAmAdiH	सुषामादिः	8.3.98	11	suzWu	सुष्ठु	
258	suzAmAdiH	सुषामादिः	8.3.98	12	duzWu	दुष्ठु	
258	suzAmAdiH	सुषामादिः	8.3.98	13	gOrizakTaH	गौरिषक्थः	
258	suzAmAdiH	सुषामादिः	8.3.98	14	saMjYAyAm	संज्ञायाम्	
258	suzAmAdiH	सुषामादिः	8.3.98	15	pratizRikA	प्रतिष्णिका	
258	suzAmAdiH	सुषामादिः	8.3.98	16	jalAzAham	जलाषाहम्	
258	suzAmAdiH	सुषामादिः	8.3.98	17	jalAzAqam	जलाषाडम्	
258	suzAmAdiH	सुषामादिः	8.3.98	18	nOzecanam	नौषेचनम्	
258	suzAmAdiH	सुषामादिः	8.3.98	19	dunduBizevaRam	दुन्दुभिषेवणम्	
258	suzAmAdiH	सुषामादिः	8.3.98	20	dunduBizecanam	दुन्दुभिषेचनम्	
258	suzAmAdiH	सुषामादिः	8.3.98	21	harizeRaH	हरिषेणः	
258	suzAmAdiH	सुषामादिः	8.3.98	22	rohiRIzeRaH 	रोहिणीषेणः ॥	
259	savanAdiH	सवनादिः	8.3.110	1	savane savane	सवने सवने	
259	savanAdiH	सवनादिः	8.3.110	2	sUte sUte	सूते सूते	
259	savanAdiH	सवनादिः	8.3.110	3	some some	सोमे सोमे	
259	savanAdiH	सवनादिः	8.3.110	4	savanamuKe savanamuKe	सवनमुखे सवनमुखे	
259	savanAdiH	सवनादिः	8.3.110	5	kiMsam kiMsam	किंसम् किंसम्	
259	savanAdiH	सवनादिः	8.3.110	6	kiMsaH kiMsaH	किंसः किंसः	
259	savanAdiH	सवनादिः	8.3.110	7	anusavanamanusavanam	अनुसवनमनुसवनम्	
259	savanAdiH	सवनादिः	8.3.110	8	gosaniM gosanim	गोसनिं गोसनिम्	
259	savanAdiH	सवनादिः	8.3.110	9	aSvasanimaSvasanim	अश्वसनिमश्वसनिम्	
259	savanAdiH	सवनादिः	8.3.110	10	Sakunisavanam	शकुनिसवनम्	
259	savanAdiH	सवनादिः	8.3.110	11	some some	सोमे सोमे	
259	savanAdiH	सवनादिः	8.3.110	12	sute sute	सुते सुते	
259	savanAdiH	सवनादिः	8.3.110	13	saMvatsare saMvatsare	संवत्सरे संवत्सरे	
259	savanAdiH	सवनादिः	8.3.110	14	bisam bisam	बिसम् बिसम्	
259	savanAdiH	सवनादिः	8.3.110	15	kisam kisam	किसम् किसम्	
259	savanAdiH	सवनादिः	8.3.110	16	musalam musalam	मुसलम् मुसलम्	
259	savanAdiH	सवनादिः	8.3.110	17	gosanimaSvasanim 	गोसनिमश्वसनिम् ॥	
260	irikAdiH	इरिकादिः	8.4.6	1	irikA	इरिका	
260	irikAdiH	इरिकादिः	8.4.6	2	mirikA	मिरिका	
260	irikAdiH	इरिकादिः	8.4.6	3	timirA 	तिमिरा ॥	
261	girinadyAdiH	गिरिनद्यादिः	8.4.10	1	girinadI	गिरिनदी	
261	girinadyAdiH	गिरिनद्यादिः	8.4.10	2	girinaKa	गिरिनख	
261	girinadyAdiH	गिरिनद्यादिः	8.4.10	3	girinadDa	गिरिनद्ध	
261	girinadyAdiH	गिरिनद्यादिः	8.4.10	4	girinitamba	गिरिनितम्ब	
261	girinadyAdiH	गिरिनद्यादिः	8.4.10	5	cakranadI	चक्रनदी	
261	girinadyAdiH	गिरिनद्यादिः	8.4.10	6	cakranitamba	चक्रनितम्ब	
261	girinadyAdiH	गिरिनद्यादिः	8.4.10	7	taryamAna	तर्यमान	
261	girinadyAdiH	गिरिनद्यादिः	8.4.10	8	mAzona	माषोन	
261	girinadyAdiH	गिरिनद्यादिः	8.4.10	9	Argayana 	आर्गयन ॥	
262	yuvAdiH	युवादिः	8.4.11	1	yuvan	युवन्	
262	yuvAdiH	युवादिः	8.4.11	2	pakva	पक्व	
262	yuvAdiH	युवादिः	8.4.11	3	ahan	अहन्	
262	yuvAdiH	युवादिः	8.4.11	4	AryayUnA kzatriyayunA prapakvAni	आर्ययूना क्षत्रिययुना प्रपक्वानि	
262	yuvAdiH	युवादिः	8.4.11	5	paripakvAni	परिपक्वानि	
262	yuvAdiH	युवादिः	8.4.11	6	dIrGAhnI 	दीर्घाह्नी ॥	
263	kzuBnAdiH	क्षुभ्नादिः	8.4.39	1	harinandI	हरिनन्दी	
263	kzuBnAdiH	क्षुभ्नादिः	8.4.39	2	harinandanaH	हरिनन्दनः	
263	kzuBnAdiH	क्षुभ्नादिः	8.4.39	3	girinagaram	गिरिनगरम्	
263	kzuBnAdiH	क्षुभ्नादिः	8.4.39	4	narInftyata	नरीनृत्यत	
263	kzuBnAdiH	क्षुभ्नादिः	8.4.39	5	parinartanam	परिनर्तनम्	
263	kzuBnAdiH	क्षुभ्नादिः	8.4.39	6	parigahanam	परिगहनम्	
263	kzuBnAdiH	क्षुभ्नादिः	8.4.39	7	parinandanam	परिनन्दनम्	
263	kzuBnAdiH	क्षुभ्नादिः	8.4.39	8	SaraniveSaH	शरनिवेशः	
263	kzuBnAdiH	क्षुभ्नादिः	8.4.39	9	SaranivAsaH	शरनिवासः	
263	kzuBnAdiH	क्षुभ्नादिः	8.4.39	10	SarAgniH	शराग्निः	
263	kzuBnAdiH	क्षुभ्नादिः	8.4.39	11	darBAnUpa	दर्भानूप	
263	kzuBnAdiH	क्षुभ्नादिः	8.4.39	12	AcAryaBogInaH	आचार्यभोगीनः	
263	kzuBnAdiH	क्षुभ्नादिः	8.4.39	13	caturhAyana	चतुर्हायन	
263	kzuBnAdiH	क्षुभ्नादिः	8.4.39	14	irikA	इरिका	
263	kzuBnAdiH	क्षुभ्नादिः	8.4.39	15	timira	तिमिर	
263	kzuBnAdiH	क्षुभ्नादिः	8.4.39	16	samIra	समीर	
263	kzuBnAdiH	क्षुभ्नादिः	8.4.39	17	kubera	कुबेर	
263	kzuBnAdiH	क्षुभ्नादिः	8.4.39	18	hari	हरि	
263	kzuBnAdiH	क्षुभ्नादिः	8.4.39	19	karmAra 	कर्मार ॥	
