global_id	adhyaya	pada	num	text_deva	text_slp1	sutra_type
1	1	1	1	वृद्धिरादैच्	vfdDirAdEc	SAMJNA
2	1	1	2	अदेङ् गुणः	adeN guRaH	SAMJNA
3	1	1	3	इको गुणवृद्धी	iko guRavfdDI	PARIBHASHA
4	1	1	4	न धातुलोप आर्धधातुके	na DAtulopa ArDaDAtuke	VIDHI
5	1	1	5	क्ङिति च	kNiti ca	VIDHI
6	1	1	6	दीधीवेवीटाम्	dIDIvevIwAm	VIDHI
7	1	1	7	हलोऽनन्तराः संयोगः	halonantarAH saMyogaH	SAMJNA
8	1	1	8	मुखनासिकावचनोऽनुनासिकः	muKanAsikAvacanonunAsikaH	SAMJNA
9	1	1	9	तुल्यास्यप्रयत्नं सवर्णम्	tulyAsyaprayatnaM savarRam	SAMJNA
10	1	1	10	नाज्झलौ	nAjJalO	SAMJNA
11	1	1	11	ईदूदेद्द्विवचनं प्रगृह्यम्	IdUdeddvivacanaM pragfhyam	SAMJNA
12	1	1	12	अदसो मात्	adaso mAt	SAMJNA
13	1	1	13	शे	Se	SAMJNA
14	1	1	14	निपात एकाजनाङ्	nipAta ekAjanAN	SAMJNA
15	1	1	15	ओत्	ot	SAMJNA
16	1	1	16	सम्बुद्धौ शाकल्यस्येतावनार्षे	sambudDO SAkalyasyetAvanArze	SAMJNA
17	1	1	17	उञः	uYaH	SAMJNA
18	1	1	18	ऊँ	U~	SAMJNA
19	1	1	19	ईदूतौ च सप्तम्यर्थे	IdUtO ca saptamyarTe	SAMJNA
20	1	1	20	दाधा घ्वदाप्	dADA GvadAp	SAMJNA
21	1	1	21	आद्यन्तवदेकस्मिन्	Adyantavadekasmin	PARIBHASHA
22	1	1	22	तरप्तमपौ घः	taraptamapO GaH	SAMJNA
23	1	1	23	बहुगणवतुडति संख्या	bahugaRavatuqati saMKyA	SAMJNA
24	1	1	24	ष्णान्ता षट्	zRAntA zaw	SAMJNA
25	1	1	25	डति च	qati ca	SAMJNA
26	1	1	26	क्तक्तवतू निष्ठा	ktaktavatU nizWA	SAMJNA
27	1	1	27	सर्वादीनि सर्वनामानि	sarvAdIni sarvanAmAni	SAMJNA
28	1	1	28	विभाषा दिक्समासे बहुव्रीहौ	viBAzA diksamAse bahuvrIhO	SAMJNA
29	1	1	29	न बहुव्रीहौ	na bahuvrIhO	SAMJNA
30	1	1	30	तृतीयासमासे	tftIyAsamAse	SAMJNA
31	1	1	31	द्वन्द्वे च	dvandve ca	SAMJNA
32	1	1	32	विभाषा जसि	viBAzA jasi	SAMJNA
33	1	1	33	प्रथमचरमतयाल्पार्धकतिपयनेमाश्च	praTamacaramatayAlpArDakatipayanemASca	SAMJNA
34	1	1	34	पूर्वपरावरदक्षिणोत्तरापराधराणि व्यवस्थायामसंज्ञायाम्	pUrvaparAvaradakziRottarAparADarARi vyavasTAyAmasaMjYAyAm	SAMJNA
35	1	1	35	स्वमज्ञातिधनाख्यायाम्	svamajYAtiDanAKyAyAm	SAMJNA
36	1	1	36	अन्तरं बहिर्योगोपसंव्यानयोः	antaraM bahiryogopasaMvyAnayoH	SAMJNA
37	1	1	37	स्वरादिनिपातमव्ययम्	svarAdinipAtamavyayam	SAMJNA
38	1	1	38	तद्धितश्चासर्वविभक्तिः	tadDitaScAsarvaviBaktiH	SAMJNA
39	1	1	39	कृन्मेजन्तः	kfnmejantaH	SAMJNA
40	1	1	40	क्त्वातोसुन्कसुनः	ktvAtosunkasunaH	SAMJNA
41	1	1	41	अव्ययीभावश्च	avyayIBAvaSca	SAMJNA
42	1	1	42	शि सर्वनामस्थानम्	Si sarvanAmasTAnam	SAMJNA
43	1	1	43	सुडनपुंसकस्य	suqanapuMsakasya	SAMJNA
44	1	1	44	न वेति विभाषा	na veti viBAzA	SAMJNA
45	1	1	45	इग्यणः सम्प्रसारणम्	igyaRaH samprasAraRam	SAMJNA
46	1	1	46	आद्यन्तौ टकितौ	AdyantO wakitO	PARIBHASHA
47	1	1	47	मिदचोऽन्त्यात्परः	midacontyAtparaH	PARIBHASHA
48	1	1	48	एच इग्घ्रस्वादेशे	eca igGrasvAdeSe	PARIBHASHA
49	1	1	49	षष्ठी स्थानेयोगा	zazWI sTAneyogA	PARIBHASHA
50	1	1	50	स्थानेऽन्तरतमः	sTAnentaratamaH	PARIBHASHA
51	1	1	51	उरण् रपरः	uraR raparaH	PARIBHASHA
52	1	1	52	अलोऽन्त्यस्य	alontyasya	PARIBHASHA
53	1	1	53	ङिच्च	Nicca	PARIBHASHA
54	1	1	54	आदेः परस्य	AdeH parasya	PARIBHASHA
55	1	1	55	अनेकाल्शित्सर्वस्य	anekAlSitsarvasya	PARIBHASHA
56	1	1	56	स्थानिवदादेशोऽनल्विधौ	sTAnivadAdeSonalviDO	ADHIKARA
57	1	1	57	अचः परस्मिन् पूर्वविधौ	acaH parasmin pUrvaviDO	ADHIKARA
58	1	1	58	न पदान्तद्विर्वचनवरेयलोपस्वरसवर्णानुस्वारदीर्घजश्चर्विधिषु	na padAntadvirvacanavareyalopasvarasavarRAnusvAradIrGajaScarviDizu	ADHIKARA
59	1	1	59	द्विर्वचनेऽचि	dvirvacaneci	ADHIKARA
60	1	1	60	अदर्शनं लोपः	adarSanaM lopaH	SAMJNA
61	1	1	61	प्रत्ययस्य लुक्श्लुलुपः	pratyayasya lukSlulupaH	SAMJNA
62	1	1	62	प्रत्ययलोपे प्रत्ययलक्षणम्	pratyayalope pratyayalakzaRam	PARIBHASHA
63	1	1	63	न लुमताङ्गस्य	na lumatANgasya	PARIBHASHA
64	1	1	64	अचोऽन्त्यादि टि	acontyAdi wi	SAMJNA
65	1	1	65	अलोऽन्त्यात् पूर्व उपधा	alontyAt pUrva upaDA	SAMJNA
66	1	1	66	तस्मिन्निति निर्दिष्टे पूर्वस्य	tasminniti nirdizwe pUrvasya	PARIBHASHA
67	1	1	67	तस्मादित्युत्तरस्य	tasmAdityuttarasya	PARIBHASHA
68	1	1	68	स्वं रूपं शब्दस्याशब्दसंज्ञा	svaM rUpaM SabdasyASabdasaMjYA	VIDHI
69	1	1	69	अणुदित् सवर्णस्य चाप्रत्ययः	aRudit savarRasya cApratyayaH	VIDHI
70	1	1	70	तपरस्तत्कालस्य	taparastatkAlasya	VIDHI
71	1	1	71	आदिरन्त्येन सहेता	Adirantyena sahetA	SAMJNA
72	1	1	72	येन विधिस्तदन्तस्य	yena viDistadantasya	VIDHI
73	1	1	73	वृद्धिर्यस्याचामादिस्तद् वृद्धम्	vfdDiryasyAcAmAdistad vfdDam	SAMJNA
74	1	1	74	त्यदादीनि च	tyadAdIni ca	SAMJNA
75	1	1	75	एङ् प्राचां देशे	eN prAcAM deSe	SAMJNA
76	1	2	1	गाङ्कुटादिभ्योऽञ्णिन्ङित्	gANkuwAdiByoYRinNit	ADHIKARA
77	1	2	2	विज इट्	vija iw	ADHIKARA
78	1	2	3	विभाषोर्णोः	viBAzorRoH	ADHIKARA
79	1	2	4	सार्वधातुकमपित्	sArvaDAtukamapit	ADHIKARA
80	1	2	5	असंयोगाल्लिट् कित्	asaMyogAlliw kit	ADHIKARA
81	1	2	6	इन्धिभवतिभ्यां च	inDiBavatiByAM ca	ADHIKARA
82	1	2	7	मृडमृदगुधकुषक्लिशवदवसः क्त्वा	mfqamfdaguDakuzakliSavadavasaH ktvA	ADHIKARA
83	1	2	8	रुदविदमुषग्रहिस्वपिप्रच्छः सँश्च	rudavidamuzagrahisvapipracCaH sa~Sca	ADHIKARA
84	1	2	9	इको झल्	iko Jal	ADHIKARA
85	1	2	10	हलन्ताच्च	halantAcca	ADHIKARA
86	1	2	11	लिङ्सिचावात्मनेपदेषु	liNsicAvAtmanepadezu	ADHIKARA
87	1	2	12	उश्च	uSca	ADHIKARA
88	1	2	13	वा गमः	vA gamaH	ADHIKARA
89	1	2	14	हनः सिच्	hanaH sic	ADHIKARA
90	1	2	15	यमो गन्धने	yamo ganDane	ADHIKARA
91	1	2	16	विभाषोपयमने	viBAzopayamane	ADHIKARA
92	1	2	17	स्था घ्वोरिच्च	sTA Gvoricca	ADHIKARA
93	1	2	18	न क्त्वा सेट्	na ktvA sew	ADHIKARA
94	1	2	19	निष्ठा शीङ्स्विदिमिदिक्ष्विदिधृषः	nizWA SINsvidimidikzvidiDfzaH	ADHIKARA
95	1	2	20	मृषस्तितिक्षायाम्	mfzastitikzAyAm	ADHIKARA
96	1	2	21	उदुपधाद्भावादिकर्मणोरन्यतरस्याम्	udupaDAdBAvAdikarmaRoranyatarasyAm	ADHIKARA
97	1	2	22	पूङः क्त्वा च	pUNaH ktvA ca	ADHIKARA
98	1	2	23	नोपधात्थफान्ताद्वा	nopaDAtTaPAntAdvA	ADHIKARA
99	1	2	24	वञ्चिलुञ्च्यृतश्च	vaYciluYcyftaSca	ADHIKARA
100	1	2	25	तृषिमृषिकृशेः काश्यपस्य	tfzimfzikfSeH kASyapasya	ADHIKARA
101	1	2	26	रलो व्युपधाद्धलादेः संश्च	ralo vyupaDAdDalAdeH saMSca	ADHIKARA
102	1	2	27	ऊकालोऽज्झ्रस्वदीर्घप्लुतः	UkAlojJrasvadIrGaplutaH	SAMJNA
103	1	2	28	अचश्च	acaSca	PARIBHASHA
104	1	2	29	उच्चैरुदात्तः	uccErudAttaH	SAMJNA
105	1	2	30	नीचैरनुदात्तः	nIcEranudAttaH	SAMJNA
106	1	2	31	समाहारः स्वरितः	samAhAraH svaritaH	SAMJNA
107	1	2	32	तस्यादित उदात्तमर्धह्रस्वम्	tasyAdita udAttamarDahrasvam	VIDHI
108	1	2	33	एकश्रुति दूरात् सम्बुद्धौ	ekaSruti dUrAt sambudDO	VIDHI
109	1	2	34	यज्ञकर्मण्यजपन्यूङ्खसामसु	yajYakarmaRyajapanyUNKasAmasu	VIDHI
110	1	2	35	उच्चैस्तरां वा वषट्कारः	uccEstarAM vA vazawkAraH	VIDHI
111	1	2	36	विभाषा छन्दसि	viBAzA Candasi	VIDHI
112	1	2	37	न सुब्रह्मण्यायां स्वरितस्य तूदात्तः	na subrahmaRyAyAM svaritasya tUdAttaH	VIDHI
113	1	2	38	देवब्रह्मणोरनुदात्तः	devabrahmaRoranudAttaH	VIDHI
114	1	2	39	स्वरितात् संहितायामनुदात्तानाम्	svaritAt saMhitAyAmanudAttAnAm	VIDHI
115	1	2	40	उदात्तस्वरितपरस्य सन्नतरः	udAttasvaritaparasya sannataraH	VIDHI
116	1	2	41	अपृक्त एकाल् प्रत्ययः	apfkta ekAl pratyayaH	SAMJNA
117	1	2	42	तत्पुरुषः समानाधिकरणः कर्मधारयः	tatpuruzaH samAnADikaraRaH karmaDArayaH	SAMJNA
118	1	2	43	प्रथमानिर्दिष्टं समास उपसर्जनम्	praTamAnirdizwaM samAsa upasarjanam	SAMJNA
119	1	2	44	एकविभक्ति चापूर्वनिपाते	ekaviBakti cApUrvanipAte	SAMJNA
120	1	2	45	अर्थवदधातुरप्रत्ययः प्रातिपदिकम्	arTavadaDAturapratyayaH prAtipadikam	SAMJNA
121	1	2	46	कृत्तद्धितसमासाश्च	kfttadDitasamAsASca	SAMJNA
122	1	2	47	ह्रस्वो नपुंसके प्रातिपदिकस्य	hrasvo napuMsake prAtipadikasya	VIDHI
123	1	2	48	गोस्त्रियोरुपसर्जनस्य	gostriyorupasarjanasya	VIDHI
124	1	2	49	लुक् तद्धितलुकि	luk tadDitaluki	VIDHI
125	1	2	50	इद्गोण्याः	idgoRyAH	VIDHI
126	1	2	51	लुपि युक्तवद्व्यक्तिवचने	lupi yuktavadvyaktivacane	ADHIKARA
127	1	2	52	विशेषणानां चाजातेः	viSezaRAnAM cAjAteH	ADHIKARA
128	1	2	53	तदशिष्यं संज्ञाप्रमाणत्वात्	tadaSizyaM saMjYApramARatvAt	VIDHI
129	1	2	54	लुब्योगाप्रख्यानात्	lubyogApraKyAnAt	VIDHI
130	1	2	55	योगप्रमाणे च तदभावेऽदर्शनं स्यात्	yogapramARe ca tadaBAvedarSanaM syAt	VIDHI
131	1	2	56	प्रधानप्रत्ययार्थवचनमर्थस्यान्यप्रमाणत्वात्	praDAnapratyayArTavacanamarTasyAnyapramARatvAt	VIDHI
132	1	2	57	कालोपसर्जने च तुल्यम्	kAlopasarjane ca tulyam	VIDHI
133	1	2	58	जात्याख्यायामेकस्मिन् बहुवचनमन्यतरस्याम्	jAtyAKyAyAmekasmin bahuvacanamanyatarasyAm	VIDHI
134	1	2	59	अस्मदो द्वयोश्च	asmado dvayoSca	VIDHI
135	1	2	60	फल्गुनीप्रोष्ठपदानां च नक्षत्रे	PalgunIprozWapadAnAM ca nakzatre	VIDHI
136	1	2	61	छन्दसि पुनर्वस्वोरेकवचनम्	Candasi punarvasvorekavacanam	VIDHI
137	1	2	62	विशाखयोश्च	viSAKayoSca	VIDHI
138	1	2	63	तिष्यपुनर्वस्वोर्नक्षत्रद्वन्द्वे बहुवचनस्य द्विवचनं नित्यम्	tizyapunarvasvornakzatradvandve bahuvacanasya dvivacanaM nityam	VIDHI
139	1	2	64	सरूपाणामेकशेष एकविभक्तौ	sarUpARAmekaSeza ekaviBaktO	VIDHI
140	1	2	65	वृद्धो यूना तल्लक्षणश्चेदेव विशेषः	vfdDo yUnA tallakzaRaScedeva viSezaH	VIDHI
141	1	2	66	स्त्री पुंवच्च	strI puMvacca	ADHIKARA
142	1	2	67	पुमान् स्त्रिया	pumAn striyA	VIDHI
143	1	2	68	भ्रातृपुत्रौ स्वसृदुहितृभ्याम्	BrAtfputrO svasfduhitfByAm	VIDHI
144	1	2	69	नपुंसकमनपुंसकेनैकवच्चास्यान्यतरस्याम्	napuMsakamanapuMsakenEkavaccAsyAnyatarasyAm	VIDHI
145	1	2	70	पिता मात्रा	pitA mAtrA	VIDHI
146	1	2	71	श्वशुरः श्वश्र्वा	SvaSuraH SvaSrvA	VIDHI
147	1	2	72	त्यदादीनि सर्वैर्नित्यम्	tyadAdIni sarvErnityam	VIDHI
148	1	2	73	ग्राम्यपशुसंघेष्वतरुणेषु स्त्री	grAmyapaSusaMGezvataruRezu strI	VIDHI
149	1	3	1	भूवादयो धातवः	BUvAdayo DAtavaH	SAMJNA
150	1	3	2	उपदेशेऽजनुनासिक इत्	upadeSejanunAsika it	SAMJNA
151	1	3	3	हलन्त्यम्	halantyam	SAMJNA
152	1	3	4	न विभक्तौ तुस्माः	na viBaktO tusmAH	SAMJNA
153	1	3	5	आदिर्ञिटुडवः	AdirYiwuqavaH	SAMJNA
154	1	3	6	षः प्रत्ययस्य	zaH pratyayasya	SAMJNA
155	1	3	7	चुटू	cuwU	SAMJNA
156	1	3	8	लशक्वतद्धिते	laSakvatadDite	SAMJNA
157	1	3	9	तस्य लोपः	tasya lopaH	VIDHI
158	1	3	10	यथासंख्यमनुदेशः समानाम्	yaTAsaMKyamanudeSaH samAnAm	PARIBHASHA
159	1	3	11	स्वरितेनाधिकारः	svaritenADikAraH	PARIBHASHA
160	1	3	12	अनुदात्तङित आत्मनेपदम्	anudAttaNita Atmanepadam	VIDHI
161	1	3	13	भावकर्मणोः	BAvakarmaRoH	VIDHI
162	1	3	14	कर्तरि कर्मव्यतिहारे	kartari karmavyatihAre	VIDHI
163	1	3	15	न गतिहिंसार्थेभ्यः	na gatihiMsArTeByaH	VIDHI
164	1	3	16	इतरेतरान्योन्योपपदाच्च	itaretarAnyonyopapadAcca	VIDHI
165	1	3	17	नेर्विशः	nerviSaH	VIDHI
166	1	3	18	परिव्यवेभ्यः क्रियः	parivyaveByaH kriyaH	VIDHI
167	1	3	19	विपराभ्यां जेः	viparAByAM jeH	VIDHI
168	1	3	20	आङो दोऽनास्यविहरणे	ANo donAsyaviharaRe	VIDHI
169	1	3	21	क्रीडोऽनुसम्परिभ्यश्च	krIqonusampariByaSca	VIDHI
170	1	3	22	समवप्रविभ्यः स्थः	samavapraviByaH sTaH	VIDHI
171	1	3	23	प्रकाशनस्थेयाख्ययोश्च	prakASanasTeyAKyayoSca	VIDHI
172	1	3	24	उदोऽनूर्ध्वकर्मणि	udonUrDvakarmaRi	VIDHI
173	1	3	25	उपान्मन्त्रकरणे	upAnmantrakaraRe	VIDHI
174	1	3	26	अकर्मकाच्च	akarmakAcca	VIDHI
175	1	3	27	उद्विभ्यां तपः	udviByAM tapaH	VIDHI
176	1	3	28	आङो यमहनः	ANo yamahanaH	VIDHI
177	1	3	29	समो गम्यृच्छिप्रच्छिस्वरत्यर्तिश्रुविदिभ्यः	samo gamyfcCipracCisvaratyartiSruvidiByaH	VIDHI
178	1	3	30	निसमुपविभ्यो ह्वः	nisamupaviByo hvaH	VIDHI
179	1	3	31	स्पर्द्धायामाङः	spardDAyAmANaH	VIDHI
180	1	3	32	गन्धनावक्षेपणसेवनसाहसिक्यप्रतियत्नप्रकथनोपयोगेषु कृञः	ganDanAvakzepaRasevanasAhasikyapratiyatnaprakaTanopayogezu kfYaH	VIDHI
181	1	3	33	अधेः प्रसहने	aDeH prasahane	VIDHI
182	1	3	34	वेः शब्दकर्मणः	veH SabdakarmaRaH	VIDHI
183	1	3	35	अकर्मकाच्च	akarmakAcca	VIDHI
184	1	3	36	सम्माननोत्सञ्जनाचार्यकरणज्ञानभृतिविगणनव्ययेषु नियः	sammAnanotsaYjanAcAryakaraRajYAnaBftivigaRanavyayezu niyaH	VIDHI
185	1	3	37	कर्तृस्थे चाशरीरे कर्मणि	kartfsTe cASarIre karmaRi	VIDHI
186	1	3	38	वृत्तिसर्गतायनेषु क्रमः	vfttisargatAyanezu kramaH	VIDHI
187	1	3	39	उपपराभ्याम्	upaparAByAm	VIDHI
188	1	3	40	आङ उद्गमने	ANa udgamane	VIDHI
189	1	3	41	वेः पादविहरणे	veH pAdaviharaRe	VIDHI
190	1	3	42	प्रोपाभ्यां समर्थाभ्याम्	propAByAM samarTAByAm	VIDHI
191	1	3	43	अनुपसर्गाद्वा	anupasargAdvA	VIDHI
192	1	3	44	अपह्नवे ज्ञः	apahnave jYaH	VIDHI
193	1	3	45	अकर्मकाच्च	akarmakAcca	VIDHI
194	1	3	46	सम्प्रतिभ्यामनाध्याने	sampratiByAmanADyAne	VIDHI
195	1	3	47	भासनोपसम्भाषाज्ञानयत्नविमत्युपमन्त्रणेषु वदः	BAsanopasamBAzAjYAnayatnavimatyupamantraRezu vadaH	VIDHI
196	1	3	48	व्यक्तवाचां समुच्चारणे	vyaktavAcAM samuccAraRe	VIDHI
197	1	3	49	अनोरकर्मकात्	anorakarmakAt	VIDHI
198	1	3	50	विभाषा विप्रलापे	viBAzA vipralApe	VIDHI
199	1	3	51	अवाद्ग्रः	avAdgraH	VIDHI
200	1	3	52	समः प्रतिज्ञाने	samaH pratijYAne	VIDHI
201	1	3	53	उदश्चरः सकर्मकात्	udaScaraH sakarmakAt	VIDHI
202	1	3	54	समस्तृतीयायुक्तात्	samastftIyAyuktAt	VIDHI
203	1	3	55	दाणश्च सा चेच्चतुर्थ्यर्थे	dARaSca sA ceccaturTyarTe	VIDHI
204	1	3	56	उपाद्यमः स्वकरणे	upAdyamaH svakaraRe	VIDHI
205	1	3	57	ज्ञाश्रुस्मृदृशां सनः	jYASrusmfdfSAM sanaH	VIDHI
206	1	3	58	नानोर्ज्ञः	nAnorjYaH	VIDHI
207	1	3	59	प्रत्याङ्भ्यां श्रुवः	pratyANByAM SruvaH	VIDHI
208	1	3	60	शदेः शितः	SadeH SitaH	VIDHI
209	1	3	61	म्रियतेर्लुङ्लिङोश्च	mriyaterluNliNoSca	VIDHI
210	1	3	62	पूर्ववत् सनः	pUrvavat sanaH	ADHIKARA
211	1	3	63	आम्प्रत्ययवत् कृञोऽनुप्रयोगस्य	Ampratyayavat kfYonuprayogasya	VIDHI
212	1	3	64	प्रोपाभ्यां युजेरयज्ञपात्रेषु	propAByAM yujerayajYapAtrezu	VIDHI
213	1	3	65	समः क्ष्णुवः	samaH kzRuvaH	VIDHI
214	1	3	66	भुजोऽनवने	Bujonavane	VIDHI
215	1	3	67	णेरणौ यत्कर्म णौ चेत् स कर्ताऽनाध्याने	ReraRO yatkarma RO cet sa kartAnADyAne	VIDHI
216	1	3	68	भीस्म्योर्हेतुभये	BIsmyorhetuBaye	VIDHI
217	1	3	69	गृधिवञ्च्योः प्रलम्भने	gfDivaYcyoH pralamBane	VIDHI
218	1	3	70	लियः सम्माननशालीनीकरणयोश्च	liyaH sammAnanaSAlInIkaraRayoSca	VIDHI
219	1	3	71	मिथ्योपपदात् कृञोऽभ्यासे	miTyopapadAt kfYoByAse	VIDHI
220	1	3	72	स्वरितञितः कर्त्रभिप्राये क्रियाफले	svaritaYitaH kartraBiprAye kriyAPale	VIDHI
221	1	3	73	अपाद्वदः	apAdvadaH	VIDHI
222	1	3	74	णिचश्च	RicaSca	VIDHI
223	1	3	75	समुदाङ्भ्यो यमोऽग्रन्थे	samudANByo yamogranTe	VIDHI
224	1	3	76	अनुपसर्गाज्ज्ञः	anupasargAjjYaH	VIDHI
225	1	3	77	विभाषोपपदेन प्रतीयमाने	viBAzopapadena pratIyamAne	VIDHI
226	1	3	78	शेषात् कर्तरि परस्मैपदम्	SezAt kartari parasmEpadam	VIDHI
227	1	3	79	अनुपराभ्यां कृञः	anuparAByAM kfYaH	VIDHI
228	1	3	80	अभिप्रत्यतिभ्यः क्षिपः	aBipratyatiByaH kzipaH	VIDHI
229	1	3	81	प्राद्वहः	prAdvahaH	VIDHI
230	1	3	82	परेर्मृषः	parermfzaH	VIDHI
231	1	3	83	व्याङ्परिभ्यो रमः	vyANpariByo ramaH	VIDHI
232	1	3	84	उपाच्च	upAcca	VIDHI
233	1	3	85	विभाषाऽकर्मकात्	viBAzAkarmakAt	VIDHI
234	1	3	86	बुधयुधनशजनेङ्प्रुद्रुस्रुभ्यो णेः	buDayuDanaSajaneNprudrusruByo ReH	VIDHI
235	1	3	87	निगरणचलनार्थेभ्यश्च	nigaraRacalanArTeByaSca	VIDHI
236	1	3	88	अणावकर्मकाच्चित्तवत्कर्तृकात्	aRAvakarmakAccittavatkartfkAt	VIDHI
237	1	3	89	न पादम्याङ्यमाङ्यसपरिमुहरुचिनृतिवदवसः	na pAdamyANyamANyasaparimuharucinftivadavasaH	VIDHI
238	1	3	90	वा क्यषः	vA kyazaH	VIDHI
239	1	3	91	द्युद्भ्यो लुङि	dyudByo luNi	VIDHI
240	1	3	92	वृद्भ्यः स्यसनोः	vfdByaH syasanoH	VIDHI
241	1	3	93	लुटि च कॢपः	luwi ca kxpaH	VIDHI
242	1	4	1	आ कडारादेका संज्ञा	A kaqArAdekA saMjYA	ADHIKARA
243	1	4	2	विप्रतिषेधे परं कार्यम्	vipratizeDe paraM kAryam	PARIBHASHA
244	1	4	3	यू स्त्र्याख्यौ नदी	yU stryAKyO nadI	SAMJNA
245	1	4	4	नेयङुवङ्स्थानावस्त्री	neyaNuvaNsTAnAvastrI	SAMJNA
246	1	4	5	वाऽऽमि	vAmi	SAMJNA
247	1	4	6	ङिति ह्रस्वश्च	Niti hrasvaSca	SAMJNA
248	1	4	7	शेषो घ्यसखि	Sezo GyasaKi	SAMJNA
249	1	4	8	पतिः समास एव	patiH samAsa eva	SAMJNA
250	1	4	9	षष्ठीयुक्तश्छन्दसि वा	zazWIyuktaSCandasi vA	SAMJNA
251	1	4	10	ह्रस्वं लघु	hrasvaM laGu	SAMJNA
252	1	4	11	संयोगे गुरु	saMyoge guru	SAMJNA
253	1	4	12	दीर्घं च	dIrGaM ca	SAMJNA
254	1	4	13	यस्मात् प्रत्ययविधिस्तदादि प्रत्ययेऽङ्गम्	yasmAt pratyayaviDistadAdi pratyayeNgam	SAMJNA
255	1	4	14	सुप्तिङन्तं पदम्	suptiNantaM padam	SAMJNA
256	1	4	15	नः क्ये	naH kye	SAMJNA
257	1	4	16	सिति च	siti ca	SAMJNA
258	1	4	17	स्वादिष्वसर्वनामस्थाने	svAdizvasarvanAmasTAne	SAMJNA
259	1	4	18	यचि भम्	yaci Bam	SAMJNA
260	1	4	19	तसौ मत्वर्थे	tasO matvarTe	SAMJNA
261	1	4	20	अयस्मयादीनि च्छन्दसि	ayasmayAdIni cCandasi	SAMJNA
262	1	4	21	बहुषु बहुवचनम्	bahuzu bahuvacanam	VIDHI
263	1	4	22	द्व्येकयोर्द्विवचनैकवचने	dvyekayordvivacanEkavacane	VIDHI
264	1	4	23	कारके	kArake	SAMJNA
265	1	4	24	ध्रुवमपायेऽपादानम्	DruvamapAyepAdAnam	SAMJNA
266	1	4	25	भीत्रार्थानां भयहेतुः	BItrArTAnAM BayahetuH	SAMJNA
267	1	4	26	पराजेरसोढः	parAjerasoQaH	SAMJNA
268	1	4	27	वारणार्थानामीप्सितः	vAraRArTAnAmIpsitaH	SAMJNA
269	1	4	28	अन्तर्द्धौ येनादर्शनमिच्छति	antardDO yenAdarSanamicCati	SAMJNA
270	1	4	29	आख्यातोपयोगे	AKyAtopayoge	SAMJNA
271	1	4	30	जनिकर्तुः प्रकृतिः	janikartuH prakftiH	SAMJNA
272	1	4	31	भुवः प्रभवः	BuvaH praBavaH	SAMJNA
273	1	4	32	कर्मणा यमभिप्रैति स सम्प्रदानम्	karmaRA yamaBiprEti sa sampradAnam	SAMJNA
274	1	4	33	रुच्यर्थानां प्रीयमाणः	rucyarTAnAM prIyamARaH	SAMJNA
275	1	4	34	श्लाघह्नुङ्स्थाशपां ज्ञीप्स्यमानः	SlAGahnuNsTASapAM jYIpsyamAnaH	SAMJNA
276	1	4	35	धारेरुत्तमर्णः	DAreruttamarRaH	SAMJNA
277	1	4	36	स्पृहेरीप्सितः	spfherIpsitaH	SAMJNA
278	1	4	37	क्रुधद्रुहेर्ष्याऽसूयार्थानां यं प्रति कोपः	kruDadruherzyAsUyArTAnAM yaM prati kopaH	SAMJNA
279	1	4	38	क्रुधद्रुहोरुपसृष्टयोः कर्म	kruDadruhorupasfzwayoH karma	SAMJNA
280	1	4	39	राधीक्ष्योर्यस्य विप्रश्नः	rADIkzyoryasya vipraSnaH	SAMJNA
281	1	4	40	प्रत्याङ्भ्यां श्रुवः पूर्वस्य कर्ता	pratyANByAM SruvaH pUrvasya kartA	SAMJNA
282	1	4	41	अनुप्रतिगृणश्च	anupratigfRaSca	SAMJNA
283	1	4	42	साधकतमं करणम्	sADakatamaM karaRam	SAMJNA
284	1	4	43	दिवः कर्म च	divaH karma ca	SAMJNA
285	1	4	44	परिक्रयणे सम्प्रदानमन्यतरस्याम्	parikrayaRe sampradAnamanyatarasyAm	SAMJNA
286	1	4	45	आधारोऽधिकरणम्	ADAroDikaraRam	SAMJNA
287	1	4	46	अधिशीङ्स्थाऽऽसां कर्म	aDiSINsTAsAM karma	SAMJNA
288	1	4	47	अभिनिविशश्च	aBiniviSaSca	SAMJNA
289	1	4	48	उपान्वध्याङ्वसः	upAnvaDyANvasaH	SAMJNA
290	1	4	49	कर्तुरीप्सिततमं कर्म	karturIpsitatamaM karma	SAMJNA
291	1	4	50	तथायुक्तं चानीप्सितम्	taTAyuktaM cAnIpsitam	SAMJNA
292	1	4	51	अकथितं च	akaTitaM ca	SAMJNA
293	1	4	52	गतिबुद्धिप्रत्यवसानार्थशब्दकर्माकर्मकाणामणि कर्ता स णौ	gatibudDipratyavasAnArTaSabdakarmAkarmakARAmaRi kartA sa RO	SAMJNA
294	1	4	53	हृक्रोरन्यतरस्याम्	hfkroranyatarasyAm	SAMJNA
295	1	4	54	स्वतन्त्रः कर्ता	svatantraH kartA	SAMJNA
296	1	4	55	तत्प्रयोजको हेतुश्च	tatprayojako hetuSca	SAMJNA
297	1	4	56	प्राग्रीश्वरान्निपाताः	prAgrISvarAnnipAtAH	SAMJNA
298	1	4	57	चादयोऽसत्त्वे	cAdayosattve	SAMJNA
299	1	4	58	प्रादयः	prAdayaH	SAMJNA
300	1	4	59	उपसर्गाः क्रियायोगे	upasargAH kriyAyoge	SAMJNA
301	1	4	60	गतिश्च	gatiSca	SAMJNA
302	1	4	61	ऊर्यादिच्विडाचश्च	UryAdicviqAcaSca	SAMJNA
303	1	4	62	अनुकरणं चानितिपरम्	anukaraRaM cAnitiparam	SAMJNA
304	1	4	63	आदरानादरयोः सदसती	AdarAnAdarayoH sadasatI	SAMJNA
305	1	4	64	भूषणेऽलम्	BUzaRelam	SAMJNA
306	1	4	65	अन्तरपरिग्रहे	antaraparigrahe	SAMJNA
307	1	4	66	कणेमनसी श्रद्धाप्रतीघाते	kaRemanasI SradDApratIGAte	SAMJNA
308	1	4	67	पुरोऽव्ययम्	purovyayam	SAMJNA
309	1	4	68	अस्तं च	astaM ca	SAMJNA
310	1	4	69	अच्छ गत्यर्थवदेषु	acCa gatyarTavadezu	SAMJNA
311	1	4	70	अदोऽनुपदेशे	adonupadeSe	SAMJNA
312	1	4	71	तिरोऽन्तर्द्धौ	tirontardDO	SAMJNA
313	1	4	72	विभाषा कृञि	viBAzA kfYi	SAMJNA
314	1	4	73	उपाजेऽन्वाजे	upAjenvAje	SAMJNA
315	1	4	74	साक्षात्प्रभृतीनि च	sAkzAtpraBftIni ca	SAMJNA
316	1	4	75	अनत्याधान उरसिमनसी	anatyADAna urasimanasI	SAMJNA
317	1	4	76	मध्ये पदे निवचने च	maDye pade nivacane ca	SAMJNA
318	1	4	77	नित्यं हस्ते पाणावुपयमने	nityaM haste pARAvupayamane	SAMJNA
319	1	4	78	प्राध्वं बन्धने	prADvaM banDane	SAMJNA
320	1	4	79	जीविकोपनिषदावौपम्ये	jIvikopanizadAvOpamye	SAMJNA
321	1	4	80	ते प्राग्धातोः	te prAgDAtoH	SAMJNA
322	1	4	81	छन्दसि परेऽपि	Candasi parepi	SAMJNA
323	1	4	82	व्यवहिताश्च	vyavahitASca	SAMJNA
324	1	4	83	कर्मप्रवचनीयाः	karmapravacanIyAH	SAMJNA
325	1	4	84	अनुर्लक्षणे	anurlakzaRe	SAMJNA
326	1	4	85	तृतीयार्थे	tftIyArTe	SAMJNA
327	1	4	86	हीने	hIne	SAMJNA
328	1	4	87	उपोऽधिके च	upoDike ca	SAMJNA
329	1	4	88	अपपरी वर्जने	apaparI varjane	SAMJNA
330	1	4	89	आङ् मर्यादावचने	AN maryAdAvacane	SAMJNA
331	1	4	90	लक्षणेत्थम्भूताख्यानभागवीप्सासु प्रतिपर्यनवः	lakzaRetTamBUtAKyAnaBAgavIpsAsu pratiparyanavaH	SAMJNA
332	1	4	91	अभिरभागे	aBiraBAge	SAMJNA
333	1	4	92	प्रतिः प्रतिनिधिप्रतिदानयोः	pratiH pratiniDipratidAnayoH	SAMJNA
334	1	4	93	अधिपरी अनर्थकौ	aDiparI anarTakO	SAMJNA
335	1	4	94	सुः पूजायाम्	suH pUjAyAm	SAMJNA
336	1	4	95	अतिरतिक्रमणे च	atiratikramaRe ca	SAMJNA
337	1	4	96	अपिः पदार्थसम्भावनान्ववसर्गगर्हासमुच्चयेषु	apiH padArTasamBAvanAnvavasargagarhAsamuccayezu	SAMJNA
338	1	4	97	अधिरीश्वरे	aDirISvare	SAMJNA
339	1	4	98	विभाषा कृञि	viBAzA kfYi	SAMJNA
340	1	4	99	लः परस्मैपदम्	laH parasmEpadam	SAMJNA
341	1	4	100	तङानावात्मनेपदम्	taNAnAvAtmanepadam	SAMJNA
342	1	4	101	तिङस्त्रीणि त्रीणि प्रथममध्यमोत्तमाः	tiNastrIRi trIRi praTamamaDyamottamAH	SAMJNA
343	1	4	102	तान्येकवचनद्विवचनबहुवचनान्येकशः	tAnyekavacanadvivacanabahuvacanAnyekaSaH	SAMJNA
344	1	4	103	सुपः	supaH	SAMJNA
345	1	4	104	विभक्तिश्च	viBaktiSca	SAMJNA
346	1	4	105	युष्मद्युपपदे समानाधिकरणे स्थानिन्यपि मध्यमः	yuzmadyupapade samAnADikaraRe sTAninyapi maDyamaH	VIDHI
347	1	4	106	प्रहासे च मन्योपपदे मन्यतेरुत्तम एकवच्च	prahAse ca manyopapade manyateruttama ekavacca	VIDHI
348	1	4	107	अस्मद्युत्तमः	asmadyuttamaH	VIDHI
349	1	4	108	शेषे प्रथमः	Seze praTamaH	VIDHI
350	1	4	109	परः सन्निकर्षः संहिता	paraH sannikarzaH saMhitA	SAMJNA
351	1	4	110	विरामोऽवसानम्	virAmovasAnam	SAMJNA
352	2	1	1	समर्थः पदविधिः	samarTaH padaviDiH	PARIBHASHA
353	2	1	2	सुबामन्त्रिते पराङ्गवत् स्वरे	subAmantrite parANgavat svare	ADHIKARA
354	2	1	3	प्राक् कडारात् समासः	prAk kaqArAt samAsaH	SAMJNA
355	2	1	4	सह सुपा	saha supA	ADHIKARA
356	2	1	5	अव्ययीभावः	avyayIBAvaH	SAMJNA
357	2	1	6	अव्ययं विभक्तिसमीपसमृद्धिव्यृद्ध्यर्थाभावात्ययासम्प्रतिशब्दप्रादुर्भावपश्चाद्यथानुपूर्व्ययौगपद्यसादृश्यसम्पत्तिसाकल्यान्तवचनेषु	avyayaM viBaktisamIpasamfdDivyfdDyarTABAvAtyayAsampratiSabdaprAdurBAvapaScAdyaTAnupUrvyayOgapadyasAdfSyasampattisAkalyAntavacanezu	VIDHI
358	2	1	7	यथासादृश्ये	yaTAsAdfSye	VIDHI
359	2	1	8	यावदवधारणे	yAvadavaDAraRe	VIDHI
360	2	1	9	सुप्प्रतिना मात्रार्थे	suppratinA mAtrArTe	VIDHI
361	2	1	10	अक्षशलाकासंख्याः परिणा	akzaSalAkAsaMKyAH pariRA	VIDHI
362	2	1	11	विभाषा	viBAzA	ADHIKARA
363	2	1	12	अपपरिबहिरञ्चवः पञ्चम्या	apaparibahiraYcavaH paYcamyA	VIDHI
364	2	1	13	आङ् मर्यादाभिविध्योः	AN maryAdABiviDyoH	VIDHI
365	2	1	14	लक्षणेनाभिप्रती आभिमुख्ये	lakzaRenABipratI ABimuKye	VIDHI
366	2	1	15	अनुर्यत्समया	anuryatsamayA	VIDHI
367	2	1	16	यस्य चायामः	yasya cAyAmaH	VIDHI
368	2	1	17	तिष्ठद्गुप्रभृतीनि च	tizWadgupraBftIni ca	VIDHI
369	2	1	18	पारे मध्ये षष्ठ्या वा	pAre maDye zazWyA vA	VIDHI
370	2	1	19	संख्या वंश्येन	saMKyA vaMSyena	VIDHI
371	2	1	20	नदीभिश्च	nadIBiSca	VIDHI
372	2	1	21	अन्यपदार्थे च संज्ञायाम्	anyapadArTe ca saMjYAyAm	VIDHI
373	2	1	22	तत्पुरुषः	tatpuruzaH	SAMJNA
374	2	1	23	द्विगुश्च	dviguSca	SAMJNA
375	2	1	24	द्वितीया श्रितातीतपतितगतात्यस्तप्राप्तापन्नैः	dvitIyA SritAtItapatitagatAtyastaprAptApannEH	VIDHI
376	2	1	25	स्वयं क्तेन	svayaM ktena	VIDHI
377	2	1	26	खट्वा क्षेपे	KawvA kzepe	VIDHI
378	2	1	27	सामि	sAmi	VIDHI
379	2	1	28	कालाः	kAlAH	VIDHI
380	2	1	29	अत्यन्तसंयोगे च	atyantasaMyoge ca	VIDHI
381	2	1	30	तृतीया तत्कृतार्थेन गुणवचनेन	tftIyA tatkftArTena guRavacanena	VIDHI
382	2	1	31	पूर्वसदृशसमोनार्थकलहनिपुणमिश्रश्लक्ष्णैः	pUrvasadfSasamonArTakalahanipuRamiSraSlakzREH	VIDHI
383	2	1	32	कर्तृकरणे कृता बहुलम्	kartfkaraRe kftA bahulam	VIDHI
384	2	1	33	कृत्यैरधिकार्थवचने	kftyEraDikArTavacane	VIDHI
385	2	1	34	अन्नेन व्यञ्जनम्	annena vyaYjanam	VIDHI
386	2	1	35	भक्ष्येण मिश्रीकरणम्	BakzyeRa miSrIkaraRam	VIDHI
387	2	1	36	चतुर्थी तदर्थार्थबलिहितसुखरक्षितैः	caturTI tadarTArTabalihitasuKarakzitEH	VIDHI
388	2	1	37	पञ्चमी भयेन	paYcamI Bayena	VIDHI
389	2	1	38	अपेतापोढमुक्तपतितापत्रस्तैरल्पशः	apetApoQamuktapatitApatrastEralpaSaH	VIDHI
390	2	1	39	स्तोकान्तिकदूरार्थकृच्छ्राणि क्तेन	stokAntikadUrArTakfcCrARi ktena	VIDHI
391	2	1	40	सप्तमी शौण्डैः	saptamI SORqEH	VIDHI
392	2	1	41	सिद्धशुष्कपक्वबन्धैश्च	sidDaSuzkapakvabanDESca	VIDHI
393	2	1	42	ध्वाङ्क्षेण क्षेपे	DvANkzeRa kzepe	VIDHI
394	2	1	43	कृत्यैर्ऋणे	kftyErfRe	VIDHI
395	2	1	44	संज्ञायाम्	saMjYAyAm	VIDHI
396	2	1	45	क्तेनाहोरात्रावयवाः	ktenAhorAtrAvayavAH	VIDHI
397	2	1	46	तत्र	tatra	VIDHI
398	2	1	47	क्षेपे	kzepe	VIDHI
399	2	1	48	पात्रेसमितादयश्च	pAtresamitAdayaSca	VIDHI
400	2	1	49	पूर्वकालैकसर्वजरत्पुराणनवकेवलाः समानाधिकरणेन	pUrvakAlEkasarvajaratpurARanavakevalAH samAnADikaraRena	VIDHI
401	2	1	50	दिक्संख्ये संज्ञायाम्	diksaMKye saMjYAyAm	VIDHI
402	2	1	51	तद्धितार्थोत्तरपदसमाहारे च	tadDitArTottarapadasamAhAre ca	VIDHI
403	2	1	52	संख्यापूर्वो द्विगुः	saMKyApUrvo dviguH	VIDHI
404	2	1	53	कुत्सितानि कुत्सनैः	kutsitAni kutsanEH	VIDHI
405	2	1	54	पापाणके कुत्सितैः	pApARake kutsitEH	VIDHI
406	2	1	55	उपमानानि सामान्यवचनैः	upamAnAni sAmAnyavacanEH	VIDHI
407	2	1	56	उपमितं व्याघ्रादिभिः सामान्याप्रयोगे	upamitaM vyAGrAdiBiH sAmAnyAprayoge	VIDHI
408	2	1	57	विशेषणं विशेष्येण बहुलम्	viSezaRaM viSezyeRa bahulam	VIDHI
409	2	1	58	पूर्वापरप्रथमचरमजघन्यसमानमध्यमध्यमवीराश्च	pUrvAparapraTamacaramajaGanyasamAnamaDyamaDyamavIrASca	VIDHI
410	2	1	59	श्रेण्यादयः कृतादिभिः	SreRyAdayaH kftAdiBiH	VIDHI
411	2	1	60	क्तेन नञ्विशिष्टेनानञ्	ktena naYviSizwenAnaY	VIDHI
412	2	1	61	सन्महत्परमोत्तमोत्कृष्टाः पूज्यमानैः	sanmahatparamottamotkfzwAH pUjyamAnEH	VIDHI
413	2	1	62	वृन्दारकनागकुञ्जरैः पूज्यमानम्	vfndArakanAgakuYjarEH pUjyamAnam	VIDHI
414	2	1	63	कतरकतमौ जातिपरिप्रश्ने	katarakatamO jAtiparipraSne	VIDHI
415	2	1	64	किं क्षेपे	kiM kzepe	VIDHI
416	2	1	65	पोटायुवतिस्तोककतिपयगृष्टिधेनुवशावेहत्बष्कयणीप्रवक्तृश्रोत्रियाध्यापकधूर्तैर्जातिः	powAyuvatistokakatipayagfzwiDenuvaSAvehatbazkayaRIpravaktfSrotriyADyApakaDUrtErjAtiH	VIDHI
417	2	1	66	प्रशंसावचनैश्च	praSaMsAvacanESca	VIDHI
418	2	1	67	युवा खलतिपलितवलिनजरतीभिः	yuvA KalatipalitavalinajaratIBiH	VIDHI
419	2	1	68	कृत्यतुल्याख्या अजात्या	kftyatulyAKyA ajAtyA	VIDHI
420	2	1	69	वर्णो वर्णेन	varRo varRena	VIDHI
421	2	1	70	कुमारः श्रमणादिभिः	kumAraH SramaRAdiBiH	VIDHI
422	2	1	71	चतुष्पादो गर्भिण्या	catuzpAdo garBiRyA	VIDHI
423	2	1	72	मयूरव्यंसकादयश्च	mayUravyaMsakAdayaSca	VIDHI
424	2	2	1	पूर्वापराधरोत्तरमेकदेशिनैकाधिकरणे	pUrvAparADarottaramekadeSinEkADikaraRe	VIDHI
425	2	2	2	अर्धं नपुंसकम्	arDaM napuMsakam	VIDHI
426	2	2	3	द्वितीयतृतीयचतुर्थतुर्याण्यन्यतरस्याम्	dvitIyatftIyacaturTaturyARyanyatarasyAm	VIDHI
427	2	2	4	प्राप्तापन्ने च द्वितीयया	prAptApanne ca dvitIyayA	VIDHI
428	2	2	5	कालाः परिमाणिना	kAlAH parimARinA	VIDHI
429	2	2	6	नञ्	naY	VIDHI
430	2	2	7	ईषदकृता	IzadakftA	VIDHI
431	2	2	8	षष्ठी	zazWI	VIDHI
432	2	2	9	याजकादिभिश्च	yAjakAdiBiSca	VIDHI
433	2	2	10	न निर्धारणे	na nirDAraRe	VIDHI
434	2	2	11	पूरणगुणसुहितार्थसदव्ययतव्यसमानाधिकरणेन	pUraRaguRasuhitArTasadavyayatavyasamAnADikaraRena	VIDHI
435	2	2	12	क्तेन च पूजायाम्	ktena ca pUjAyAm	VIDHI
436	2	2	13	अधिकरणवाचिना च	aDikaraRavAcinA ca	VIDHI
437	2	2	14	कर्मणि च	karmaRi ca	VIDHI
438	2	2	15	तृजकाभ्यां कर्तरि	tfjakAByAM kartari	VIDHI
439	2	2	16	कर्तरि  च	kartari  ca	VIDHI
440	2	2	17	नित्यं क्रीडाजीविकयोः	nityaM krIqAjIvikayoH	VIDHI
441	2	2	18	कुगतिप्रादयः	kugatiprAdayaH	VIDHI
442	2	2	19	उपपदमतिङ्	upapadamatiN	VIDHI
443	2	2	20	अमैवाव्ययेन	amEvAvyayena	VIDHI
444	2	2	21	तृतीयाप्रभृतीन्यन्यतरस्याम्	tftIyApraBftInyanyatarasyAm	VIDHI
445	2	2	22	क्त्वा च	ktvA ca	VIDHI
446	2	2	23	शेषो बहुव्रीहिः	Sezo bahuvrIhiH	SAMJNA
447	2	2	24	अनेकमन्यपदार्थे	anekamanyapadArTe	VIDHI
448	2	2	25	संख्ययाऽव्ययासन्नादूराधिकसंख्याः संख्येये	saMKyayAvyayAsannAdUrADikasaMKyAH saMKyeye	VIDHI
449	2	2	26	दिङ्नामान्यन्तराले	diNnAmAnyantarAle	VIDHI
450	2	2	27	तत्र तेनेदमिति सरूपे	tatra tenedamiti sarUpe	VIDHI
451	2	2	28	तेन सहेति तुल्ययोगे	tena saheti tulyayoge	VIDHI
452	2	2	29	चार्थे द्वन्द्वः	cArTe dvandvaH	SAMJNA
453	2	2	30	उपसर्जनं पूर्वम्	upasarjanaM pUrvam	VIDHI
454	2	2	31	राजदन्तादिषु परम्	rAjadantAdizu param	VIDHI
455	2	2	32	द्वन्द्वे घि	dvandve Gi	VIDHI
456	2	2	33	अजाद्यदन्तम्	ajAdyadantam	VIDHI
457	2	2	34	अल्पाच्तरम्	alpActaram	VIDHI
458	2	2	35	सप्तमीविशेषणे बहुव्रीहौ	saptamIviSezaRe bahuvrIhO	VIDHI
459	2	2	36	निष्ठा	nizWA	VIDHI
460	2	2	37	वाहिताग्न्यादिषु	vAhitAgnyAdizu	VIDHI
461	2	2	38	कडाराः कर्मधारये	kaqArAH karmaDAraye	VIDHI
462	2	3	1	अनभिहिते	anaBihite	ADHIKARA
463	2	3	2	कर्मणि द्वितीया	karmaRi dvitIyA	VIDHI
464	2	3	3	तृतीया च होश्छन्दसि	tftIyA ca hoSCandasi	VIDHI
465	2	3	4	अन्तराऽन्तरेण युक्ते	antarAntareRa yukte	VIDHI
466	2	3	5	कालाध्वनोरत्यन्तसंयोगे	kAlADvanoratyantasaMyoge	VIDHI
467	2	3	6	अपवर्गे तृतीया	apavarge tftIyA	VIDHI
468	2	3	7	सप्तमीपञ्चम्यौ कारकमध्ये	saptamIpaYcamyO kArakamaDye	VIDHI
469	2	3	8	कर्मप्रवचनीययुक्ते द्वितीया	karmapravacanIyayukte dvitIyA	VIDHI
470	2	3	9	यस्मादधिकं यस्य चेश्वरवचनं तत्र सप्तमी	yasmAdaDikaM yasya ceSvaravacanaM tatra saptamI	VIDHI
471	2	3	10	पञ्चम्यपाङ्परिभिः	paYcamyapANpariBiH	VIDHI
472	2	3	11	प्रतिनिधिप्रतिदाने च यस्मात्	pratiniDipratidAne ca yasmAt	VIDHI
473	2	3	12	गत्यर्थकर्मणि द्वितीयाचतुर्थ्यौ चेष्टायामनध्वनि	gatyarTakarmaRi dvitIyAcaturTyO cezwAyAmanaDvani	VIDHI
474	2	3	13	चतुर्थी सम्प्रदाने	caturTI sampradAne	VIDHI
475	2	3	14	क्रियार्थोपपदस्य च कर्मणि स्थानिनः	kriyArTopapadasya ca karmaRi sTAninaH	VIDHI
476	2	3	15	तुमर्थाच्च भाववचनात्	tumarTAcca BAvavacanAt	VIDHI
477	2	3	16	नमःस्वस्तिस्वाहास्वधालम्वषड्योगाच्च	namaHsvastisvAhAsvaDAlamvazaqyogAcca	VIDHI
478	2	3	17	मन्यकर्मण्यनादरे विभाषाऽप्राणिषु	manyakarmaRyanAdare viBAzAprARizu	VIDHI
479	2	3	18	कर्तृकरणयोस्तृतीया	kartfkaraRayostftIyA	VIDHI
480	2	3	19	सहयुक्तेऽप्रधाने	sahayuktepraDAne	VIDHI
481	2	3	20	येनाङ्गविकारः	yenANgavikAraH	VIDHI
482	2	3	21	इत्थंभूतलक्षणे	itTaMBUtalakzaRe	VIDHI
483	2	3	22	संज्ञोऽन्यतरस्यां कर्मणि	saMjYonyatarasyAM karmaRi	VIDHI
484	2	3	23	हेतौ	hetO	VIDHI
485	2	3	24	अकर्तर्यृणे पञ्चमी	akartaryfRe paYcamI	VIDHI
486	2	3	25	विभाषा गुणेऽस्त्रियाम्	viBAzA guRestriyAm	VIDHI
487	2	3	26	षष्ठी हेतुप्रयोगे	zazWI hetuprayoge	VIDHI
488	2	3	27	सर्वनाम्नस्तृतीया च	sarvanAmnastftIyA ca	VIDHI
489	2	3	28	अपादाने पञ्चमी	apAdAne paYcamI	VIDHI
490	2	3	29	अन्यारादितरर्तेदिक्छब्दाञ्चूत्तरपदाजाहियुक्ते	anyArAditarartedikCabdAYcUttarapadAjAhiyukte	VIDHI
491	2	3	30	षष्ठ्यतसर्थप्रत्ययेन	zazWyatasarTapratyayena	VIDHI
492	2	3	31	एनपा द्वितीया	enapA dvitIyA	VIDHI
493	2	3	32	पृथग्विनानानाभिस्तृतीयाऽन्यतरस्याम्	pfTagvinAnAnABistftIyAnyatarasyAm	VIDHI
494	2	3	33	करणे च स्तोकाल्पकृच्छ्रकतिपयस्यासत्त्ववचनस्य	karaRe ca stokAlpakfcCrakatipayasyAsattvavacanasya	VIDHI
495	2	3	34	दूरान्तिकार्थैः षष्ठ्यन्यतरस्याम्	dUrAntikArTEH zazWyanyatarasyAm	VIDHI
496	2	3	35	दूरान्तिकार्थेभ्यो द्वितीया च	dUrAntikArTeByo dvitIyA ca	VIDHI
497	2	3	36	सप्तम्यधिकरणे च	saptamyaDikaraRe ca	VIDHI
498	2	3	37	यस्य च भावेन भावलक्षणम्	yasya ca BAvena BAvalakzaRam	VIDHI
499	2	3	38	षष्ठी चानादरे	zazWI cAnAdare	VIDHI
500	2	3	39	स्वामीश्वराधिपतिदायादसाक्षिप्रतिभूप्रसूतैश्च	svAmISvarADipatidAyAdasAkzipratiBUprasUtESca	VIDHI
501	2	3	40	आयुक्तकुशलाभ्यां चासेवायाम्	AyuktakuSalAByAM cAsevAyAm	VIDHI
502	2	3	41	यतश्च निर्धारणम्	yataSca nirDAraRam	VIDHI
503	2	3	42	पञ्चमी विभक्ते	paYcamI viBakte	VIDHI
504	2	3	43	साधुनिपुणाभ्यामर्चायां सप्तम्यप्रतेः	sADunipuRAByAmarcAyAM saptamyaprateH	VIDHI
505	2	3	44	प्रसितोत्सुकाभ्यां तृतीया च	prasitotsukAByAM tftIyA ca	VIDHI
506	2	3	45	नक्षत्रे च लुपि	nakzatre ca lupi	VIDHI
507	2	3	46	प्रातिपदिकार्थलिङ्गपरिमाणवचनमात्रे प्रथमा	prAtipadikArTaliNgaparimARavacanamAtre praTamA	VIDHI
508	2	3	47	सम्बोधने च	samboDane ca	VIDHI
509	2	3	48	सामन्त्रितम्	sAmantritam	SAMJNA
510	2	3	49	एकवचनं संबुद्धिः	ekavacanaM saMbudDiH	SAMJNA
511	2	3	50	षष्ठी शेषे	zazWI Seze	VIDHI
512	2	3	51	ज्ञोऽविदर्थस्य करणे	jYovidarTasya karaRe	VIDHI
513	2	3	52	अधीगर्थदयेशां कर्मणि	aDIgarTadayeSAM karmaRi	VIDHI
514	2	3	53	कृञः प्रतियत्ने	kfYaH pratiyatne	VIDHI
515	2	3	54	रुजार्थानां भाववचनानामज्वरेः	rujArTAnAM BAvavacanAnAmajvareH	VIDHI
516	2	3	55	आशिषि नाथः	ASizi nATaH	VIDHI
517	2	3	56	जासिनिप्रहणनाटक्राथपिषां हिंसायाम्	jAsiniprahaRanAwakrATapizAM hiMsAyAm	VIDHI
518	2	3	57	व्यवहृपणोः समर्थयोः	vyavahfpaRoH samarTayoH	VIDHI
519	2	3	58	दिवस्तदर्थस्य	divastadarTasya	VIDHI
520	2	3	59	विभाषोपसर्गे	viBAzopasarge	VIDHI
521	2	3	60	द्वितीया ब्राह्मणे	dvitIyA brAhmaRe	VIDHI
522	2	3	61	प्रेष्यब्रुवोर्हविषो देवतासम्प्रदाने	prezyabruvorhavizo devatAsampradAne	VIDHI
523	2	3	62	चतुर्थ्यर्थे बहुलं छन्दसि	caturTyarTe bahulaM Candasi	VIDHI
524	2	3	63	यजेश्च करणे	yajeSca karaRe	VIDHI
525	2	3	64	कृत्वोऽर्थप्रयोगे कालेऽधिकरणे	kftvorTaprayoge kAleDikaraRe	VIDHI
526	2	3	65	कर्तृकर्मणोः कृति	kartfkarmaRoH kfti	VIDHI
527	2	3	66	उभयप्राप्तौ कर्मणि	uBayaprAptO karmaRi	VIDHI
528	2	3	67	क्तस्य च वर्तमाने	ktasya ca vartamAne	VIDHI
529	2	3	68	अधिकरणवाचिनश्च	aDikaraRavAcinaSca	VIDHI
530	2	3	69	न लोकाव्ययनिष्ठाखलर्थतृनाम्	na lokAvyayanizWAKalarTatfnAm	VIDHI
531	2	3	70	अकेनोर्भविष्यदाधमर्ण्ययोः	akenorBavizyadADamarRyayoH	VIDHI
532	2	3	71	कृत्यानां कर्तरि वा	kftyAnAM kartari vA	VIDHI
533	2	3	72	तुल्यार्थैरतुलोपमाभ्यां तृतीयाऽन्यतरस्याम्	tulyArTEratulopamAByAM tftIyAnyatarasyAm	VIDHI
534	2	3	73	चतुर्थी चाशिष्यायुष्यमद्रभद्रकुशलसुखार्थहितैः	caturTI cASizyAyuzyamadraBadrakuSalasuKArTahitEH	VIDHI
535	2	4	1	द्विगुरेकवचनम्	dvigurekavacanam	ADHIKARA
536	2	4	2	द्वन्द्वश्च प्राणितूर्यसेनाङ्गानाम्	dvandvaSca prARitUryasenANgAnAm	VIDHI
537	2	4	3	अनुवादे चरणानाम्	anuvAde caraRAnAm	VIDHI
538	2	4	4	अध्वर्युक्रतुरनपुंसकम्	aDvaryukraturanapuMsakam	VIDHI
539	2	4	5	अध्ययनतोऽविप्रकृष्टाख्यानाम्	aDyayanatoviprakfzwAKyAnAm	VIDHI
540	2	4	6	जातिरप्राणिनाम्	jAtiraprARinAm	VIDHI
541	2	4	7	विशिष्टलिङ्गो नदी देशोऽग्रामाः	viSizwaliNgo nadI deSogrAmAH	VIDHI
542	2	4	8	क्षुद्रजन्तवः	kzudrajantavaH	VIDHI
543	2	4	9	येषां च विरोधः शाश्वतिकः	yezAM ca viroDaH SASvatikaH	VIDHI
544	2	4	10	शूद्राणामनिरवसितानाम्	SUdrARAmaniravasitAnAm	VIDHI
545	2	4	11	गवाश्वप्रभृतीनि च	gavASvapraBftIni ca	VIDHI
546	2	4	12	विभाषा वृक्षमृगतृणधान्यव्यञ्जनपशुशकुन्यश्ववडवपूर्वापराधरोत्तराणाम्	viBAzA vfkzamfgatfRaDAnyavyaYjanapaSuSakunyaSvavaqavapUrvAparADarottarARAm	VIDHI
547	2	4	13	विप्रतिषिद्धं चानधिकरणवाचि	vipratizidDaM cAnaDikaraRavAci	VIDHI
548	2	4	14	न दधिपयआदीनि	na daDipayaAdIni	VIDHI
549	2	4	15	अधिकरणैतावत्त्वे च	aDikaraREtAvattve ca	VIDHI
550	2	4	16	विभाषा समीपे	viBAzA samIpe	VIDHI
551	2	4	17	स नपुंसकम्	sa napuMsakam	VIDHI
552	2	4	18	अव्ययीभावश्च	avyayIBAvaSca	VIDHI
553	2	4	19	तत्पुरुषोऽनञ् कर्मधारयः	tatpuruzonaY karmaDArayaH	ADHIKARA
554	2	4	20	संज्ञायां कन्थोशीनरेषु	saMjYAyAM kanToSInarezu	VIDHI
555	2	4	21	उपज्ञोपक्रमं तदाद्याचिख्यासायाम्	upajYopakramaM tadAdyAciKyAsAyAm	VIDHI
556	2	4	22	छाया बाहुल्ये	CAyA bAhulye	VIDHI
557	2	4	23	सभा राजामनुष्यपूर्वा	saBA rAjAmanuzyapUrvA	VIDHI
558	2	4	24	अशाला च	aSAlA ca	VIDHI
559	2	4	25	विभाषा सेनासुराच्छायाशालानिशानाम्	viBAzA senAsurAcCAyASAlAniSAnAm	VIDHI
560	2	4	26	परवल्लिङ्गं द्वन्द्वतत्पुरुषयोः	paravalliNgaM dvandvatatpuruzayoH	ADHIKARA
561	2	4	27	पूर्ववदश्ववडवौ	pUrvavadaSvavaqavO	VIDHI
562	2	4	28	हेमन्तशिशिरावहोरात्रे च च्छन्दसि	hemantaSiSirAvahorAtre ca cCandasi	VIDHI
563	2	4	29	रात्राह्नाहाः पुंसि	rAtrAhnAhAH puMsi	VIDHI
564	2	4	30	अपथं नपुंसकम्	apaTaM napuMsakam	VIDHI
565	2	4	31	अर्धर्चाः पुंसि च	arDarcAH puMsi ca	VIDHI
566	2	4	32	इदमोऽन्वादेशेऽशनुदात्तस्तृतीयादौ	idamonvAdeSeSanudAttastftIyAdO	VIDHI
567	2	4	33	एतदस्त्रतसोस्त्रतसौ चानुदात्तौ	etadastratasostratasO cAnudAttO	VIDHI
568	2	4	34	द्वितीयाटौस्स्वेनः	dvitIyAwOssvenaH	VIDHI
569	2	4	35	आर्धधातुके	ArDaDAtuke	ADHIKARA
570	2	4	36	अदो जग्धिर्ल्यप्ति किति	ado jagDirlyapti kiti	VIDHI
571	2	4	37	लुङ्सनोर्घसॢ	luNsanorGasx	VIDHI
572	2	4	38	घञपोश्च	GaYapoSca	VIDHI
573	2	4	39	बहुलं छन्दसि	bahulaM Candasi	VIDHI
574	2	4	40	लिट्यन्यतरस्याम्	liwyanyatarasyAm	VIDHI
575	2	4	41	वेञो वयिः	veYo vayiH	VIDHI
576	2	4	42	हनो वध लिङि	hano vaDa liNi	VIDHI
577	2	4	43	लुङि च	luNi ca	VIDHI
578	2	4	44	आत्मनेपदेष्वन्यतरस्याम्	AtmanepadezvanyatarasyAm	VIDHI
579	2	4	45	इणो गा लुङि	iRo gA luNi	VIDHI
580	2	4	46	णौ गमिरबोधने	RO gamiraboDane	VIDHI
581	2	4	47	सनि च	sani ca	VIDHI
582	2	4	48	इङश्च	iNaSca	VIDHI
583	2	4	49	गाङ् लिटि	gAN liwi	VIDHI
584	2	4	50	विभाषा लुङ्लृङोः	viBAzA luNlfNoH	VIDHI
585	2	4	51	णौ च संश्चङोः	RO ca saMScaNoH	VIDHI
586	2	4	52	अस्तेर्भूः	asterBUH	VIDHI
587	2	4	53	ब्रुवो वचिः	bruvo vaciH	VIDHI
588	2	4	54	चक्षिङः ख्याञ्	cakziNaH KyAY	VIDHI
589	2	4	55	वा लिटि	vA liwi	VIDHI
590	2	4	56	अजेर्व्यघञपोः	ajervyaGaYapoH	VIDHI
591	2	4	57	वा यौ	vA yO	VIDHI
592	2	4	58	ण्यक्षत्रियार्षञितो यूनि लुगणिञोः	RyakzatriyArzaYito yUni lugaRiYoH	VIDHI
593	2	4	59	पैलादिभ्यश्च	pElAdiByaSca	VIDHI
594	2	4	60	इञः प्राचाम्	iYaH prAcAm	VIDHI
595	2	4	61	न तौल्वलिभ्यः	na tOlvaliByaH	VIDHI
596	2	4	62	तद्राजस्य बहुषु तेनैवास्त्रियाम्	tadrAjasya bahuzu tenEvAstriyAm	VIDHI
597	2	4	63	यस्कादिभ्यो गोत्रे	yaskAdiByo gotre	VIDHI
598	2	4	64	यञञोश्च	yaYaYoSca	VIDHI
599	2	4	65	अत्रिभृगुकुत्सवसिष्ठगोतमाङ्गिरोभ्यश्च	atriBfgukutsavasizWagotamANgiroByaSca	VIDHI
600	2	4	66	बह्वचः इञः प्राच्यभरतेषु	bahvacaH iYaH prAcyaBaratezu	VIDHI
601	2	4	67	न गोपवनादिभ्यः	na gopavanAdiByaH	VIDHI
602	2	4	68	तिककितवादिभ्यो द्वन्द्वे	tikakitavAdiByo dvandve	VIDHI
603	2	4	69	उपकादिभ्योऽन्यतरस्यामद्वन्द्वे	upakAdiByonyatarasyAmadvandve	VIDHI
604	2	4	70	आगस्त्यकौण्डिन्ययोरगस्तिकुण्डिनच्	AgastyakORqinyayoragastikuRqinac	VIDHI
605	2	4	71	सुपो धातुप्रातिपदिकयोः	supo DAtuprAtipadikayoH	VIDHI
606	2	4	72	अदिप्रभृतिभ्यः शपः	adipraBftiByaH SapaH	VIDHI
607	2	4	73	बहुलं छन्दसि	bahulaM Candasi	VIDHI
608	2	4	74	यङोऽचि च	yaNoci ca	VIDHI
609	2	4	75	जुहोत्यादिभ्यः श्लुः	juhotyAdiByaH SluH	VIDHI
610	2	4	76	बहुलं छन्दसि	bahulaM Candasi	VIDHI
611	2	4	77	गातिस्थाघुपाभूभ्यः सिचः परस्मैपदेषु	gAtisTAGupABUByaH sicaH parasmEpadezu	VIDHI
612	2	4	78	विभाषा घ्राधेट्शाच्छासः	viBAzA GrADewSAcCAsaH	VIDHI
613	2	4	79	तनादिभ्यस्तथासोः	tanAdiByastaTAsoH	VIDHI
614	2	4	80	मन्त्रे घसह्वरणशवृदहाद्वृच्कृगमिजनिभ्यो लेः	mantre GasahvaraRaSavfdahAdvfckfgamijaniByo leH	VIDHI
615	2	4	81	आमः	AmaH	VIDHI
616	2	4	82	अव्ययादाप्सुपः	avyayAdApsupaH	VIDHI
617	2	4	83	नाव्ययीभावादतोऽम्त्वपञ्चम्याः	nAvyayIBAvAdatomtvapaYcamyAH	VIDHI
618	2	4	84	तृतीयासप्तम्योर्बहुलम्	tftIyAsaptamyorbahulam	VIDHI
619	2	4	85	लुटः प्रथमस्य डारौरसः	luwaH praTamasya qArOrasaH	VIDHI
620	3	1	1	प्रत्ययः	pratyayaH	SAMJNA
621	3	1	2	परश्च	paraSca	ADHIKARA
622	3	1	3	आद्युदात्तश्च	AdyudAttaSca	ADHIKARA
623	3	1	4	अनुदात्तौ सुप्पितौ	anudAttO suppitO	VIDHI
624	3	1	5	गुप्तिज्किद्भ्यः सन्	guptijkidByaH san	VIDHI
625	3	1	6	मान्बधदान्शान्भ्यो दीर्घश्चाभ्यासस्य	mAnbaDadAnSAnByo dIrGaScAByAsasya	VIDHI
626	3	1	7	धातोः कर्मणः समानकर्तृकादिच्छायां वा	DAtoH karmaRaH samAnakartfkAdicCAyAM vA	VIDHI
627	3	1	8	सुप आत्मनः क्यच्	supa AtmanaH kyac	VIDHI
628	3	1	9	काम्यच्च	kAmyacca	VIDHI
629	3	1	10	उपमानादाचारे	upamAnAdAcAre	VIDHI
630	3	1	11	कर्तुः क्यङ् सलोपश्च	kartuH kyaN salopaSca	VIDHI
631	3	1	12	भृशादिभ्यो भुव्यच्वेर्लोपश्च हलः	BfSAdiByo BuvyacverlopaSca halaH	VIDHI
632	3	1	13	लोहितादिडाज्भ्यः क्यष्	lohitAdiqAjByaH kyaz	VIDHI
633	3	1	14	कष्टाय क्रमणे	kazwAya kramaRe	VIDHI
634	3	1	15	कर्मणो रोमन्थतपोभ्यां वर्तिचरोः	karmaRo romanTatapoByAM varticaroH	VIDHI
635	3	1	16	बाष्पोष्मभ्यामुद्वमने	bAzpozmaByAmudvamane	VIDHI
636	3	1	17	शब्दवैरकलहाभ्रकण्वमेघेभ्यः करणे	SabdavErakalahABrakaRvameGeByaH karaRe	VIDHI
637	3	1	18	सुखादिभ्यः कर्तृवेदनायाम्	suKAdiByaH kartfvedanAyAm	VIDHI
638	3	1	19	नमोवरिवश्चित्रङः क्यच्	namovarivaScitraNaH kyac	VIDHI
639	3	1	20	पुच्छभाण्डचीवराण्णिङ्	pucCaBARqacIvarARRiN	VIDHI
640	3	1	21	मुण्डमिश्रश्लक्ष्णलवणव्रतवस्त्रहलकलकृततूस्तेभ्यो णिच्	muRqamiSraSlakzRalavaRavratavastrahalakalakftatUsteByo Ric	VIDHI
641	3	1	22	धातोरेकाचो हलादेः क्रियासमभिहारे यङ्	DAtorekAco halAdeH kriyAsamaBihAre yaN	ADHIKARA
642	3	1	23	नित्यं कौटिल्ये गतौ	nityaM kOwilye gatO	VIDHI
643	3	1	24	लुपसदचरजपजभदहदशगॄभ्यो भावगर्हायाम्	lupasadacarajapajaBadahadaSagFByo BAvagarhAyAm	VIDHI
644	3	1	25	सत्यापपाशरूपवीणातूलश्लोकसेनालोमत्वचवर्मवर्णचूर्णचुरादिभ्यो णिच्	satyApapASarUpavIRAtUlaSlokasenAlomatvacavarmavarRacUrRacurAdiByo Ric	VIDHI
645	3	1	26	हेतुमति च	hetumati ca	VIDHI
646	3	1	27	कण्ड्वादिभ्यो यक्	kaRqvAdiByo yak	VIDHI
647	3	1	28	गुपूधूपविच्छिपणिपनिभ्य आयः	gupUDUpavicCipaRipaniBya AyaH	VIDHI
648	3	1	29	ऋतेरीयङ्	fterIyaN	VIDHI
649	3	1	30	कमेर्णिङ्	kamerRiN	VIDHI
650	3	1	31	आयादय आर्धधातुके वा	AyAdaya ArDaDAtuke vA	VIDHI
651	3	1	32	सनाद्यन्ता धातवः	sanAdyantA DAtavaH	SAMJNA
652	3	1	33	स्यतासी लृलुटोः	syatAsI lfluwoH	VIDHI
653	3	1	34	सिब्बहुलं लेटि	sibbahulaM lewi	VIDHI
654	3	1	35	कास्प्रत्ययादाममन्त्रे लिटि	kAspratyayAdAmamantre liwi	VIDHI
655	3	1	36	इजादेश्च गुरुमतोऽनृच्छः	ijAdeSca gurumatonfcCaH	VIDHI
656	3	1	37	दयायासश्च	dayAyAsaSca	VIDHI
657	3	1	38	उषविदजागृभ्योऽन्यतरस्याम्	uzavidajAgfByonyatarasyAm	VIDHI
658	3	1	39	भीह्रीभृहुवां श्लुवच्च	BIhrIBfhuvAM Sluvacca	VIDHI
659	3	1	40	कृञ् चानुप्रयुज्यते लिटि	kfY cAnuprayujyate liwi	VIDHI
660	3	1	41	विदाङ्कुर्वन्त्वित्यन्यतरस्याम्	vidANkurvantvityanyatarasyAm	VIDHI
661	3	1	42	अभ्युत्सादयांप्रजनयांचिकयांरमयामकः पावयांक्रियाद्विदामक्रन्निति च्छन्दसि	aByutsAdayAMprajanayAMcikayAMramayAmakaH pAvayAMkriyAdvidAmakranniti cCandasi	VIDHI
662	3	1	43	च्लि लुङि	cli luNi	VIDHI
663	3	1	44	च्लेः सिच्	cleH sic	VIDHI
664	3	1	45	शल इगुपधादनिटः क्सः	Sala igupaDAdaniwaH ksaH	VIDHI
665	3	1	46	श्लिष आलिङ्गने	Sliza AliNgane	VIDHI
666	3	1	47	न दृशः	na dfSaH	VIDHI
667	3	1	48	णिश्रिद्रुस्रुभ्यः कर्तरि चङ्	RiSridrusruByaH kartari caN	VIDHI
668	3	1	49	विभाषा धेट्श्व्योः	viBAzA DewSvyoH	VIDHI
669	3	1	50	गुपेश्छन्दसि	gupeSCandasi	VIDHI
670	3	1	51	नोनयतिध्वनयत्येलयत्यर्दयतिभ्यः	nonayatiDvanayatyelayatyardayatiByaH	VIDHI
671	3	1	52	अस्यतिवक्तिख्यातिभ्योऽङ्	asyativaktiKyAtiByoN	VIDHI
672	3	1	53	लिपिसिचिह्वश्च	lipisicihvaSca	VIDHI
673	3	1	54	आत्मनेपदेष्वन्यतरस्याम्	AtmanepadezvanyatarasyAm	VIDHI
674	3	1	55	पुषादिद्युताद्यॢदितः परस्मैपदेषु	puzAdidyutAdyxditaH parasmEpadezu	VIDHI
675	3	1	56	सर्त्तिशास्त्यर्तिभ्यश्च	sarttiSAstyartiByaSca	VIDHI
676	3	1	57	इरितो वा	irito vA	VIDHI
677	3	1	58	जॄस्तम्भुम्रुचुम्लुचुग्रुचुग्लुचुग्लुञ्चुश्विभ्यश्च	jFstamBumrucumlucugrucuglucugluYcuSviByaSca	VIDHI
678	3	1	59	कृमृदृरुहिभ्यश्छन्दसि	kfmfdfruhiByaSCandasi	VIDHI
679	3	1	60	चिण् ते पदः	ciR te padaH	VIDHI
680	3	1	61	दीपजनबुधपूरितायिप्यायिभ्योऽन्यतरस्याम्	dIpajanabuDapUritAyipyAyiByonyatarasyAm	VIDHI
681	3	1	62	अचः कर्मकर्तरि	acaH karmakartari	VIDHI
682	3	1	63	दुहश्च	duhaSca	VIDHI
683	3	1	64	न रुधः	na ruDaH	VIDHI
684	3	1	65	तपोऽनुतापे च	taponutApe ca	VIDHI
685	3	1	66	चिण् भावकर्मणोः	ciR BAvakarmaRoH	VIDHI
686	3	1	67	सार्वधातुके यक्	sArvaDAtuke yak	VIDHI
687	3	1	68	कर्तरि शप्	kartari Sap	VIDHI
688	3	1	69	दिवादिभ्यः श्यन्	divAdiByaH Syan	VIDHI
689	3	1	70	वा भ्राशभ्लाशभ्रमुक्रमुक्लमुत्रसित्रुटिलषः	vA BrASaBlASaBramukramuklamutrasitruwilazaH	VIDHI
690	3	1	71	यसोऽनुपसर्गात्	yasonupasargAt	VIDHI
691	3	1	72	संयसश्च	saMyasaSca	VIDHI
692	3	1	73	स्वादिभ्यः श्नुः	svAdiByaH SnuH	VIDHI
693	3	1	74	श्रुवः शृ च	SruvaH Sf ca	VIDHI
694	3	1	75	अक्षोऽन्यतरस्याम्	akzonyatarasyAm	VIDHI
695	3	1	76	तनूकरणे तक्षः	tanUkaraRe takzaH	VIDHI
696	3	1	77	तुदादिभ्यः शः	tudAdiByaH SaH	VIDHI
697	3	1	78	रुधादिभ्यः श्नम्	ruDAdiByaH Snam	VIDHI
698	3	1	79	तनादिकृञ्भ्य उः	tanAdikfYBya uH	VIDHI
699	3	1	80	धिन्विकृण्व्योर च	DinvikfRvyora ca	VIDHI
700	3	1	81	क्र्यादिभ्यः श्ना	kryAdiByaH SnA	VIDHI
701	3	1	82	स्तन्भुस्तुन्भुस्कन्भुस्कुन्भुस्कुञ्भ्यः श्नुश्च	stanBustunBuskanBuskunBuskuYByaH SnuSca	VIDHI
702	3	1	83	हलः श्नः शानज्झौ	halaH SnaH SAnajJO	VIDHI
703	3	1	84	छन्दसि शायजपि	Candasi SAyajapi	VIDHI
704	3	1	85	व्यत्ययो बहुलम्	vyatyayo bahulam	VIDHI
705	3	1	86	लिङ्याशिष्यङ्	liNyASizyaN	VIDHI
706	3	1	87	कर्मवत् कर्मणा तुल्यक्रियः	karmavat karmaRA tulyakriyaH	ADHIKARA
707	3	1	88	तपस्तपःकर्मकस्यैव	tapastapaHkarmakasyEva	VIDHI
708	3	1	89	न दुहस्नुनमां यक्चिणौ	na duhasnunamAM yakciRO	VIDHI
709	3	1	90	कुषिरजोः प्राचां श्यन् परस्मैपदं च	kuzirajoH prAcAM Syan parasmEpadaM ca	VIDHI
710	3	1	91	धातोः	DAtoH	ADHIKARA
711	3	1	92	तत्रोपपदं सप्तमीस्थम्	tatropapadaM saptamIsTam	SAMJNA
712	3	1	93	कृदतिङ्	kfdatiN	SAMJNA
713	3	1	94	वाऽसरूपोऽस्त्रियाम्	vAsarUpostriyAm	PARIBHASHA
714	3	1	95	कृत्याः	kftyAH	SAMJNA
715	3	1	96	तव्यत्तव्यानीयरः	tavyattavyAnIyaraH	VIDHI
716	3	1	97	अचो यत्	aco yat	ADHIKARA
717	3	1	98	पोरदुपधात्	poradupaDAt	VIDHI
718	3	1	99	शकिसहोश्च	SakisahoSca	VIDHI
719	3	1	100	गदमदचरयमश्चानुपसर्गे	gadamadacarayamaScAnupasarge	VIDHI
720	3	1	101	अवद्यपण्यवर्या गर्ह्यपणितव्यानिरोधेषु	avadyapaRyavaryA garhyapaRitavyAniroDezu	VIDHI
721	3	1	102	वह्यं करणम्	vahyaM karaRam	VIDHI
722	3	1	103	अर्यः स्वामिवैश्ययोः	aryaH svAmivESyayoH	VIDHI
723	3	1	104	उपसर्या काल्या प्रजने	upasaryA kAlyA prajane	VIDHI
724	3	1	105	अजर्यं संगतम्	ajaryaM saMgatam	VIDHI
725	3	1	106	वदः सुपि क्यप् च	vadaH supi kyap ca	VIDHI
726	3	1	107	भुवो भावे	Buvo BAve	VIDHI
727	3	1	108	हनस्त च	hanasta ca	VIDHI
728	3	1	109	एतिस्तुशास्वृदृजुषः क्यप्	etistuSAsvfdfjuzaH kyap	VIDHI
729	3	1	110	ऋदुपधाच्चाकॢपिचृतेः	fdupaDAccAkxpicfteH	VIDHI
730	3	1	111	ई च खनः	I ca KanaH	VIDHI
731	3	1	112	भृञोऽसंज्ञायाम्	BfYosaMjYAyAm	VIDHI
732	3	1	113	मृजेर्विभाषा	mfjerviBAzA	VIDHI
733	3	1	114	राजसूयसूर्यमृषोद्यरुच्यकुप्यकृष्टपच्याव्यथ्याः	rAjasUyasUryamfzodyarucyakupyakfzwapacyAvyaTyAH	VIDHI
734	3	1	115	भिद्योद्ध्यौ नदे	BidyodDyO nade	VIDHI
735	3	1	116	पुष्यसिद्ध्यौ नक्षत्रे	puzyasidDyO nakzatre	VIDHI
736	3	1	117	विपूयविनीयजित्या मुञ्जकल्कहलिषु	vipUyavinIyajityA muYjakalkahalizu	VIDHI
737	3	1	118	प्रत्यपिभ्यां ग्रहेश्छन्दसि	pratyapiByAM graheSCandasi	VIDHI
738	3	1	119	पदास्वैरिबाह्यापक्ष्येषु च	padAsvEribAhyApakzyezu ca	VIDHI
739	3	1	120	विभाषा कृवृषोः	viBAzA kfvfzoH	VIDHI
740	3	1	121	युग्यं च पत्रे	yugyaM ca patre	VIDHI
741	3	1	122	अमावस्यदन्यतरस्याम्	amAvasyadanyatarasyAm	VIDHI
742	3	1	123	छन्दसि निष्टर्क्यदेवहूयप्रणीयोन्नीयोच्छिष्यमर्यस्तर्याध्वर्यखन्यखान्यदेवयज्यापृच्छ्यप्रतिषीव्यब्रह्मवाद्यभाव्यस्ताव्योपचाय्यपृडानि	Candasi nizwarkyadevahUyapraRIyonnIyocCizyamaryastaryADvaryaKanyaKAnyadevayajyApfcCyapratizIvyabrahmavAdyaBAvyastAvyopacAyyapfqAni	VIDHI
743	3	1	124	ऋहलोर्ण्यत्	fhalorRyat	VIDHI
744	3	1	125	ओरावश्यके	orAvaSyake	VIDHI
745	3	1	126	आसुयुवपिरपिलपित्रपिचमश्च	AsuyuvapirapilapitrapicamaSca	VIDHI
746	3	1	127	आनाय्योऽनित्ये	AnAyyonitye	VIDHI
747	3	1	128	प्रणाय्योऽसंमतौ	praRAyyosaMmatO	VIDHI
748	3	1	129	पाय्यसान्नाय्यनिकाय्यधाय्या मानहविर्निवाससामिधेनीषु	pAyyasAnnAyyanikAyyaDAyyA mAnahavirnivAsasAmiDenIzu	VIDHI
749	3	1	130	क्रतौ कुण्डपाय्यसंचाय्यौ	kratO kuRqapAyyasaMcAyyO	VIDHI
750	3	1	131	अग्नौ परिचाय्योपचाय्यसमूह्याः	agnO paricAyyopacAyyasamUhyAH	VIDHI
751	3	1	132	चित्याग्निचित्ये च	cityAgnicitye ca	VIDHI
752	3	1	133	ण्वुल्तृचौ	RvultfcO	VIDHI
753	3	1	134	नन्दिग्रहिपचादिभ्यो ल्युणिन्यचः	nandigrahipacAdiByo lyuRinyacaH	VIDHI
754	3	1	135	इगुपधज्ञाप्रीकिरः कः	igupaDajYAprIkiraH kaH	VIDHI
755	3	1	136	आतश्चोपसर्गे	AtaScopasarge	VIDHI
756	3	1	137	पाघ्राध्माधेट्दृशः शः	pAGrADmADewdfSaH SaH	VIDHI
757	3	1	138	अनुपसर्गाल्लिम्पविन्दधारिपारिवेद्युदेजिचेतिसातिसाहिभ्यश्च	anupasargAllimpavindaDAripArivedyudejicetisAtisAhiByaSca	VIDHI
758	3	1	139	ददातिदधात्योर्विभाषा	dadAtidaDAtyorviBAzA	VIDHI
759	3	1	140	ज्वलितिकसन्तेभ्यो णः	jvalitikasanteByo RaH	VIDHI
760	3	1	141	श्याद्व्यधास्रुसंस्र्वतीणवसाऽवहृलिहश्लिषश्वसश्च	SyAdvyaDAsrusaMsrvatIRavasAvahflihaSlizaSvasaSca	VIDHI
761	3	1	142	दुन्योरनुपसर्गे	dunyoranupasarge	VIDHI
762	3	1	143	विभाषा ग्रहः	viBAzA grahaH	VIDHI
763	3	1	144	गेहे कः	gehe kaH	VIDHI
764	3	1	145	शिल्पिनि ष्वुन्	Silpini zvun	VIDHI
765	3	1	146	गस्थकन्	gasTakan	VIDHI
766	3	1	147	ण्युट् च	Ryuw ca	VIDHI
767	3	1	148	हश्च व्रीहिकालयोः	haSca vrIhikAlayoH	VIDHI
768	3	1	149	प्रुसृल्वः समभिहारे वुन्	prusflvaH samaBihAre vun	VIDHI
769	3	1	150	आशिषि च	ASizi ca	VIDHI
770	3	2	1	कर्मण्यण्	karmaRyaR	VIDHI
771	3	2	2	ह्वावामश्च	hvAvAmaSca	VIDHI
772	3	2	3	आतोऽनुपसर्गे कः	Atonupasarge kaH	VIDHI
773	3	2	4	सुपि स्थः	supi sTaH	VIDHI
774	3	2	5	तुन्दशोकयोः परिमृजापनुदोः	tundaSokayoH parimfjApanudoH	VIDHI
775	3	2	6	प्रे दाज्ञः	pre dAjYaH	VIDHI
776	3	2	7	समि ख्यः	sami KyaH	VIDHI
777	3	2	8	गापोष्टक्	gApozwak	VIDHI
778	3	2	9	हरतेरनुद्यमनेऽच्	harateranudyamanec	VIDHI
779	3	2	10	वयसि च	vayasi ca	VIDHI
780	3	2	11	आङि ताच्छील्ये	ANi tAcCIlye	VIDHI
781	3	2	12	अर्हः	arhaH	VIDHI
782	3	2	13	स्तम्बकर्णयो रमिजपोः	stambakarRayo ramijapoH	VIDHI
783	3	2	14	शमि धातोः संज्ञायाम्	Sami DAtoH saMjYAyAm	VIDHI
784	3	2	15	अधिकरणे शेतेः	aDikaraRe SeteH	VIDHI
785	3	2	16	चरेष्टः	carezwaH	VIDHI
786	3	2	17	भिक्षासेनादायेषु च	BikzAsenAdAyezu ca	VIDHI
787	3	2	18	पुरोऽग्रतोऽग्रेषु सर्तेः	purogratogrezu sarteH	VIDHI
788	3	2	19	पूर्वे कर्तरि	pUrve kartari	VIDHI
789	3	2	20	कृञो हेतुताच्छील्यानुलोम्येषु	kfYo hetutAcCIlyAnulomyezu	VIDHI
790	3	2	21	दिवाविभानिशाप्रभाभास्कारान्तानन्तादिबहुनान्दीकिम्लिपिलिबिबलिभक्तिकर्तृचित्रक्षेत्रसंख्याजङ्घाबाह्वहर्यत्तत्धनुररुष्षु	divAviBAniSApraBABAskArAntAnantAdibahunAndIkimlipilibibaliBaktikartfcitrakzetrasaMKyAjaNGAbAhvaharyattatDanuraruzzu	VIDHI
791	3	2	22	कर्मणि भृतौ	karmaRi BftO	VIDHI
792	3	2	23	न शब्दश्लोककलहगाथावैरचाटुसूत्रमन्त्रपदेषु	na SabdaSlokakalahagATAvEracAwusUtramantrapadezu	VIDHI
793	3	2	24	स्तम्बशकृतोरिन्	stambaSakftorin	VIDHI
794	3	2	25	हरतेर्दृतिनाथयोः पशौ	haraterdftinATayoH paSO	VIDHI
795	3	2	26	फलेग्रहिरात्मम्भरिश्च	PalegrahirAtmamBariSca	VIDHI
796	3	2	27	छन्दसि वनसनरक्षिमथाम्	Candasi vanasanarakzimaTAm	VIDHI
797	3	2	28	एजेः खश्	ejeH KaS	VIDHI
798	3	2	29	नासिकास्तनयोर्ध्माधेटोः	nAsikAstanayorDmADewoH	VIDHI
799	3	2	30	नाडीमुष्ट्योश्च	nAqImuzwyoSca	VIDHI
800	3	2	31	उदि कूले रुजिवहोः	udi kUle rujivahoH	VIDHI
801	3	2	32	वहाभ्रे लिहः	vahABre lihaH	VIDHI
802	3	2	33	परिमाणे पचः	parimARe pacaH	VIDHI
803	3	2	34	मितनखे च	mitanaKe ca	VIDHI
804	3	2	35	विध्वरुषोस्तुदः	viDvaruzostudaH	VIDHI
805	3	2	36	असूर्यललाटयोर्दृशितपोः	asUryalalAwayordfSitapoH	VIDHI
806	3	2	37	उग्रम्पश्येरम्मदपाणिन्धमाश्च	ugrampaSyerammadapARinDamASca	VIDHI
807	3	2	38	प्रियवशे वदः खच्	priyavaSe vadaH Kac	VIDHI
808	3	2	39	द्विषत्परयोस्तापेः	dvizatparayostApeH	VIDHI
809	3	2	40	वाचि यमो व्रते	vAci yamo vrate	VIDHI
810	3	2	41	पूःसर्वयोर्दारिसहोः	pUHsarvayordArisahoH	VIDHI
811	3	2	42	सर्वकूलाभ्रकरीषेषु कषः	sarvakUlABrakarIzezu kazaH	VIDHI
812	3	2	43	मेघर्तिभयेषु कृञः	meGartiBayezu kfYaH	VIDHI
813	3	2	44	क्षेमप्रियमद्रेऽण् च	kzemapriyamadreR ca	VIDHI
814	3	2	45	आशिते भुवः करणभावयोः	ASite BuvaH karaRaBAvayoH	VIDHI
815	3	2	46	संज्ञायां भृतॄवृजिधारिसहितपिदमः	saMjYAyAM BftFvfjiDArisahitapidamaH	VIDHI
816	3	2	47	गमश्च	gamaSca	VIDHI
817	3	2	48	अन्तात्यन्ताध्वदूरपारसर्वानन्तेषु डः	antAtyantADvadUrapArasarvAnantezu qaH	VIDHI
818	3	2	49	आशिषि हनः	ASizi hanaH	VIDHI
819	3	2	50	अपे क्लेशतमसोः	ape kleSatamasoH	VIDHI
820	3	2	51	कुमारशीर्षयोर्णिनिः	kumAraSIrzayorRiniH	VIDHI
821	3	2	52	लक्षणे जायापत्योष्टक्	lakzaRe jAyApatyozwak	VIDHI
822	3	2	53	अमनुष्यकर्तृके च	amanuzyakartfke ca	VIDHI
823	3	2	54	शक्तौ हस्तिकपाटयोः	SaktO hastikapAwayoH	VIDHI
824	3	2	55	पाणिघताडघौ शिल्पिनि	pARiGatAqaGO Silpini	VIDHI
825	3	2	56	आढ्यसुभगस्थूलपलितनग्नान्धप्रियेषु च्व्यर्थेष्वच्वौ कृञः करणे ख्युन्	AQyasuBagasTUlapalitanagnAnDapriyezu cvyarTezvacvO kfYaH karaRe Kyun	VIDHI
826	3	2	57	कर्तरि भुवः खिष्णुच्खुकञौ	kartari BuvaH KizRucKukaYO	VIDHI
827	3	2	58	स्पृशोऽनुदके क्विन्	spfSonudake kvin	VIDHI
828	3	2	59	ऋत्विग्दधृक्स्रग्दिगुष्णिगञ्चुयुजिक्रुञ्चां च	ftvigdaDfksragdiguzRigaYcuyujikruYcAM ca	VIDHI
829	3	2	60	त्यदादिषु दृशोऽनालोचने कञ् च	tyadAdizu dfSonAlocane kaY ca	VIDHI
830	3	2	61	सत्सूद्विषद्रुहदुहयुजविदभिदच्छिदजिनीराजामुपसर्गेऽपि क्विप्	satsUdvizadruhaduhayujavidaBidacCidajinIrAjAmupasargepi kvip	VIDHI
831	3	2	62	भजो ण्विः	Bajo RviH	VIDHI
832	3	2	63	छन्दसि सहः	Candasi sahaH	VIDHI
833	3	2	64	वहश्च	vahaSca	VIDHI
834	3	2	65	कव्यपुरीषपुरीष्येषु ञ्युट्	kavyapurIzapurIzyezu Yyuw	VIDHI
835	3	2	66	हव्येऽनन्तः पादम्	havyenantaH pAdam	VIDHI
836	3	2	67	जनसनखनक्रमगमो विट्	janasanaKanakramagamo viw	VIDHI
837	3	2	68	अदोऽनन्ने	adonanne	VIDHI
838	3	2	69	क्रव्ये च	kravye ca	VIDHI
839	3	2	70	दुहः कब् घश्च	duhaH kab GaSca	VIDHI
840	3	2	71	मन्त्रे श्वेतवहोक्थशस्पुरोडाशो ण्विन्	mantre SvetavahokTaSaspuroqASo Rvin	VIDHI
841	3	2	72	अवे यजः	ave yajaH	VIDHI
842	3	2	73	विजुपे छन्दसि	vijupe Candasi	VIDHI
843	3	2	74	आतो मनिन्क्वनिब्वनिपश्च	Ato maninkvanibvanipaSca	VIDHI
844	3	2	75	अन्येभ्योऽपि दृश्यन्ते	anyeByopi dfSyante	VIDHI
845	3	2	76	क्विप् च	kvip ca	VIDHI
846	3	2	77	स्थः क च	sTaH ka ca	VIDHI
847	3	2	78	सुप्यजातौ णिनिस्ताच्छील्ये	supyajAtO RinistAcCIlye	VIDHI
848	3	2	79	कर्तर्युपमाने	kartaryupamAne	VIDHI
849	3	2	80	व्रते	vrate	VIDHI
850	3	2	81	बहुलमाभीक्ष्ण्ये	bahulamABIkzRye	VIDHI
851	3	2	82	मनः	manaH	VIDHI
852	3	2	83	आत्ममाने खश्च	AtmamAne KaSca	VIDHI
853	3	2	84	भूते	BUte	ADHIKARA
854	3	2	85	करणे यजः	karaRe yajaH	VIDHI
855	3	2	86	कर्मणि हनः	karmaRi hanaH	VIDHI
856	3	2	87	ब्रह्मभ्रूणवृत्रेषु क्विप्	brahmaBrURavftrezu kvip	VIDHI
857	3	2	88	बहुलं छन्दसि	bahulaM Candasi	VIDHI
858	3	2	89	सुकर्मपापमन्त्रपुण्येषु कृञः	sukarmapApamantrapuRyezu kfYaH	VIDHI
859	3	2	90	सोमे सुञः	some suYaH	VIDHI
860	3	2	91	अग्नौ चेः	agnO ceH	VIDHI
861	3	2	92	कर्मण्यग्न्याख्यायाम्	karmaRyagnyAKyAyAm	VIDHI
862	3	2	93	कर्मणीनिविक्रियः	karmaRInivikriyaH	VIDHI
863	3	2	94	दृशेः क्वनिप्	dfSeH kvanip	VIDHI
864	3	2	95	राजनि युधिकृञः	rAjani yuDikfYaH	VIDHI
865	3	2	96	सहे च	sahe ca	VIDHI
866	3	2	97	सप्तम्यां जनेर्डः	saptamyAM janerqaH	VIDHI
867	3	2	98	पञ्चम्यामजातौ	paYcamyAmajAtO	VIDHI
868	3	2	99	उपसर्गे च संज्ञायाम्	upasarge ca saMjYAyAm	VIDHI
869	3	2	100	अनौ कर्मणि	anO karmaRi	VIDHI
870	3	2	101	अन्येष्वपि दृश्यते	anyezvapi dfSyate	VIDHI
871	3	2	102	निष्ठा	nizWA	VIDHI
872	3	2	103	सुयजोर्ङ्वनिप्	suyajorNvanip	VIDHI
873	3	2	104	जीर्यतेरतृन्	jIryateratfn	VIDHI
874	3	2	105	छन्दसि लिट्	Candasi liw	VIDHI
875	3	2	106	लिटः कानज्वा	liwaH kAnajvA	VIDHI
876	3	2	107	क्वसुश्च	kvasuSca	VIDHI
877	3	2	108	भाषायां सदवसश्रुवः	BAzAyAM sadavasaSruvaH	VIDHI
878	3	2	109	उपेयिवाननाश्वाननूचानश्च	upeyivAnanASvAnanUcAnaSca	VIDHI
879	3	2	110	लुङ्	luN	VIDHI
880	3	2	111	अनद्यतने लङ्	anadyatane laN	VIDHI
881	3	2	112	अभिज्ञावचने लृट्	aBijYAvacane lfw	VIDHI
882	3	2	113	न यदि	na yadi	VIDHI
883	3	2	114	विभाषा साकाङ्क्षे	viBAzA sAkANkze	VIDHI
884	3	2	115	परोक्षे लिट्	parokze liw	VIDHI
885	3	2	116	हशश्वतोर्लङ् च	haSaSvatorlaN ca	VIDHI
886	3	2	117	प्रश्ने चासन्नकाले	praSne cAsannakAle	VIDHI
887	3	2	118	लट् स्मे	law sme	VIDHI
888	3	2	119	अपरोक्षे च	aparokze ca	VIDHI
889	3	2	120	ननौ पृष्टप्रतिवचने	nanO pfzwaprativacane	VIDHI
890	3	2	121	नन्वोर्विभाषा	nanvorviBAzA	VIDHI
891	3	2	122	पुरि लुङ् चास्मे	puri luN cAsme	VIDHI
892	3	2	123	वर्तमाने लट्	vartamAne law	ADHIKARA
893	3	2	124	लटः शतृशानचावप्रथमासमानाधिकरणे	lawaH SatfSAnacAvapraTamAsamAnADikaraRe	VIDHI
894	3	2	125	सम्बोधने च	samboDane ca	VIDHI
895	3	2	126	लक्षणहेत्वोः क्रियायाः	lakzaRahetvoH kriyAyAH	VIDHI
896	3	2	127	तौ सत्	tO sat	SAMJNA
897	3	2	128	पूङ्यजोः शानन्	pUNyajoH SAnan	VIDHI
898	3	2	129	ताच्छील्यवयोवचनशक्तिषु चानश्	tAcCIlyavayovacanaSaktizu cAnaS	VIDHI
899	3	2	130	इङ्धार्योः शत्रकृच्छ्रिणि	iNDAryoH SatrakfcCriRi	VIDHI
900	3	2	131	द्विषोऽमित्रे	dvizomitre	VIDHI
901	3	2	132	सुञो यज्ञसंयोगे	suYo yajYasaMyoge	VIDHI
902	3	2	133	अर्हः प्रशंसायाम्	arhaH praSaMsAyAm	VIDHI
903	3	2	134	आक्वेस्तच्छीलतद्धर्मतत्साधुकारिषु	AkvestacCIlatadDarmatatsADukArizu	ADHIKARA
904	3	2	135	तृन्	tfn	VIDHI
905	3	2	136	अलंकृञ्निराकृञ्प्रजनोत्पचोत्पतोन्मदरुच्यपत्रपवृतुवृधुसहचर इष्णुच्	alaMkfYnirAkfYprajanotpacotpatonmadarucyapatrapavftuvfDusahacara izRuc	VIDHI
906	3	2	137	णेश्छन्दसि	ReSCandasi	VIDHI
907	3	2	138	भुवश्च	BuvaSca	VIDHI
908	3	2	139	ग्लाजिस्थश्च क्स्नुः	glAjisTaSca ksnuH	VIDHI
909	3	2	140	त्रसिगृधिधृषिक्षिपेः क्नुः	trasigfDiDfzikzipeH knuH	VIDHI
910	3	2	141	शमित्यष्टाभ्यो घिनुण्	SamityazwAByo GinuR	VIDHI
911	3	2	142	संपृचानुरुधाङ्यमाङ्यसपरिसृसंसृजपरिदेविसंज्वरपरिक्षिपपरिरटपरिवदपरिदहपरिमुहदुषद्विषद्रुहदुहयुजाक्रीडविविचत्यजरजभजातिचरापचरामुषाभ्याहनश्च	saMpfcAnuruDANyamANyasaparisfsaMsfjaparidevisaMjvaraparikzipaparirawaparivadaparidahaparimuhaduzadvizadruhaduhayujAkrIqavivicatyajarajaBajAticarApacarAmuzAByAhanaSca	VIDHI
912	3	2	143	वौ कषलसकत्थस्रम्भः	vO kazalasakatTasramBaH	VIDHI
913	3	2	144	अपे च लषः	ape ca lazaH	VIDHI
914	3	2	145	प्रे लपसृद्रुमथवदवसः	pre lapasfdrumaTavadavasaH	VIDHI
915	3	2	146	निन्दहिंसक्लिशखादविनाशपरिक्षिपपरिरटपरिवादिव्याभाषासूञो वुञ्	nindahiMsakliSaKAdavinASaparikzipaparirawaparivAdivyABAzAsUYo vuY	VIDHI
916	3	2	147	देविक्रुशोश्चोपसर्गे	devikruSoScopasarge	VIDHI
917	3	2	148	चलनशब्दार्थादकर्मकाद्युच्	calanaSabdArTAdakarmakAdyuc	VIDHI
918	3	2	149	अनुदात्तेतश्च हलादेः	anudAttetaSca halAdeH	VIDHI
919	3	2	150	जुचङ्क्रम्यदन्द्रम्यसृगृधिज्वलशुचलषपतपदः	jucaNkramyadandramyasfgfDijvalaSucalazapatapadaH	VIDHI
920	3	2	151	क्रुधमण्डार्थेभ्यश्च	kruDamaRqArTeByaSca	VIDHI
921	3	2	152	न यः	na yaH	VIDHI
922	3	2	153	सूददीपदीक्षश्च	sUdadIpadIkzaSca	VIDHI
923	3	2	154	लषपतपदस्थाभूवृषहनकमगमशॄभ्य उकञ्	lazapatapadasTABUvfzahanakamagamaSFBya ukaY	VIDHI
924	3	2	155	जल्पभिक्षकुट्टलुण्टवृङः षाकन्	jalpaBikzakuwwaluRwavfNaH zAkan	VIDHI
925	3	2	156	प्रजोरिनिः	prajoriniH	VIDHI
926	3	2	157	जिदृक्षिविश्रीण्वमाव्यथाभ्यमपरिभूप्रसूभ्यश्च	jidfkziviSrIRvamAvyaTAByamapariBUprasUByaSca	VIDHI
927	3	2	158	स्पृहिगृहिपतिदयिनिद्रातन्द्राश्रद्धाभ्य आलुच्	spfhigfhipatidayinidrAtandrASradDABya Aluc	VIDHI
928	3	2	159	दाधेट्सिशदसदो रुः	dADewsiSadasado ruH	VIDHI
929	3	2	160	सृघस्यदः क्मरच्	sfGasyadaH kmarac	VIDHI
930	3	2	161	भञ्जभासमिदो घुरच्	BaYjaBAsamido Gurac	VIDHI
931	3	2	162	विदिभिदिच्छिदेः कुरच्	vidiBidicCideH kurac	VIDHI
932	3	2	163	इण्नश्जिसर्त्तिभ्यः क्वरप्	iRnaSjisarttiByaH kvarap	VIDHI
933	3	2	164	गत्वरश्च	gatvaraSca	VIDHI
934	3	2	165	जागुरूकः	jAgurUkaH	VIDHI
935	3	2	166	यजजपदशां यङः	yajajapadaSAM yaNaH	VIDHI
936	3	2	167	नमिकम्पिस्म्यजसकमहिंसदीपो रः	namikampismyajasakamahiMsadIpo raH	VIDHI
937	3	2	168	सनाशंसभिक्ष उः	sanASaMsaBikza uH	VIDHI
938	3	2	169	विन्दुरिच्छुः	vinduricCuH	VIDHI
939	3	2	170	क्याच्छन्दसि	kyAcCandasi	VIDHI
940	3	2	171	आदृगमहनजनः किकिनौ लिट् च	AdfgamahanajanaH kikinO liw ca	VIDHI
941	3	2	172	स्वपितृषोर्नजिङ्	svapitfzornajiN	VIDHI
942	3	2	173	शॄवन्द्योरारुः	SFvandyorAruH	VIDHI
943	3	2	174	भियः क्रुक्लुकनौ	BiyaH kruklukanO	VIDHI
944	3	2	175	स्थेशभासपिसकसो वरच्	sTeSaBAsapisakaso varac	VIDHI
945	3	2	176	यश्च यङः	yaSca yaNaH	VIDHI
946	3	2	177	भ्राजभासधुर्विद्युतोर्जिपॄजुग्रावस्तुवः क्विप्	BrAjaBAsaDurvidyutorjipFjugrAvastuvaH kvip	VIDHI
947	3	2	178	अन्येभ्योऽपि दृश्यते	anyeByopi dfSyate	VIDHI
948	3	2	179	भुवः संज्ञाऽन्तरयोः	BuvaH saMjYAntarayoH	VIDHI
949	3	2	180	विप्रसम्भ्यो ड्वसंज्ञायाम्	viprasamByo qvasaMjYAyAm	VIDHI
950	3	2	181	धः कर्मणि ष्ट्रन्	DaH karmaRi zwran	VIDHI
951	3	2	182	दाम्नीशसयुयुजस्तुतुदसिसिचमिहपतदशनहः करणे	dAmnISasayuyujastutudasisicamihapatadaSanahaH karaRe	VIDHI
952	3	2	183	हलसूकरयोः पुवः	halasUkarayoH puvaH	VIDHI
953	3	2	184	अर्तिलूधूसूखनसहचर इत्रः	artilUDUsUKanasahacara itraH	VIDHI
954	3	2	185	पुवः संज्ञायाम्	puvaH saMjYAyAm	VIDHI
955	3	2	186	कर्तरि चर्षिदेवतयोः	kartari carzidevatayoH	VIDHI
956	3	2	187	ञीतः क्तः	YItaH ktaH	VIDHI
957	3	2	188	मतिबुद्धिपूजार्थेभ्यश्च	matibudDipUjArTeByaSca	VIDHI
958	3	3	1	उणादयो बहुलम्	uRAdayo bahulam	VIDHI
959	3	3	2	भूतेऽपि दृश्यन्ते	BUtepi dfSyante	VIDHI
960	3	3	3	भविष्यति गम्यादयः	Bavizyati gamyAdayaH	ADHIKARA
961	3	3	4	यावत्पुरानिपातयोर्लट्	yAvatpurAnipAtayorlaw	VIDHI
962	3	3	5	विभाषा कदाकर्ह्योः	viBAzA kadAkarhyoH	VIDHI
963	3	3	6	किंवृत्ते लिप्सायाम्	kiMvftte lipsAyAm	VIDHI
964	3	3	7	लिप्स्यमानसिद्धौ च	lipsyamAnasidDO ca	VIDHI
965	3	3	8	लोडर्थलक्षणे च	loqarTalakzaRe ca	VIDHI
966	3	3	9	लिङ् चोर्ध्वमौहूर्तिके	liN corDvamOhUrtike	VIDHI
967	3	3	10	तुमुन्ण्वुलौ क्रियायां क्रियार्थायाम्	tumunRvulO kriyAyAM kriyArTAyAm	VIDHI
968	3	3	11	भाववचनाश्च	BAvavacanASca	VIDHI
969	3	3	12	अण् कर्मणि च	aR karmaRi ca	VIDHI
970	3	3	13	लृट् शेषे च	lfw Seze ca	VIDHI
971	3	3	14	लृटः सद् वा	lfwaH sad vA	VIDHI
972	3	3	15	अनद्यतने लुट्	anadyatane luw	VIDHI
973	3	3	16	पदरुजविशस्पृशो घञ्	padarujaviSaspfSo GaY	VIDHI
974	3	3	17	सृ स्थिरे	sf sTire	VIDHI
975	3	3	18	भावे	BAve	ADHIKARA
976	3	3	19	अकर्तरि च कारके संज्ञायाम्	akartari ca kArake saMjYAyAm	ADHIKARA
977	3	3	20	परिमाणाख्यायां सर्वेभ्यः	parimARAKyAyAM sarveByaH	VIDHI
978	3	3	21	इङश्च	iNaSca	VIDHI
979	3	3	22	उपसर्गे रुवः	upasarge ruvaH	VIDHI
980	3	3	23	समि युद्रुदुवः	sami yudruduvaH	VIDHI
981	3	3	24	श्रिणीभुवोऽनुपसर्गे	SriRIBuvonupasarge	VIDHI
982	3	3	25	वौ क्षुश्रुवः	vO kzuSruvaH	VIDHI
983	3	3	26	अवोदोर्नियः	avodorniyaH	VIDHI
984	3	3	27	प्रे द्रुस्तुस्रुवः	pre drustusruvaH	VIDHI
985	3	3	28	निरभ्योः पूल्वोः	niraByoH pUlvoH	VIDHI
986	3	3	29	उन्न्योर्ग्रः	unnyorgraH	VIDHI
987	3	3	30	कॄ धान्ये	kF DAnye	VIDHI
988	3	3	31	यज्ञे समि स्तुवः	yajYe sami stuvaH	VIDHI
989	3	3	32	प्रे स्त्रोऽयज्ञे	pre stroyajYe	VIDHI
990	3	3	33	प्रथने वावशब्दे	praTane vAvaSabde	VIDHI
991	3	3	34	छन्दोनाम्नि च	CandonAmni ca	VIDHI
992	3	3	35	उदि ग्रहः	udi grahaH	VIDHI
993	3	3	36	समि मुष्टौ	sami muzwO	VIDHI
994	3	3	37	परिन्योर्नीणोर्द्यूताभ्रेषयोः	parinyornIRordyUtABrezayoH	VIDHI
995	3	3	38	परावनुपात्यय इणः	parAvanupAtyaya iRaH	VIDHI
996	3	3	39	व्युपयोः शेतेः पर्याये	vyupayoH SeteH paryAye	VIDHI
997	3	3	40	हस्तादाने चेरस्तेये	hastAdAne cerasteye	VIDHI
998	3	3	41	निवासचितिशरीरोपसमाधानेष्वादेश्च कः	nivAsacitiSarIropasamADAnezvAdeSca kaH	VIDHI
999	3	3	42	संघे चानौत्तराधर्ये	saMGe cAnOttarADarye	VIDHI
1000	3	3	43	कर्मव्यतिहारे णच् स्त्रियाम्	karmavyatihAre Rac striyAm	VIDHI
1001	3	3	44	अभिविधौ भाव इनुण्	aBiviDO BAva inuR	VIDHI
1002	3	3	45	आक्रोशेऽवन्योर्ग्रहः	AkroSevanyorgrahaH	VIDHI
1003	3	3	46	प्रे लिप्सायाम्	pre lipsAyAm	VIDHI
1004	3	3	47	परौ यज्ञे	parO yajYe	VIDHI
1005	3	3	48	नौ वृ धान्ये	nO vf DAnye	VIDHI
1006	3	3	49	उदि श्रयतियौतिपूद्रुवः	udi SrayatiyOtipUdruvaH	VIDHI
1007	3	3	50	विभाषाऽऽङि रुप्लुवोः	viBAzANi rupluvoH	VIDHI
1008	3	3	51	अवे ग्रहो वर्षप्रतिबन्धे	ave graho varzapratibanDe	VIDHI
1009	3	3	52	प्रे वणिजाम्	pre vaRijAm	VIDHI
1010	3	3	53	रश्मौ च	raSmO ca	VIDHI
1011	3	3	54	वृणोतेराच्छादने	vfRoterAcCAdane	VIDHI
1012	3	3	55	परौ भुवोऽवज्ञाने	parO BuvovajYAne	VIDHI
1013	3	3	56	एरच्	erac	VIDHI
1014	3	3	57	ॠदोरप्	Fdorap	VIDHI
1015	3	3	58	ग्रहवृदृनिश्चिगमश्च	grahavfdfniScigamaSca	VIDHI
1016	3	3	59	उपसर्गेऽदः	upasargedaH	VIDHI
1017	3	3	60	नौ ण च	nO Ra ca	VIDHI
1018	3	3	61	व्यधजपोरनुपसर्गे	vyaDajaporanupasarge	VIDHI
1019	3	3	62	स्वनहसोर्वा	svanahasorvA	VIDHI
1020	3	3	63	यमः समुपनिविषु च	yamaH samupanivizu ca	VIDHI
1021	3	3	64	नौ गदनदपठस्वनः	nO gadanadapaWasvanaH	VIDHI
1022	3	3	65	क्वणो वीणायां च	kvaRo vIRAyAM ca	VIDHI
1023	3	3	66	नित्यं पणः परिमाणे	nityaM paRaH parimARe	VIDHI
1024	3	3	67	मदोऽनुपसर्गे	madonupasarge	VIDHI
1025	3	3	68	प्रमदसम्मदौ हर्षे	pramadasammadO harze	VIDHI
1026	3	3	69	समुदोरजः पशुषु	samudorajaH paSuzu	VIDHI
1027	3	3	70	अक्षेषु ग्लहः	akzezu glahaH	VIDHI
1028	3	3	71	प्रजने सर्तेः	prajane sarteH	VIDHI
1029	3	3	72	ह्वः सम्प्रसारणं च न्यभ्युपविषु	hvaH samprasAraRaM ca nyaByupavizu	VIDHI
1030	3	3	73	आङि युद्धे	ANi yudDe	VIDHI
1031	3	3	74	निपानमाहावः	nipAnamAhAvaH	VIDHI
1032	3	3	75	भावेऽनुपसर्गस्य	BAvenupasargasya	VIDHI
1033	3	3	76	हनश्च वधः	hanaSca vaDaH	VIDHI
1034	3	3	77	मूर्तौ घनः	mUrtO GanaH	VIDHI
1035	3	3	78	अन्तर्घनो देशे	antarGano deSe	VIDHI
1036	3	3	79	अगारैकदेशे प्रघणः प्रघाणश्च	agArEkadeSe praGaRaH praGARaSca	VIDHI
1037	3	3	80	उद्घनोऽत्याधानम्	udGanotyADAnam	VIDHI
1038	3	3	81	अपघनोऽङ्गम्	apaGanoNgam	VIDHI
1039	3	3	82	करणेऽयोविद्रुषु	karaReyovidruzu	VIDHI
1040	3	3	83	स्तम्बे क च	stambe ka ca	VIDHI
1041	3	3	84	परौ घः	parO GaH	VIDHI
1042	3	3	85	उपघ्न आश्रये	upaGna ASraye	VIDHI
1043	3	3	86	संघोद्घौ गणप्रशंसयोः	saMGodGO gaRapraSaMsayoH	VIDHI
1044	3	3	87	निघो निमितम्	niGo nimitam	VIDHI
1045	3	3	88	ड्वितः क्त्रिः	qvitaH ktriH	VIDHI
1046	3	3	89	ट्वितोऽथुच्	wvitoTuc	VIDHI
1047	3	3	90	यजयाचयतविच्छप्रच्छरक्षो नङ्	yajayAcayatavicCapracCarakzo naN	VIDHI
1048	3	3	91	स्वपो नन्	svapo nan	VIDHI
1049	3	3	92	उपसर्गे घोः किः	upasarge GoH kiH	VIDHI
1050	3	3	93	कर्मण्यधिकरणे च	karmaRyaDikaraRe ca	VIDHI
1051	3	3	94	स्त्रियां क्तिन्	striyAM ktin	ADHIKARA
1052	3	3	95	स्थागापापचो भावे	sTAgApApaco BAve	VIDHI
1053	3	3	96	मन्त्रे वृषेषपचमनविदभूवीरा उदात्तः	mantre vfzezapacamanavidaBUvIrA udAttaH	VIDHI
1054	3	3	97	ऊतियूतिजूतिसातिहेतिकीर्तयश्च	UtiyUtijUtisAtihetikIrtayaSca	VIDHI
1055	3	3	98	व्रजयजोर्भावे क्यप्	vrajayajorBAve kyap	VIDHI
1056	3	3	99	संज्ञायां समजनिषदनिपतमनविदषुञ्शीङ्भृञिणः	saMjYAyAM samajanizadanipatamanavidazuYSINBfYiRaH	VIDHI
1057	3	3	100	कृञः श च	kfYaH Sa ca	VIDHI
1058	3	3	101	इच्छा	icCA	VIDHI
1059	3	3	102	अ प्रत्ययात्	a pratyayAt	VIDHI
1060	3	3	103	गुरोश्च हलः	guroSca halaH	VIDHI
1061	3	3	104	षिद्भिदादिभ्योऽङ्	zidBidAdiByoN	VIDHI
1062	3	3	105	चिन्तिपूजिकथिकुम्बिचर्चश्च	cintipUjikaTikumbicarcaSca	VIDHI
1063	3	3	106	आतश्चोपसर्गे	AtaScopasarge	VIDHI
1064	3	3	107	ण्यासश्रन्थो युच्	RyAsaSranTo yuc	VIDHI
1065	3	3	108	रोगाख्यायां ण्वुल् बहुलम्	rogAKyAyAM Rvul bahulam	VIDHI
1066	3	3	109	संज्ञायाम्	saMjYAyAm	VIDHI
1067	3	3	110	विभाषाऽऽख्यानपरिप्रश्नयोरिञ् च	viBAzAKyAnaparipraSnayoriY ca	VIDHI
1068	3	3	111	पर्यायार्हर्णोत्पत्तिषु ण्वुच्	paryAyArharRotpattizu Rvuc	VIDHI
1069	3	3	112	आक्रोशे नञ्यनिः	AkroSe naYyaniH	VIDHI
1070	3	3	113	कृत्यल्युटो बहुलम्	kftyalyuwo bahulam	VIDHI
1071	3	3	114	नपुंसके भावे क्तः	napuMsake BAve ktaH	VIDHI
1072	3	3	115	ल्युट् च	lyuw ca	VIDHI
1073	3	3	116	कर्मणि च येन संस्पर्शात् कर्तुः शरीरसुखम्	karmaRi ca yena saMsparSAt kartuH SarIrasuKam	VIDHI
1074	3	3	117	करणाधिकरणयोश्च	karaRADikaraRayoSca	ADHIKARA
1075	3	3	118	पुंसि संज्ञायां घः प्रायेण	puMsi saMjYAyAM GaH prAyeRa	VIDHI
1076	3	3	119	गोचरसंचरवहव्रजव्यजापणनिगमाश्च	gocarasaMcaravahavrajavyajApaRanigamASca	VIDHI
1077	3	3	120	अवे तॄस्त्रोर्घञ्	ave tFstrorGaY	VIDHI
1078	3	3	121	हलश्च	halaSca	VIDHI
1079	3	3	122	अध्यायन्यायोद्यावसंहाराधारावायाश्च	aDyAyanyAyodyAvasaMhArADArAvAyASca	VIDHI
1080	3	3	123	उदङ्कोऽनुदके	udaNkonudake	VIDHI
1081	3	3	124	जालमानायः	jAlamAnAyaH	VIDHI
1082	3	3	125	खनो घ च	Kano Ga ca	VIDHI
1083	3	3	126	ईषद्दुःसुषु कृच्छ्राकृच्छ्रार्थेषु खल्	IzadduHsuzu kfcCrAkfcCrArTezu Kal	VIDHI
1084	3	3	127	कर्तृकर्मणोश्च भूकृञोः	kartfkarmaRoSca BUkfYoH	VIDHI
1085	3	3	128	आतो युच्	Ato yuc	VIDHI
1086	3	3	129	छन्दसि गत्यर्थेभ्यः	Candasi gatyarTeByaH	VIDHI
1087	3	3	130	अन्येभ्योऽपि दृश्यते	anyeByopi dfSyate	VIDHI
1088	3	3	131	वर्तमानसामीप्ये वर्तमानवद्वा	vartamAnasAmIpye vartamAnavadvA	ADHIKARA
1089	3	3	132	आशंसायां भूतवच्च	ASaMsAyAM BUtavacca	VIDHI
1090	3	3	133	क्षिप्रवचने लृट्	kzipravacane lfw	VIDHI
1091	3	3	134	आशंसावचने लिङ्	ASaMsAvacane liN	VIDHI
1092	3	3	135	नानद्यतनवत् क्रियाप्रबन्धसामीप्ययोः	nAnadyatanavat kriyAprabanDasAmIpyayoH	ADHIKARA
1093	3	3	136	भविष्यति मर्यादावचनेऽवरस्मिन्	Bavizyati maryAdAvacanevarasmin	VIDHI
1094	3	3	137	कालविभागे चानहोरात्राणाम्	kAlaviBAge cAnahorAtrARAm	VIDHI
1095	3	3	138	परस्मिन् विभाषा	parasmin viBAzA	VIDHI
1096	3	3	139	लिङ्निमित्ते लृङ् क्रियातिपत्तौ	liNnimitte lfN kriyAtipattO	VIDHI
1097	3	3	140	भूते च	BUte ca	VIDHI
1098	3	3	141	वोताप्योः	votApyoH	ADHIKARA
1099	3	3	142	गर्हायां लडपिजात्वोः	garhAyAM laqapijAtvoH	VIDHI
1100	3	3	143	विभाषा कथमि लिङ् च	viBAzA kaTami liN ca	VIDHI
1101	3	3	144	किंवृत्ते लिङ्लृटौ	kiMvftte liNlfwO	VIDHI
1102	3	3	145	अनवकॢप्त्यमर्षयोरकिंवृत्तेऽपि	anavakxptyamarzayorakiMvfttepi	VIDHI
1103	3	3	146	किंकिलास्त्यर्थेषु लृट्	kiMkilAstyarTezu lfw	VIDHI
1104	3	3	147	जातुयदोर्लिङ्	jAtuyadorliN	VIDHI
1105	3	3	148	यच्चयत्रयोः	yaccayatrayoH	VIDHI
1106	3	3	149	गर्हायां च	garhAyAM ca	VIDHI
1107	3	3	150	चित्रीकरणे च	citrIkaraRe ca	VIDHI
1108	3	3	151	शेषे लृडयदौ	Seze lfqayadO	VIDHI
1109	3	3	152	उताप्योः समर्थयोर्लिङ्	utApyoH samarTayorliN	VIDHI
1110	3	3	153	कामप्रवेदनेऽकच्चिति	kAmapravedanekacciti	VIDHI
1111	3	3	154	सम्भावनेऽलमिति चेत् सिद्धाप्रयोगे	samBAvanelamiti cet sidDAprayoge	VIDHI
1112	3	3	155	विभाषा धातौ सम्भावनवचनेऽयदि	viBAzA DAtO samBAvanavacaneyadi	VIDHI
1113	3	3	156	हेतुहेतुमतोर्लिङ्	hetuhetumatorliN	VIDHI
1114	3	3	157	इच्छार्थेषु लिङ्लोटौ	icCArTezu liNlowO	VIDHI
1115	3	3	158	समानकर्तृकेषु तुमुन्	samAnakartfkezu tumun	VIDHI
1116	3	3	159	लिङ् च	liN ca	VIDHI
1117	3	3	160	इच्छार्थेभ्यो विभाषा वर्तमाने	icCArTeByo viBAzA vartamAne	VIDHI
1118	3	3	161	विधिनिमन्त्रणामन्त्रणाधीष्टसंप्रश्नप्रार्थनेषु लिङ्	viDinimantraRAmantraRADIzwasaMpraSnaprArTanezu liN	VIDHI
1119	3	3	162	लोट् च	low ca	VIDHI
1120	3	3	163	प्रैषातिसर्गप्राप्तकालेषु कृत्याश्च	prEzAtisargaprAptakAlezu kftyASca	VIDHI
1121	3	3	164	लिङ् चोर्ध्वमौहूर्तिके	liN corDvamOhUrtike	VIDHI
1122	3	3	165	स्मे लोट्	sme low	VIDHI
1123	3	3	166	अधीष्टे च	aDIzwe ca	VIDHI
1124	3	3	167	कालसमयवेलासु तुमुन्	kAlasamayavelAsu tumun	VIDHI
1125	3	3	168	लिङ् यदि	liN yadi	VIDHI
1126	3	3	169	अर्हे कृत्यतृचश्च	arhe kftyatfcaSca	VIDHI
1127	3	3	170	आवश्यकाधमर्ण्ययोर्णिनिः	AvaSyakADamarRyayorRiniH	VIDHI
1128	3	3	171	कृत्याश्च	kftyASca	VIDHI
1129	3	3	172	शकि लिङ् च	Saki liN ca	VIDHI
1130	3	3	173	आशिषि लिङ्लोटौ	ASizi liNlowO	VIDHI
1131	3	3	174	क्तिच्क्तौ च संज्ञायाम्	kticktO ca saMjYAyAm	VIDHI
1132	3	3	175	माङि लुङ्	mANi luN	VIDHI
1133	3	3	176	स्मोत्तरे लङ् च	smottare laN ca	VIDHI
1134	3	4	1	धातुसम्बन्धे प्रत्ययाः	DAtusambanDe pratyayAH	VIDHI
1135	3	4	2	क्रियासमभिहारे लोट्; लोटो हिस्वौ; वा च तध्वमोः	kriyAsamaBihAre low; lowo hisvO; vA ca taDvamoH	VIDHI
1136	3	4	3	समुच्चयेऽन्यतरस्याम्	samuccayenyatarasyAm	VIDHI
1137	3	4	4	यथाविध्यनुप्रयोगः पूर्वस्मिन्	yaTAviDyanuprayogaH pUrvasmin	VIDHI
1138	3	4	5	समुच्चये सामान्यवचनस्य	samuccaye sAmAnyavacanasya	VIDHI
1139	3	4	6	छन्दसि लुङ्लङ्लिटः	Candasi luNlaNliwaH	VIDHI
1140	3	4	7	लिङर्थे लेट्	liNarTe lew	VIDHI
1141	3	4	8	उपसंवादाशङ्कयोश्च	upasaMvAdASaNkayoSca	VIDHI
1142	3	4	9	तुमर्थे सेसेनसेऽसेन्क्सेकसेनध्यैअध्यैन्कध्यैकध्यैन्शध्यैशध्यैन्तवैतवेङ्तवेनः	tumarTe sesenasesenksekasenaDyEaDyEnkaDyEkaDyEnSaDyESaDyEntavEtaveNtavenaH	VIDHI
1143	3	4	10	प्रयै रोहिष्यै अव्यथिष्यै	prayE rohizyE avyaTizyE	VIDHI
1144	3	4	11	दृशे विख्ये च	dfSe viKye ca	VIDHI
1145	3	4	12	शकि णमुल्कमुलौ	Saki RamulkamulO	VIDHI
1146	3	4	13	ईश्वरे तोसुन्कसुनौ	ISvare tosunkasunO	VIDHI
1147	3	4	14	कृत्यार्थे तवैकेन्केन्यत्वनः	kftyArTe tavEkenkenyatvanaH	VIDHI
1148	3	4	15	अवचक्षे च	avacakze ca	VIDHI
1149	3	4	16	भावलक्षणे स्थेण्कृञ्वदिचरिहुतमिजनिभ्यस्तोसुन्	BAvalakzaRe sTeRkfYvadicarihutamijaniByastosun	VIDHI
1150	3	4	17	सृपितृदोः कसुन्	sfpitfdoH kasun	VIDHI
1151	3	4	18	अलङ्खल्वोः प्रतिषेधयोः प्राचां क्त्वा	alaNKalvoH pratizeDayoH prAcAM ktvA	VIDHI
1152	3	4	19	उदीचां माङो व्यतीहारे	udIcAM mANo vyatIhAre	VIDHI
1153	3	4	20	परावरयोगे च	parAvarayoge ca	VIDHI
1154	3	4	21	समानकर्तृकयोः पूर्वकाले	samAnakartfkayoH pUrvakAle	VIDHI
1155	3	4	22	आभीक्ष्ण्ये णमुल् च	ABIkzRye Ramul ca	VIDHI
1156	3	4	23	न यद्यनाकाङ्क्षे	na yadyanAkANkze	VIDHI
1157	3	4	24	विभाषाऽग्रेप्रथमपूर्वेषु	viBAzAgrepraTamapUrvezu	VIDHI
1158	3	4	25	कर्मण्याक्रोशे कृञः खमुञ्	karmaRyAkroSe kfYaH KamuY	VIDHI
1159	3	4	26	स्वादुमि णमुल्	svAdumi Ramul	VIDHI
1160	3	4	27	अन्यथैवंकथमित्थंसु सिद्धाप्रयोगश्चेत्	anyaTEvaMkaTamitTaMsu sidDAprayogaScet	VIDHI
1161	3	4	28	यथातथयोरसूयाप्रतिवचने	yaTAtaTayorasUyAprativacane	VIDHI
1162	3	4	29	कर्मणि दृशिविदोः साकल्ये	karmaRi dfSividoH sAkalye	VIDHI
1163	3	4	30	यावति विन्दजीवोः	yAvati vindajIvoH	VIDHI
1164	3	4	31	चर्मोदरयोः पूरेः	carmodarayoH pUreH	VIDHI
1165	3	4	32	वर्षप्रमाण ऊलोपश्चास्यान्यतरस्याम्	varzapramARa UlopaScAsyAnyatarasyAm	VIDHI
1166	3	4	33	चेले क्नोपेः	cele knopeH	VIDHI
1167	3	4	34	निमूलसमूलयोः कषः	nimUlasamUlayoH kazaH	VIDHI
1168	3	4	35	शुष्कचूर्णरूक्षेषु पिषः	SuzkacUrRarUkzezu pizaH	VIDHI
1169	3	4	36	समूलाकृतजीवेषु हन्कृञ्ग्रहः	samUlAkftajIvezu hankfYgrahaH	VIDHI
1170	3	4	37	करणे हनः	karaRe hanaH	VIDHI
1171	3	4	38	स्नेहने पिषः	snehane pizaH	VIDHI
1172	3	4	39	हस्ते वर्त्तिग्रहोः	haste varttigrahoH	VIDHI
1173	3	4	40	स्वे पुषः	sve puzaH	VIDHI
1174	3	4	41	अधिकरणे बन्धः	aDikaraRe banDaH	VIDHI
1175	3	4	42	संज्ञायाम्	saMjYAyAm	VIDHI
1176	3	4	43	कर्त्रोर्जीवपुरुषयोर्नशिवहोः	kartrorjIvapuruzayornaSivahoH	VIDHI
1177	3	4	44	ऊर्ध्वे शुषिपूरोः	UrDve SuzipUroH	VIDHI
1178	3	4	45	उपमाने कर्मणि च	upamAne karmaRi ca	VIDHI
1179	3	4	46	कषादिषु यथाविध्यनुप्रयोगः	kazAdizu yaTAviDyanuprayogaH	VIDHI
1180	3	4	47	उपदंशस्तृतीयायाम्	upadaMSastftIyAyAm	VIDHI
1181	3	4	48	हिंसार्थानां च समानकर्मकाणाम्	hiMsArTAnAM ca samAnakarmakARAm	VIDHI
1182	3	4	49	सप्तम्यां चोपपीडरुधकर्षः	saptamyAM copapIqaruDakarzaH	VIDHI
1183	3	4	50	समासत्तौ	samAsattO	VIDHI
1184	3	4	51	प्रमाणे च	pramARe ca	VIDHI
1185	3	4	52	अपादाने परीप्सायाम्	apAdAne parIpsAyAm	VIDHI
1186	3	4	53	द्वितीयायां च	dvitIyAyAM ca	VIDHI
1187	3	4	54	स्वाङ्गेऽध्रुवे	svANgeDruve	VIDHI
1188	3	4	55	परिक्लिश्यमाने च	parikliSyamAne ca	VIDHI
1189	3	4	56	विशिपतिपदिस्कन्दां व्याप्यमानासेव्यमानयोः	viSipatipadiskandAM vyApyamAnAsevyamAnayoH	VIDHI
1190	3	4	57	अस्यतितृषोः क्रियाऽन्तरे कालेषु	asyatitfzoH kriyAntare kAlezu	VIDHI
1191	3	4	58	नाम्न्यादिशिग्रहोः	nAmnyAdiSigrahoH	VIDHI
1192	3	4	59	अव्ययेऽयथाभिप्रेताख्याने कृञः क्त्वाणमुलौ	avyayeyaTABipretAKyAne kfYaH ktvARamulO	VIDHI
1193	3	4	60	तिर्यच्यपवर्गे	tiryacyapavarge	VIDHI
1194	3	4	61	स्वाङ्गे तस्प्रत्यये कृभ्वोः	svANge taspratyaye kfBvoH	VIDHI
1195	3	4	62	नाधाऽर्थप्रत्यये च्व्यर्थे	nADArTapratyaye cvyarTe	VIDHI
1196	3	4	63	तूष्णीमि भुवः	tUzRImi BuvaH	VIDHI
1197	3	4	64	अन्वच्यानुलोम्ये	anvacyAnulomye	VIDHI
1198	3	4	65	शकधृषज्ञाग्लाघटरभलभक्रमसहार्हास्त्यर्थेषु तुमुन्	SakaDfzajYAglAGawaraBalaBakramasahArhAstyarTezu tumun	VIDHI
1199	3	4	66	पर्याप्तिवचनेष्वलमर्थेषु	paryAptivacanezvalamarTezu	VIDHI
1200	3	4	67	कर्तरि कृत्	kartari kft	VIDHI
1201	3	4	68	भव्यगेयप्रवचनीयोपस्थानीयजन्याप्लाव्यापात्या वा	BavyageyapravacanIyopasTAnIyajanyAplAvyApAtyA vA	VIDHI
1202	3	4	69	लः कर्मणि च भावे चाकर्मकेभ्यः	laH karmaRi ca BAve cAkarmakeByaH	VIDHI
1203	3	4	70	तयोरेव कृत्यक्तखलर्थाः	tayoreva kftyaktaKalarTAH	VIDHI
1204	3	4	71	आदिकर्मणि क्तः कर्तरि च	AdikarmaRi ktaH kartari ca	VIDHI
1205	3	4	72	गत्यर्थाकर्मकश्लिषशीङ्स्थाऽऽसवसजनरुहजीर्यतिभ्यश्च	gatyarTAkarmakaSlizaSINsTAsavasajanaruhajIryatiByaSca	VIDHI
1206	3	4	73	दाशगोघ्नौ सम्प्रदाने	dASagoGnO sampradAne	VIDHI
1207	3	4	74	भीमादयोऽपादाने	BImAdayopAdAne	VIDHI
1208	3	4	75	ताभ्यामन्यत्रोणादयः	tAByAmanyatroRAdayaH	VIDHI
1209	3	4	76	क्तोऽधिकरणे च ध्रौव्यगतिप्रत्यवसानार्थेभ्यः	ktoDikaraRe ca DrOvyagatipratyavasAnArTeByaH	VIDHI
1210	3	4	77	लस्य	lasya	ADHIKARA
1211	3	4	78	तिप्तस्झिसिप्थस्थमिब्वस्मस् तातांझथासाथांध्वमिड्वहिमहिङ्	tiptasJisipTasTamibvasmas tAtAMJaTAsATAMDvamiqvahimahiN	VIDHI
1212	3	4	79	टित आत्मनेपदानां टेरे	wita AtmanepadAnAM were	VIDHI
1213	3	4	80	थासस्से	TAsasse	VIDHI
1214	3	4	81	लिटस्तझयोरेशिरेच्	liwastaJayoreSirec	VIDHI
1215	3	4	82	परस्मैपदानां णलतुसुस्थलथुसणल्वमाः	parasmEpadAnAM RalatususTalaTusaRalvamAH	VIDHI
1216	3	4	83	विदो लटो वा	vido lawo vA	VIDHI
1217	3	4	84	ब्रुवः पञ्चानामादित आहो ब्रुवः	bruvaH paYcAnAmAdita Aho bruvaH	VIDHI
1218	3	4	85	लोटो लङ्वत्	lowo laNvat	ADHIKARA
1219	3	4	86	एरुः	eruH	VIDHI
1220	3	4	87	सेर्ह्यपिच्च	serhyapicca	ADHIKARA
1221	3	4	88	वा छन्दसि	vA Candasi	VIDHI
1222	3	4	89	मेर्निः	merniH	VIDHI
1223	3	4	90	आमेतः	AmetaH	VIDHI
1224	3	4	91	सवाभ्यां वामौ	savAByAM vAmO	VIDHI
1225	3	4	92	आडुत्तमस्य पिच्च	Aquttamasya picca	ADHIKARA
1226	3	4	93	एत ऐ	eta E	VIDHI
1227	3	4	94	लेटोऽडाटौ	lewoqAwO	VIDHI
1228	3	4	95	आत ऐ	Ata E	VIDHI
1229	3	4	96	वैतोऽन्यत्र	vEtonyatra	VIDHI
1230	3	4	97	इतश्च लोपः परस्मैपदेषु	itaSca lopaH parasmEpadezu	VIDHI
1231	3	4	98	स उत्तमस्य	sa uttamasya	VIDHI
1232	3	4	99	नित्यं ङितः	nityaM NitaH	VIDHI
1233	3	4	100	इतश्च	itaSca	VIDHI
1234	3	4	101	तस्थस्थमिपां तांतंतामः	tasTasTamipAM tAMtaMtAmaH	VIDHI
1235	3	4	102	लिङस्सीयुट्	liNassIyuw	VIDHI
1236	3	4	103	यासुट् परस्मैपदेषूदात्तो ङिच्च	yAsuw parasmEpadezUdAtto Nicca	VIDHI
1237	3	4	104	किदाशिषि	kidASizi	VIDHI
1238	3	4	105	झस्य रन्	Jasya ran	VIDHI
1239	3	4	106	इटोऽत्	iwot	VIDHI
1240	3	4	107	सुट् तिथोः	suw tiToH	VIDHI
1241	3	4	108	झेर्जुस्	Jerjus	VIDHI
1242	3	4	109	सिजभ्यस्तविदिभ्यश्च	sijaByastavidiByaSca	VIDHI
1243	3	4	110	आतः	AtaH	VIDHI
1244	3	4	111	लङः शाकटायनस्यैव	laNaH SAkawAyanasyEva	VIDHI
1245	3	4	112	द्विषश्च	dvizaSca	VIDHI
1246	3	4	113	तिङ्शित्सार्वधातुकम्	tiNSitsArvaDAtukam	SAMJNA
1247	3	4	114	आर्धधातुकं शेषः	ArDaDAtukaM SezaH	SAMJNA
1248	3	4	115	लिट् च	liw ca	SAMJNA
1249	3	4	116	लिङाशिषि	liNASizi	SAMJNA
1250	3	4	117	छन्दस्युभयथा	CandasyuBayaTA	SAMJNA
1251	4	1	1	ङ्याप्प्रातिपदिकात्	NyApprAtipadikAt	ADHIKARA
1252	4	1	2	स्वौजसमौट्छष्टाभ्याम्भिस्ङेभ्याम्भ्यस्ङसिभ्याम्भ्यस्ङसोसाङ्ङ्योस्सुप्	svOjasamOwCazwAByAmBisNeByAmByasNasiByAmByasNasosANNyossup	VIDHI
1253	4	1	3	स्त्रियाम्	striyAm	ADHIKARA
1254	4	1	4	अजाद्यतष्टाप्	ajAdyatazwAp	VIDHI
1255	4	1	5	ऋन्नेभ्यो ङीप्	fnneByo NIp	VIDHI
1256	4	1	6	उगितश्च	ugitaSca	VIDHI
1257	4	1	7	वनो र च	vano ra ca	VIDHI
1258	4	1	8	पादोऽन्यतरस्याम्	pAdonyatarasyAm	VIDHI
1259	4	1	9	टाबृचि	wAbfci	VIDHI
1260	4	1	10	न षट्स्वस्रादिभ्यः	na zawsvasrAdiByaH	VIDHI
1261	4	1	11	मनः	manaH	VIDHI
1262	4	1	12	अनो बहुव्रीहेः	ano bahuvrIheH	VIDHI
1263	4	1	13	डाबुभाभ्यामन्यतरस्याम्	qAbuBAByAmanyatarasyAm	VIDHI
1264	4	1	14	अनुपसर्जनात्	anupasarjanAt	ADHIKARA
1265	4	1	15	टिड्ढाणञ्द्वयसज्दघ्नञ्मात्रच्तयप्ठक्ठञ्कञ्क्वरपः	wiqQARaYdvayasajdaGnaYmAtractayapWakWaYkaYkvarapaH	VIDHI
1266	4	1	16	यञश्च	yaYaSca	VIDHI
1267	4	1	17	प्राचां ष्फ तद्धितः	prAcAM zPa tadDitaH	VIDHI
1268	4	1	18	सर्वत्र लोहितादिकतन्तेभ्यः	sarvatra lohitAdikatanteByaH	VIDHI
1269	4	1	19	कौरव्यमाण्डूकाभ्यां च	kOravyamARqUkAByAM ca	VIDHI
1270	4	1	20	वयसि प्रथमे	vayasi praTame	VIDHI
1271	4	1	21	द्विगोः	dvigoH	VIDHI
1272	4	1	22	अपरिमाणबिस्ताचितकम्बल्येभ्यो न तद्धितलुकि	aparimARabistAcitakambalyeByo na tadDitaluki	VIDHI
1273	4	1	23	काण्डान्तात् क्षेत्रे	kARqAntAt kzetre	VIDHI
1274	4	1	24	पुरुषात् प्रमाणेऽन्यतरस्याम्	puruzAt pramARenyatarasyAm	VIDHI
1275	4	1	25	बहुव्रीहेरूधसो ङीष्	bahuvrIherUDaso NIz	VIDHI
1276	4	1	26	संख्याव्ययादेर्ङीप्	saMKyAvyayAderNIp	VIDHI
1277	4	1	27	दामहायनान्ताच्च	dAmahAyanAntAcca	VIDHI
1278	4	1	28	अन उपधालोपिनोन्यतरस्याम्	ana upaDAlopinonyatarasyAm	VIDHI
1279	4	1	29	नित्यं संज्ञाछन्दसोः	nityaM saMjYACandasoH	VIDHI
1280	4	1	30	केवलमामकभागधेयपापापरसमानार्यकृत-सुमङ्गलभेषजाच्च	kevalamAmakaBAgaDeyapApAparasamAnAryakfta-sumaNgalaBezajAcca	VIDHI
1281	4	1	31	रात्रेश्चाजसौ	rAtreScAjasO	VIDHI
1282	4	1	32	अन्तर्वत्पतिवतोर्नुक्	antarvatpativatornuk	VIDHI
1283	4	1	33	पत्युर्नो यज्ञसंयोगे	patyurno yajYasaMyoge	VIDHI
1284	4	1	34	विभाषा सपूर्वस्य	viBAzA sapUrvasya	VIDHI
1285	4	1	35	नित्यं सपत्न्यादिषु	nityaM sapatnyAdizu	VIDHI
1286	4	1	36	पूतक्रतोरै च	pUtakratorE ca	VIDHI
1287	4	1	37	वृषाकप्यग्निकुसितकुसिदानामुदात्तः	vfzAkapyagnikusitakusidAnAmudAttaH	VIDHI
1288	4	1	38	मनोरौ वा	manorO vA	VIDHI
1289	4	1	39	वर्णादनुदात्तात्तोपधात्तो नः	varRAdanudAttAttopaDAtto naH	VIDHI
1290	4	1	40	अन्यतो ङीष्	anyato NIz	VIDHI
1291	4	1	41	षिद्गौरादिभ्यश्च	zidgOrAdiByaSca	VIDHI
1292	4	1	42	जानपदकुण्डगोणस्थलभाजनागकालनीलकुशकामुककबराद्वृत्त्यमत्रावपनाकृत्रिमाश्राणास्थौल्यवर्णानाच्छादनायोविकारमैथुनेच्छाकेशवेशेषु	jAnapadakuRqagoRasTalaBAjanAgakAlanIlakuSakAmukakabarAdvfttyamatrAvapanAkftrimASrARAsTOlyavarRAnAcCAdanAyovikAramETunecCAkeSaveSezu	VIDHI
1293	4	1	43	शोणात् प्राचाम्	SoRAt prAcAm	VIDHI
1294	4	1	44	वोतो गुणवचनात्	voto guRavacanAt	VIDHI
1295	4	1	45	बह्वादिभ्यश्च	bahvAdiByaSca	VIDHI
1296	4	1	46	नित्यं छन्दसि	nityaM Candasi	VIDHI
1297	4	1	47	भुवश्च	BuvaSca	VIDHI
1298	4	1	48	पुंयोगादाख्यायाम्	puMyogAdAKyAyAm	VIDHI
1299	4	1	49	इन्द्रवरुणभवशर्वरुद्रमृडहिमारण्ययवयवनमातुलाचार्याणामानुक्	indravaruRaBavaSarvarudramfqahimAraRyayavayavanamAtulAcAryARAmAnuk	VIDHI
1300	4	1	50	क्रीतात् करणपूर्वात्	krItAt karaRapUrvAt	VIDHI
1301	4	1	51	क्तादल्पाख्यायाम्	ktAdalpAKyAyAm	VIDHI
1302	4	1	52	बहुव्रीहेश्चान्तोदात्तात्	bahuvrIheScAntodAttAt	VIDHI
1303	4	1	53	अस्वाङ्गपूर्वपदाद्वा	asvANgapUrvapadAdvA	VIDHI
1304	4	1	54	स्वाङ्गाच्चोपसर्जनादसंयोगोपधात्	svANgAccopasarjanAdasaMyogopaDAt	VIDHI
1305	4	1	55	नासिकोदरौष्ठजङ्घादन्तकर्णशृङ्गाच्च	nAsikodarOzWajaNGAdantakarRaSfNgAcca	VIDHI
1306	4	1	56	न क्रोडादिबह्वचः	na kroqAdibahvacaH	VIDHI
1307	4	1	57	सहनञ्विद्यमानपूर्वाच्च	sahanaYvidyamAnapUrvAcca	VIDHI
1308	4	1	58	नखमुखात् संज्ञायाम्	naKamuKAt saMjYAyAm	VIDHI
1309	4	1	59	दीर्घजिह्वी च च्छन्दसि	dIrGajihvI ca cCandasi	VIDHI
1310	4	1	60	दिक्पूर्वपदान्ङीप्	dikpUrvapadAnNIp	VIDHI
1311	4	1	61	वाहः	vAhaH	VIDHI
1312	4	1	62	सख्यशिश्वीति भाषायाम्	saKyaSiSvIti BAzAyAm	VIDHI
1313	4	1	63	जातेरस्त्रीविषयादयोपधात्	jAterastrIvizayAdayopaDAt	VIDHI
1314	4	1	64	पाककर्णपर्णपुष्पफलमूलवालोत्तरपदाच्च	pAkakarRaparRapuzpaPalamUlavAlottarapadAcca	VIDHI
1315	4	1	65	इतो मनुष्यजातेः	ito manuzyajAteH	VIDHI
1316	4	1	66	ऊङुतः	UNutaH	VIDHI
1317	4	1	67	बाह्वन्तात् संज्ञायाम्	bAhvantAt saMjYAyAm	VIDHI
1318	4	1	68	पङ्गोश्च	paNgoSca	VIDHI
1319	4	1	69	ऊरूत्तरपदादौपम्ये	UrUttarapadAdOpamye	VIDHI
1320	4	1	70	संहितशफलक्षणवामादेश्च	saMhitaSaPalakzaRavAmAdeSca	VIDHI
1321	4	1	71	कद्रुकमण्डल्वोश्छन्दसि	kadrukamaRqalvoSCandasi	VIDHI
1322	4	1	72	संज्ञायाम्	saMjYAyAm	VIDHI
1323	4	1	73	शार्ङ्गरवाद्यञो ङीन्	SArNgaravAdyaYo NIn	VIDHI
1324	4	1	74	यङश्चाप्	yaNaScAp	VIDHI
1325	4	1	75	आवट्याच्च	AvawyAcca	VIDHI
1326	4	1	76	तद्धिताः	tadDitAH	SAMJNA
1327	4	1	77	यूनस्तिः	yUnastiH	VIDHI
1328	4	1	78	अणिञोरनार्षयोर्गुरूपोत्तमयोः ष्यङ् गोत्रे	aRiYoranArzayorgurUpottamayoH zyaN gotre	VIDHI
1329	4	1	79	गोत्रावयवात्	gotrAvayavAt	VIDHI
1330	4	1	80	क्रौड्यादिभ्यश्च	krOqyAdiByaSca	VIDHI
1331	4	1	81	दैवयज्ञिशौचिवृक्षिसात्यमुग्रिकाण्ठेविद्धिभ्योऽन्यतरस्याम्	dEvayajYiSOcivfkzisAtyamugrikARWevidDiByonyatarasyAm	VIDHI
1332	4	1	82	समर्थानां प्रथमाद्वा	samarTAnAM praTamAdvA	ADHIKARA
1333	4	1	83	प्राग्दीव्यतोऽण्	prAgdIvyatoR	ADHIKARA
1334	4	1	84	अश्वपत्यादिभ्यश्च	aSvapatyAdiByaSca	VIDHI
1335	4	1	85	दित्यदित्यादित्यपत्युत्तरपदाण्ण्यः	dityadityAdityapatyuttarapadARRyaH	VIDHI
1336	4	1	86	उत्सादिभ्योऽञ्	utsAdiByoY	VIDHI
1337	4	1	87	स्त्रीपुंसाभ्यां नञ्स्नञौ भवनात्	strIpuMsAByAM naYsnaYO BavanAt	VIDHI
1338	4	1	88	द्विगोर्लुगनपत्ये	dvigorluganapatye	VIDHI
1339	4	1	89	गोत्रेऽलुगचि	gotrelugaci	VIDHI
1340	4	1	90	यूनि लुक्	yUni luk	VIDHI
1341	4	1	91	फक्फिञोरन्यतरस्याम्	PakPiYoranyatarasyAm	VIDHI
1342	4	1	92	तस्यापत्यम्	tasyApatyam	ADHIKARA
1343	4	1	93	एको गोत्रे	eko gotre	VIDHI
1344	4	1	94	गोत्राद्यून्यस्त्रियाम्	gotrAdyUnyastriyAm	VIDHI
1345	4	1	95	अत इञ्	ata iY	VIDHI
1346	4	1	96	बाह्वादिभ्यश्च	bAhvAdiByaSca	VIDHI
1347	4	1	97	सुधातुरकङ् च	suDAturakaN ca	VIDHI
1348	4	1	98	गोत्रे कुञ्जादिभ्यश्च्फञ्	gotre kuYjAdiByaScPaY	VIDHI
1349	4	1	99	नडादिभ्यः फक्	naqAdiByaH Pak	VIDHI
1350	4	1	100	हरितादिभ्योऽञः	haritAdiByoYaH	VIDHI
1351	4	1	101	यञिञोश्च	yaYiYoSca	VIDHI
1352	4	1	102	शरद्वच्छुनकदर्भाद्भृगुवत्साग्रायणेषु	SaradvacCunakadarBAdBfguvatsAgrAyaRezu	VIDHI
1353	4	1	103	द्रोणपर्वतजीवन्तादन्यतरस्याम्	droRaparvatajIvantAdanyatarasyAm	VIDHI
1354	4	1	104	अनृष्यानन्तर्ये बिदादिभ्योऽञ्	anfzyAnantarye bidAdiByoY	VIDHI
1355	4	1	105	गर्गादिभ्यो यञ्	gargAdiByo yaY	VIDHI
1356	4	1	106	मधुबभ्र्वोर्ब्राह्मणकौशिकयोः	maDubaBrvorbrAhmaRakOSikayoH	VIDHI
1357	4	1	107	कपिबोधादाङ्गिरसे	kapiboDAdANgirase	VIDHI
1358	4	1	108	वतण्डाच्च	vataRqAcca	VIDHI
1359	4	1	109	लुक् स्त्रियाम्	luk striyAm	VIDHI
1360	4	1	110	अश्वादिभ्यः फञ्	aSvAdiByaH PaY	VIDHI
1361	4	1	111	भर्गात् त्रैगर्ते	BargAt trEgarte	VIDHI
1362	4	1	112	शिवादिभ्योऽण्	SivAdiByoR	VIDHI
1363	4	1	113	अवृद्धाभ्यो नदीमानुषीभ्यस्तन्नामिकाभ्यः	avfdDAByo nadImAnuzIByastannAmikAByaH	VIDHI
1364	4	1	114	ऋष्यन्धकवृष्णिकुरुभ्यश्च	fzyanDakavfzRikuruByaSca	VIDHI
1365	4	1	115	मातुरुत् संख्यासम्भद्रपूर्वायाः	mAturut saMKyAsamBadrapUrvAyAH	VIDHI
1366	4	1	116	कन्यायाः कनीन च	kanyAyAH kanIna ca	VIDHI
1367	4	1	117	विकर्णशुङ्गच्छगलाद्वत्सभरद्वाजात्रिषु	vikarRaSuNgacCagalAdvatsaBaradvAjAtrizu	VIDHI
1368	4	1	118	पीलाया वा	pIlAyA vA	VIDHI
1369	4	1	119	ढक् च मण्डूकात्	Qak ca maRqUkAt	VIDHI
1370	4	1	120	स्त्रीभ्यो ढक्	strIByo Qak	VIDHI
1371	4	1	121	द्व्यचः	dvyacaH	VIDHI
1372	4	1	122	इतश्चानिञः	itaScAniYaH	VIDHI
1373	4	1	123	शुभ्रादिभ्यश्च	SuBrAdiByaSca	VIDHI
1374	4	1	124	विकर्णकुषीतकात् काश्यपे	vikarRakuzItakAt kASyape	VIDHI
1375	4	1	125	भ्रुवो वुक् च	Bruvo vuk ca	VIDHI
1376	4	1	126	कल्याण्यादीनामिनङ्	kalyARyAdInAminaN	VIDHI
1377	4	1	127	कुलटाया वा	kulawAyA vA	VIDHI
1378	4	1	128	चटकाया ऐरक्	cawakAyA Erak	VIDHI
1379	4	1	129	गोधाया ढ्रक्	goDAyA Qrak	VIDHI
1380	4	1	130	आरगुदीचाम्	AragudIcAm	VIDHI
1381	4	1	131	क्षुद्राभ्यो वा	kzudrAByo vA	VIDHI
1382	4	1	132	पितृष्वसुश्छण्	pitfzvasuSCaR	VIDHI
1383	4	1	133	ढकि लोपः	Qaki lopaH	VIDHI
1384	4	1	134	मातृष्वसुश्च	mAtfzvasuSca	VIDHI
1385	4	1	135	चतुष्पाद्भ्यो ढञ्	catuzpAdByo QaY	VIDHI
1386	4	1	136	गृष्ट्यादिभ्यश्च	gfzwyAdiByaSca	VIDHI
1387	4	1	137	राजश्वशुराद्यत्	rAjaSvaSurAdyat	VIDHI
1388	4	1	138	क्षत्राद्घः	kzatrAdGaH	VIDHI
1389	4	1	139	कुलात् खः	kulAt KaH	VIDHI
1390	4	1	140	अपूर्वपदादन्यतरस्यां यड्ढकञौ	apUrvapadAdanyatarasyAM yaqQakaYO	VIDHI
1391	4	1	141	महाकुलादञ्खञौ	mahAkulAdaYKaYO	VIDHI
1392	4	1	142	दुष्कुलाड्ढक्	duzkulAqQak	VIDHI
1393	4	1	143	स्वसुश्छः	svasuSCaH	VIDHI
1394	4	1	144	भ्रातुर्व्यच्च	BrAturvyacca	VIDHI
1395	4	1	145	व्यन् सपत्ने	vyan sapatne	VIDHI
1396	4	1	146	रेवत्यादिभ्यष्ठक्	revatyAdiByazWak	VIDHI
1397	4	1	147	गोत्रस्त्रियाः कुत्सने ण च	gotrastriyAH kutsane Ra ca	VIDHI
1398	4	1	148	वृद्धाट्ठक् सौवीरेषु बहुलम्	vfdDAwWak sOvIrezu bahulam	VIDHI
1399	4	1	149	फेश्छ च	PeSCa ca	VIDHI
1400	4	1	150	फाण्टाहृतिमिमताभ्यां णफिञौ	PARwAhftimimatAByAM RaPiYO	VIDHI
1401	4	1	151	कुर्वादिभ्यो ण्यः	kurvAdiByo RyaH	VIDHI
1402	4	1	152	सेनान्तलक्षणकारिभ्यश्च	senAntalakzaRakAriByaSca	VIDHI
1403	4	1	153	उदीचामिञ्	udIcAmiY	VIDHI
1404	4	1	154	तिकादिभ्यः फिञ्	tikAdiByaH PiY	VIDHI
1405	4	1	155	कौसल्यकार्मार्याभ्यां च	kOsalyakArmAryAByAM ca	VIDHI
1406	4	1	156	अणो द्व्यचः	aRo dvyacaH	VIDHI
1407	4	1	157	उदीचां वृद्धादगोत्रात्	udIcAM vfdDAdagotrAt	VIDHI
1408	4	1	158	वाकिनादीनां कुक् च	vAkinAdInAM kuk ca	VIDHI
1409	4	1	159	पुत्रान्तादन्यतरस्याम्	putrAntAdanyatarasyAm	VIDHI
1410	4	1	160	प्राचामवृद्धात् फिन् बहुलम्	prAcAmavfdDAt Pin bahulam	VIDHI
1411	4	1	161	मनोर्जातावञ्यतौ षुक् च	manorjAtAvaYyatO zuk ca	VIDHI
1412	4	1	162	अपत्यं पौत्रप्रभृति गोत्रम्	apatyaM pOtrapraBfti gotram	SAMJNA
1413	4	1	163	जीवति तु वंश्ये युवा	jIvati tu vaMSye yuvA	SAMJNA
1414	4	1	164	भ्रातरि च ज्यायसि	BrAtari ca jyAyasi	SAMJNA
1415	4	1	165	वान्यस्मिन् सपिण्डे स्थविरतरे जीवति	vAnyasmin sapiRqe sTaviratare jIvati	SAMJNA
1416	4	1	166	वृद्धस्य च पूजायाम्	vfdDasya ca pUjAyAm	SAMJNA
1417	4	1	167	यूनश्च कुत्सायाम्	yUnaSca kutsAyAm	SAMJNA
1418	4	1	168	जनपदशब्दात् क्षत्रियादञ्	janapadaSabdAt kzatriyAdaY	VIDHI
1419	4	1	169	साल्वेयगान्धारिभ्यां च	sAlveyagAnDAriByAM ca	VIDHI
1420	4	1	170	द्व्यञ्मगधकलिङ्गसूरमसादण्	dvyaYmagaDakaliNgasUramasAdaR	VIDHI
1421	4	1	171	वृद्धेत्कोसलाजादाञ्ञ्यङ्	vfdDetkosalAjAdAYYyaN	VIDHI
1422	4	1	172	कुरुनादिभ्यो ण्यः	kurunAdiByo RyaH	VIDHI
1423	4	1	173	साल्वावयवप्रत्यग्रथकलकूटाश्मकादिञ्	sAlvAvayavapratyagraTakalakUwASmakAdiY	VIDHI
1424	4	1	174	ते तद्राजाः	te tadrAjAH	SAMJNA
1425	4	1	175	कम्बोजाल्लुक्	kambojAlluk	VIDHI
1426	4	1	176	स्त्रियामवन्तिकुन्तिकुरुभ्यश्च	striyAmavantikuntikuruByaSca	VIDHI
1427	4	1	177	अतश्च	ataSca	VIDHI
1428	4	1	178	न प्राच्यभर्गादियौधेयादिभ्यः	na prAcyaBargAdiyODeyAdiByaH	VIDHI
1429	4	2	1	तेन रक्तं रागात्	tena raktaM rAgAt	VIDHI
1430	4	2	2	लाक्षारोचनाशकलकर्दमाट्ठक्	lAkzArocanASakalakardamAwWak	VIDHI
1431	4	2	3	नक्षत्रेण युक्तः कालः	nakzatreRa yuktaH kAlaH	VIDHI
1432	4	2	4	लुबविशेषे	lubaviSeze	VIDHI
1433	4	2	5	संज्ञायां श्रवणाश्वत्थाभ्याम्	saMjYAyAM SravaRASvatTAByAm	VIDHI
1434	4	2	6	द्वन्द्वाच्छः	dvandvAcCaH	VIDHI
1435	4	2	7	दृष्टं साम	dfzwaM sAma	VIDHI
1436	4	2	8	कलेर्ढक्	kalerQak	VIDHI
1437	4	2	9	वामदेवाड्ड्यड्ड्यौ	vAmadevAqqyaqqyO	VIDHI
1438	4	2	10	परिवृतो रथः	parivfto raTaH	VIDHI
1439	4	2	11	पाण्डुकम्बलादिनिः	pARqukambalAdiniH	VIDHI
1440	4	2	12	द्वैपवैयाघ्रादञ्	dvEpavEyAGrAdaY	VIDHI
1441	4	2	13	कौमारापूर्ववचने	kOmArApUrvavacane	VIDHI
1442	4	2	14	तत्रोद्धृतममत्रेभ्यः	tatrodDftamamatreByaH	VIDHI
1443	4	2	15	स्थण्डिलाच्छयितरि व्रते	sTaRqilAcCayitari vrate	VIDHI
1444	4	2	16	संस्कृतं भक्षाः	saMskftaM BakzAH	VIDHI
1445	4	2	17	शूलोखाद्यत्	SUloKAdyat	VIDHI
1446	4	2	18	दध्नष्ठक्	daDnazWak	VIDHI
1447	4	2	19	उदश्वितोऽन्यतरस्याम्	udaSvitonyatarasyAm	VIDHI
1448	4	2	20	क्षीराड्ढञ्	kzIrAqQaY	VIDHI
1449	4	2	21	सास्मिन् पौर्णमासीति संज्ञायाम्	sAsmin pOrRamAsIti saMjYAyAm	VIDHI
1450	4	2	22	आग्रहायण्यश्वत्थाट्ठक्	AgrahAyaRyaSvatTAwWak	VIDHI
1451	4	2	23	विभाषा फाल्गुनीश्रवणाकार्त्तिकीचैत्रीभ्यः	viBAzA PAlgunISravaRAkArttikIcEtrIByaH	VIDHI
1452	4	2	24	सास्य देवता	sAsya devatA	VIDHI
1453	4	2	25	कस्येत्	kasyet	VIDHI
1454	4	2	26	शुक्राद्घन्	SukrAdGan	VIDHI
1455	4	2	27	अपोनप्त्रपान्नप्तृभ्यां घः	aponaptrapAnnaptfByAM GaH	VIDHI
1456	4	2	28	छ च	Ca ca	VIDHI
1457	4	2	29	महेन्द्राद्घाणौ च	mahendrAdGARO ca	VIDHI
1458	4	2	30	सोमाट्ट्यण्	somAwwyaR	VIDHI
1459	4	2	31	वाय्वृतुपित्रुषसो यत्	vAyvftupitruzaso yat	VIDHI
1460	4	2	32	द्यावापृथिवीशुनासीरमरुत्वदग्नीषोमवास्तोष्पतिगृहमेधाच्छ च	dyAvApfTivISunAsIramarutvadagnIzomavAstozpatigfhameDAcCa ca	VIDHI
1461	4	2	33	अग्नेर्ढक्	agnerQak	VIDHI
1462	4	2	34	कालेभ्यो भववत्	kAleByo Bavavat	ADHIKARA
1463	4	2	35	महाराजप्रोष्ठपदाट्ठञ्	mahArAjaprozWapadAwWaY	VIDHI
1464	4	2	36	पितृव्यमातुलमातामहपितामहाः	pitfvyamAtulamAtAmahapitAmahAH	VIDHI
1465	4	2	37	तस्य समूहः	tasya samUhaH	VIDHI
1466	4	2	38	भिक्षादिभ्योऽण्	BikzAdiByoR	VIDHI
1467	4	2	39	गोत्रोक्षोष्ट्रोरभ्रराजराजन्यराजपुत्रवत्समनुष्याजाद्वुञ्	gotrokzozwroraBrarAjarAjanyarAjaputravatsamanuzyAjAdvuY	VIDHI
1468	4	2	40	केदाराद्यञ् च	kedArAdyaY ca	VIDHI
1469	4	2	41	ठञ् कवचिनश्च	WaY kavacinaSca	VIDHI
1470	4	2	42	ब्राह्मणमाणववाडवाद्यन्	brAhmaRamARavavAqavAdyan	VIDHI
1471	4	2	43	ग्रामजनबन्धुसहायेभ्यः तल्	grAmajanabanDusahAyeByaH tal	VIDHI
1472	4	2	44	अनुदात्तादेरञ्	anudAttAderaY	VIDHI
1473	4	2	45	खण्डिकादिभ्यश्च	KaRqikAdiByaSca	VIDHI
1474	4	2	46	चरणेभ्यो धर्मवत्	caraReByo Darmavat	ADHIKARA
1475	4	2	47	अचित्तहस्तिधेनोष्ठक्	acittahastiDenozWak	VIDHI
1476	4	2	48	केशाश्वाभ्यां यञ्छावन्यतरस्याम्	keSASvAByAM yaYCAvanyatarasyAm	VIDHI
1477	4	2	49	पाशादिभ्यो यः	pASAdiByo yaH	VIDHI
1478	4	2	50	खलगोरथात्	KalagoraTAt	VIDHI
1479	4	2	51	इनित्रकट्यचश्च	initrakawyacaSca	VIDHI
1480	4	2	52	विषयो देशे	vizayo deSe	VIDHI
1481	4	2	53	राजन्यादिभ्यो वुञ्	rAjanyAdiByo vuY	VIDHI
1482	4	2	54	भौरिक्याद्यैषुकार्यादिभ्यो विधल्भक्तलौ	BOrikyAdyEzukAryAdiByo viDalBaktalO	VIDHI
1483	4	2	55	सोऽस्यादिरिति च्छन्दसः प्रगाथेषु	sosyAdiriti cCandasaH pragATezu	VIDHI
1484	4	2	56	संग्रामे प्रयोजनयोद्धृभ्यः	saMgrAme prayojanayodDfByaH	VIDHI
1485	4	2	57	तदस्यां प्रहरणमिति क्रीडायाम् णः	tadasyAM praharaRamiti krIqAyAm RaH	VIDHI
1486	4	2	58	घञः साऽस्यां क्रियेति ञः	GaYaH sAsyAM kriyeti YaH	VIDHI
1487	4	2	59	तदधीते तद्वेद	tadaDIte tadveda	VIDHI
1488	4	2	60	क्रतूक्थादिसूत्रान्ताट्ठक्	kratUkTAdisUtrAntAwWak	VIDHI
1489	4	2	61	क्रमादिभ्यो वुन्	kramAdiByo vun	VIDHI
1490	4	2	62	अनुब्राह्मणादिनिः	anubrAhmaRAdiniH	VIDHI
1491	4	2	63	वसन्तादिभ्यष्ठक्	vasantAdiByazWak	VIDHI
1492	4	2	64	प्रोक्ताल्लुक्	proktAlluk	VIDHI
1493	4	2	65	सूत्राच्च कोपधात्	sUtrAcca kopaDAt	VIDHI
1494	4	2	66	छन्दोब्राह्मणानि च तद्विषयाणि	CandobrAhmaRAni ca tadvizayARi	VIDHI
1495	4	2	67	तदस्मिन्नस्तीति देशे तन्नाम्नि	tadasminnastIti deSe tannAmni	VIDHI
1496	4	2	68	तेन निर्वृत्तम्	tena nirvfttam	VIDHI
1497	4	2	69	तस्य निवासः	tasya nivAsaH	VIDHI
1498	4	2	70	अदूरभवश्च	adUraBavaSca	VIDHI
1499	4	2	71	ओरञ्	oraY	VIDHI
1500	4	2	72	मतोश्च बह्वजङ्गात्	matoSca bahvajaNgAt	VIDHI
1501	4	2	73	बह्वचः कूपेषु	bahvacaH kUpezu	VIDHI
1502	4	2	74	उदक् च विपाशः	udak ca vipASaH	VIDHI
1503	4	2	75	संकलादिभ्यश्च	saMkalAdiByaSca	VIDHI
1504	4	2	76	स्त्रीषु सौवीरसाल्वप्राक्षु	strIzu sOvIrasAlvaprAkzu	VIDHI
1505	4	2	77	सुवास्त्वादिभ्योऽण्	suvAstvAdiByoR	VIDHI
1506	4	2	78	रोणी	roRI	VIDHI
1507	4	2	79	कोपधाच्च	kopaDAcca	VIDHI
1508	4	2	80	वुञ्छण्कठजिलसेनिरढञ्ण्ययफक्फिञिञ्ञ्यकक्ठकोऽरीहणकृशाश्वर्श्यकुमुदकाशतृणप्रेक्षाऽश्मसखिसंकाशबलपक्षकर्णसुतंगमप्रगदिन्वराहकुमुदादिभ्यः	vuYCaRkaWajilaseniraQaYRyayaPakPiYiYYyakakWakorIhaRakfSASvarSyakumudakASatfRaprekzASmasaKisaMkASabalapakzakarRasutaMgamapragadinvarAhakumudAdiByaH	VIDHI
1509	4	2	81	जनपदे लुप्	janapade lup	VIDHI
1510	4	2	82	वरणादिभ्यश्च	varaRAdiByaSca	VIDHI
1511	4	2	83	शर्कराया वा	SarkarAyA vA	VIDHI
1512	4	2	84	ठक्छौ च	WakCO ca	VIDHI
1513	4	2	85	नद्यां मतुप्	nadyAM matup	VIDHI
1514	4	2	86	मध्वादिभ्यश्च	maDvAdiByaSca	VIDHI
1515	4	2	87	कुमुदनडवेतसेभ्यो ड्मतुप्	kumudanaqavetaseByo qmatup	VIDHI
1516	4	2	88	नडशादाड्ड्वलच्	naqaSAdAqqvalac	VIDHI
1517	4	2	89	शिखाया वलच्	SiKAyA valac	VIDHI
1518	4	2	90	उत्करादिभ्यश्छः	utkarAdiByaSCaH	VIDHI
1519	4	2	91	नडादीनां कुक् च	naqAdInAM kuk ca	VIDHI
1520	4	2	92	शेषे	Seze	VIDHI
1521	4	2	93	राष्ट्रावारपाराद्घखौ	rAzwrAvArapArAdGaKO	VIDHI
1522	4	2	94	ग्रामाद्यखञौ	grAmAdyaKaYO	VIDHI
1523	4	2	95	कत्र्यादिभ्यो ढकञ्	katryAdiByo QakaY	VIDHI
1524	4	2	96	कुलकुक्षिग्रीवाभ्यः श्वास्यलंकारेषु	kulakukzigrIvAByaH SvAsyalaMkArezu	VIDHI
1525	4	2	97	नद्यादिभ्यो ढक्	nadyAdiByo Qak	VIDHI
1526	4	2	98	दक्षिणापश्चात्पुरसस्त्यक्	dakziRApaScAtpurasastyak	VIDHI
1527	4	2	99	कापिश्याः ष्फक्	kApiSyAH zPak	VIDHI
1528	4	2	100	रंकोरमनुष्येऽण् च	raMkoramanuzyeR ca	VIDHI
1529	4	2	101	द्युप्रागपागुदक्प्रतीचो यत्	dyuprAgapAgudakpratIco yat	VIDHI
1530	4	2	102	कन्थायाष्ठक्	kanTAyAzWak	VIDHI
1531	4	2	103	वर्णौ वुक्	varRO vuk	VIDHI
1532	4	2	104	अव्ययात्त्यप्	avyayAttyap	VIDHI
1533	4	2	105	ऐषमोह्यःश्वसोऽन्यतरस्याम्	EzamohyaHSvasonyatarasyAm	VIDHI
1534	4	2	106	तीररूप्योत्तरपदादञ्ञौ	tIrarUpyottarapadAdaYYO	VIDHI
1535	4	2	107	दिक्पूर्वपदादसंज्ञायां ञः	dikpUrvapadAdasaMjYAyAM YaH	VIDHI
1536	4	2	108	मद्रेभ्योऽञ्	madreByoY	VIDHI
1537	4	2	109	उदीच्यग्रामाच्च बह्वचोऽन्तोदात्तात्	udIcyagrAmAcca bahvacontodAttAt	VIDHI
1538	4	2	110	प्रस्थोत्तरपदपलद्यादिकोपधादण्	prasTottarapadapaladyAdikopaDAdaR	VIDHI
1539	4	2	111	कण्वादिभ्यो गोत्रे	kaRvAdiByo gotre	VIDHI
1540	4	2	112	इञश्च	iYaSca	VIDHI
1541	4	2	113	न द्व्यचः प्राच्यभरतेषु	na dvyacaH prAcyaBaratezu	VIDHI
1542	4	2	114	वृद्धाच्छः	vfdDAcCaH	VIDHI
1543	4	2	115	भवतष्ठक्छसौ	BavatazWakCasO	VIDHI
1544	4	2	116	काश्यादिभ्यष्ठञ्ञिठौ	kASyAdiByazWaYYiWO	VIDHI
1545	4	2	117	वाहीकग्रामेभ्यश्च	vAhIkagrAmeByaSca	VIDHI
1546	4	2	118	विभाषोशीनरेषु	viBAzoSInarezu	VIDHI
1547	4	2	119	ओर्देशे ठञ्	ordeSe WaY	VIDHI
1548	4	2	120	वृद्धात् प्राचाम्	vfdDAt prAcAm	VIDHI
1549	4	2	121	धन्वयोपधाद्वुञ्	DanvayopaDAdvuY	VIDHI
1550	4	2	122	प्रस्थपुरवहान्ताच्च	prasTapuravahAntAcca	VIDHI
1551	4	2	123	रोपधेतोः प्राचाम्	ropaDetoH prAcAm	VIDHI
1552	4	2	124	जनपदतदवध्योश्च	janapadatadavaDyoSca	VIDHI
1553	4	2	125	अवृद्धादपि बहुवचनविषयात्	avfdDAdapi bahuvacanavizayAt	VIDHI
1554	4	2	126	कच्छाग्निवक्त्रवर्त्तोत्तरपदात्	kacCAgnivaktravarttottarapadAt	VIDHI
1555	4	2	127	धूमादिभ्यश्च	DUmAdiByaSca	VIDHI
1556	4	2	128	नगरात् कुत्सनप्रावीण्ययोः	nagarAt kutsanaprAvIRyayoH	VIDHI
1557	4	2	129	अरण्यान्मनुष्ये	araRyAnmanuzye	VIDHI
1558	4	2	130	विभाषा कुरुयुगन्धराभ्याम्	viBAzA kuruyuganDarAByAm	VIDHI
1559	4	2	131	मद्रवृज्योः कन्	madravfjyoH kan	VIDHI
1560	4	2	132	कोपधादण्	kopaDAdaR	VIDHI
1561	4	2	133	कच्छादिभ्यश्च	kacCAdiByaSca	VIDHI
1562	4	2	134	मनुष्यतत्स्थयोर्वुञ्	manuzyatatsTayorvuY	VIDHI
1563	4	2	135	अपदातौ साल्वात्	apadAtO sAlvAt	VIDHI
1564	4	2	136	गोयवाग्वोश्च	goyavAgvoSca	VIDHI
1565	4	2	137	गर्तोत्तरपदाच्छः	gartottarapadAcCaH	VIDHI
1566	4	2	138	गहादिभ्यश्च	gahAdiByaSca	VIDHI
1567	4	2	139	प्राचां कटादेः	prAcAM kawAdeH	VIDHI
1568	4	2	140	राज्ञः क च	rAjYaH ka ca	VIDHI
1569	4	2	141	वृद्धादकेकान्तखोपधात्	vfdDAdakekAntaKopaDAt	VIDHI
1570	4	2	142	कन्थापलदनगरग्रामहृदोत्तरपदात्	kanTApaladanagaragrAmahfdottarapadAt	VIDHI
1571	4	2	143	पर्वताच्च	parvatAcca	VIDHI
1572	4	2	144	विभाषाऽमनुष्ये	viBAzAmanuzye	VIDHI
1573	4	2	145	कृकणपर्णाद्भारद्वाजे	kfkaRaparRAdBAradvAje	VIDHI
1574	4	3	1	युष्मदस्मदोरन्यतरस्यां खञ् च	yuzmadasmadoranyatarasyAM KaY ca	VIDHI
1575	4	3	2	तस्मिन्नणि च युष्माकास्माकौ	tasminnaRi ca yuzmAkAsmAkO	VIDHI
1576	4	3	3	तवकममकावेकवचने	tavakamamakAvekavacane	VIDHI
1577	4	3	4	अर्धाद्यत्	arDAdyat	VIDHI
1578	4	3	5	परावराधमोत्तमपूर्वाच्च	parAvarADamottamapUrvAcca	VIDHI
1579	4	3	6	दिक्पूर्वपदाट्ठञ् च	dikpUrvapadAwWaY ca	VIDHI
1580	4	3	7	ग्रामजनपदैकदेशादञ्ठञौ	grAmajanapadEkadeSAdaYWaYO	VIDHI
1581	4	3	8	मध्यान्मः	maDyAnmaH	VIDHI
1582	4	3	9	अ साम्प्रतिके	a sAmpratike	VIDHI
1583	4	3	10	द्वीपादनुसमुद्रं यञ्	dvIpAdanusamudraM yaY	VIDHI
1584	4	3	11	कालाट्ठञ्	kAlAwWaY	VIDHI
1585	4	3	12	श्राद्धे शरदः	SrAdDe SaradaH	VIDHI
1586	4	3	13	विभाषा रोगातपयोः	viBAzA rogAtapayoH	VIDHI
1587	4	3	14	निशाप्रदोषाभ्यां च	niSApradozAByAM ca	VIDHI
1588	4	3	15	श्वसस्तुट् च	Svasastuw ca	VIDHI
1589	4	3	16	संधिवेलाद्यृतुनक्षत्रेभ्योऽण्	saMDivelAdyftunakzatreByoR	VIDHI
1590	4	3	17	प्रावृष एण्यः	prAvfza eRyaH	VIDHI
1591	4	3	18	वर्षाभ्यष्ठक्	varzAByazWak	VIDHI
1592	4	3	19	छन्दसि ठञ्	Candasi WaY	VIDHI
1593	4	3	20	वसन्ताच्च	vasantAcca	VIDHI
1594	4	3	21	हेमन्ताच्च	hemantAcca	VIDHI
1595	4	3	22	सर्वत्राण् च तलोपश्च	sarvatrAR ca talopaSca	VIDHI
1596	4	3	23	सायंचिरम्प्राह्णेप्रगेऽव्ययेभ्यष्ट्युट्युलौ तुट् च	sAyaMciramprAhRepragevyayeByazwyuwyulO tuw ca	VIDHI
1597	4	3	24	विभाषा पूर्वाह्णापराह्णाभ्याम्	viBAzA pUrvAhRAparAhRAByAm	VIDHI
1598	4	3	25	तत्र जातः	tatra jAtaH	VIDHI
1599	4	3	26	प्रावृषष्ठप्	prAvfzazWap	VIDHI
1600	4	3	27	संज्ञायां शरदो वुञ्	saMjYAyAM Sarado vuY	VIDHI
1601	4	3	28	पूर्वाह्णापराह्णार्द्रामूलप्रदोषावस्कराद्वुन्	pUrvAhRAparAhRArdrAmUlapradozAvaskarAdvun	VIDHI
1602	4	3	29	पथः पन्थ च	paTaH panTa ca	VIDHI
1603	4	3	30	अमावास्याया वा	amAvAsyAyA vA	VIDHI
1604	4	3	31	अ च	a ca	VIDHI
1605	4	3	32	सिन्ध्वपकराभ्यां कन्	sinDvapakarAByAM kan	VIDHI
1606	4	3	33	अणञौ च	aRaYO ca	VIDHI
1607	4	3	34	श्रविष्ठाफल्गुन्यनुराधास्वातितिष्यपुनर्वसुहस्तविशाखाषाढाबहुलाल्लुक्	SravizWAPalgunyanurADAsvAtitizyapunarvasuhastaviSAKAzAQAbahulAlluk	VIDHI
1608	4	3	35	स्थानान्तगोशालखरशालाच्च	sTAnAntagoSAlaKaraSAlAcca	VIDHI
1609	4	3	36	वत्सशालाभिजिदश्वयुक्छतभिषजो वा	vatsaSAlABijidaSvayukCataBizajo vA	VIDHI
1610	4	3	37	नक्षत्रेभ्यो बहुलम्	nakzatreByo bahulam	VIDHI
1611	4	3	38	कृतलब्धक्रीतकुशलाः	kftalabDakrItakuSalAH	VIDHI
1612	4	3	39	प्रायभवः	prAyaBavaH	VIDHI
1613	4	3	40	उपजानूपकर्णोपनीवेष्ठक्	upajAnUpakarRopanIvezWak	VIDHI
1614	4	3	41	संभूते	saMBUte	VIDHI
1615	4	3	42	कोशाड्ढञ्	koSAqQaY	VIDHI
1616	4	3	43	कालात् साधुपुष्प्यत्पच्यमानेषु	kAlAt sADupuzpyatpacyamAnezu	VIDHI
1617	4	3	44	उप्ते च	upte ca	VIDHI
1618	4	3	45	आश्वयुज्या वुञ्	ASvayujyA vuY	VIDHI
1619	4	3	46	ग्रीष्मवसन्तादन्यतरस्याम्	grIzmavasantAdanyatarasyAm	VIDHI
1620	4	3	47	देयमृणे	deyamfRe	VIDHI
1621	4	3	48	कलाप्यश्वत्थयवबुसाद्वुन्	kalApyaSvatTayavabusAdvun	VIDHI
1622	4	3	49	ग्रीष्मावरसमाद्वुञ्	grIzmAvarasamAdvuY	VIDHI
1623	4	3	50	संवत्सराग्रहायणीभ्यां ठञ् च	saMvatsarAgrahAyaRIByAM WaY ca	VIDHI
1624	4	3	51	व्याहरति मृगः	vyAharati mfgaH	VIDHI
1625	4	3	52	तदस्य सोढम्	tadasya soQam	VIDHI
1626	4	3	53	तत्र भवः	tatra BavaH	VIDHI
1627	4	3	54	दिगादिभ्यो यत्	digAdiByo yat	VIDHI
1628	4	3	55	शरीरावयवाच्च	SarIrAvayavAcca	VIDHI
1629	4	3	56	दृतिकुक्षिकलशिवस्त्यस्त्यहेर्ढञ्	dftikukzikalaSivastyastyaherQaY	VIDHI
1630	4	3	57	ग्रीवाभ्योऽण् च	grIvAByoR ca	VIDHI
1631	4	3	58	गम्भीराञ्ञ्यः	gamBIrAYYyaH	VIDHI
1632	4	3	59	अव्ययीभावाच्च	avyayIBAvAcca	VIDHI
1633	4	3	60	अन्तःपूर्वपदाट्ठञ्	antaHpUrvapadAwWaY	VIDHI
1634	4	3	61	ग्रामात् पर्यनुपूर्वात्	grAmAt paryanupUrvAt	VIDHI
1635	4	3	62	जिह्वामूलाङ्गुलेश्छः	jihvAmUlANguleSCaH	VIDHI
1636	4	3	63	वर्गान्ताच्च	vargAntAcca	VIDHI
1637	4	3	64	अशब्दे यत्खावन्यतरस्याम्	aSabde yatKAvanyatarasyAm	VIDHI
1638	4	3	65	कर्णललाटात् कनलंकारे	karRalalAwAt kanalaMkAre	VIDHI
1639	4	3	66	तस्य व्याख्यान इति च व्याख्यातव्यनाम्नः	tasya vyAKyAna iti ca vyAKyAtavyanAmnaH	VIDHI
1640	4	3	67	बह्वचोऽन्तोदात्ताट्ठञ्	bahvacontodAttAwWaY	VIDHI
1641	4	3	68	क्रतुयज्ञेभ्यश्च	kratuyajYeByaSca	VIDHI
1642	4	3	69	अध्यायेष्वेवर्षेः	aDyAyezvevarzeH	VIDHI
1643	4	3	70	पौरोडाशपुरोडाशात् ष्ठन्	pOroqASapuroqASAt zWan	VIDHI
1644	4	3	71	छन्दसो यदणौ	Candaso yadaRO	VIDHI
1645	4	3	72	द्व्यजृद्ब्राह्मणर्क्प्रथमाध्वरपुरश्चरणनामाख्याताट्ठक्	dvyajfdbrAhmaRarkpraTamADvarapuraScaraRanAmAKyAtAwWak	VIDHI
1646	4	3	73	अणृगयनादिभ्यः	aRfgayanAdiByaH	VIDHI
1647	4	3	74	तत आगतः	tata AgataH	VIDHI
1648	4	3	75	ठगायस्थानेभ्यः	WagAyasTAneByaH	VIDHI
1649	4	3	76	शुण्डिकादिभ्योऽण्	SuRqikAdiByoR	VIDHI
1650	4	3	77	विद्यायोनिसंबन्धेभ्यो वुञ्	vidyAyonisaMbanDeByo vuY	VIDHI
1651	4	3	78	ऋतष्ठञ्	ftazWaY	VIDHI
1652	4	3	79	पितुर्यच्च	pituryacca	VIDHI
1653	4	3	80	गोत्रादङ्कवत्	gotrAdaNkavat	VIDHI
1654	4	3	81	हेतुमनुष्येभ्योऽन्यतरस्यां रूप्यः	hetumanuzyeByonyatarasyAM rUpyaH	VIDHI
1655	4	3	82	मयट् च	mayaw ca	VIDHI
1656	4	3	83	प्रभवति	praBavati	VIDHI
1657	4	3	84	विदूराञ्ञ्यः	vidUrAYYyaH	VIDHI
1658	4	3	85	तद्गच्छति पथिदूतयोः	tadgacCati paTidUtayoH	VIDHI
1659	4	3	86	अभिनिष्क्रामति द्वारम्	aBinizkrAmati dvAram	VIDHI
1660	4	3	87	अधिकृत्य कृते ग्रन्थे	aDikftya kfte granTe	VIDHI
1661	4	3	88	शिशुक्रन्दयमसभद्वन्द्वेन्द्रजननादिभ्यश्छः	SiSukrandayamasaBadvandvendrajananAdiByaSCaH	VIDHI
1662	4	3	89	सोऽस्य निवासः	sosya nivAsaH	VIDHI
1663	4	3	90	अभिजनश्च	aBijanaSca	VIDHI
1664	4	3	91	आयुधजीविभ्यश्छः पर्वते	AyuDajIviByaSCaH parvate	VIDHI
1665	4	3	92	शण्डिकादिभ्यो ञ्यः	SaRqikAdiByo YyaH	VIDHI
1666	4	3	93	सिन्धुतक्षशिलादिभ्योऽणञौ	sinDutakzaSilAdiByoRaYO	VIDHI
1667	4	3	94	तूदीशलातुरवर्मतीकूचवाराड्ढक्छण्ढञ्यकः	tUdISalAturavarmatIkUcavArAqQakCaRQaYyakaH	VIDHI
1668	4	3	95	भक्तिः	BaktiH	VIDHI
1669	4	3	96	अचित्ताददेशकालाट्ठक्	acittAdadeSakAlAwWak	VIDHI
1670	4	3	97	महाराजाट्ठञ्	mahArAjAwWaY	VIDHI
1671	4	3	98	वासुदेवार्जुनाभ्यां वुन्	vAsudevArjunAByAM vun	VIDHI
1672	4	3	99	गोत्रक्षत्रियाख्येभ्यो बहुलं वुञ्	gotrakzatriyAKyeByo bahulaM vuY	VIDHI
1673	4	3	100	जनपदिनां जनपदवत् सर्वं जनपदेन समानशब्दानां बहुवचने	janapadinAM janapadavat sarvaM janapadena samAnaSabdAnAM bahuvacane	VIDHI
1674	4	3	101	तेन प्रोक्तम्	tena proktam	VIDHI
1675	4	3	102	तित्तिरिवरतन्तुखण्डिकोखाच्छण्	tittirivaratantuKaRqikoKAcCaR	VIDHI
1676	4	3	103	काश्यपकौशिकाभ्यामृषिभ्यां णिनिः	kASyapakOSikAByAmfziByAM RiniH	VIDHI
1677	4	3	104	कलापिवैशम्पायनान्तेवासिभ्यश्च	kalApivESampAyanAntevAsiByaSca	VIDHI
1678	4	3	105	पुराणप्रोक्तेषु ब्राह्मणकल्पेषु	purARaproktezu brAhmaRakalpezu	VIDHI
1679	4	3	106	शौनकादिभ्यश्छन्दसि	SOnakAdiByaSCandasi	VIDHI
1680	4	3	107	कठचरकाल्लुक्	kaWacarakAlluk	VIDHI
1681	4	3	108	कलापिनोऽण्	kalApinoR	VIDHI
1682	4	3	109	छगलिनो ढिनुक्	Cagalino Qinuk	VIDHI
1683	4	3	110	पाराशर्यशिलालिभ्यां भिक्षुनटसूत्रयोः	pArASaryaSilAliByAM BikzunawasUtrayoH	VIDHI
1684	4	3	111	कर्मन्दकृशाश्वादिनिः	karmandakfSASvAdiniH	VIDHI
1685	4	3	112	तेनैकदिक्	tenEkadik	VIDHI
1686	4	3	113	तसिश्च	tasiSca	VIDHI
1687	4	3	114	उरसो यच्च	uraso yacca	VIDHI
1688	4	3	115	उपज्ञाते	upajYAte	VIDHI
1689	4	3	116	कृते ग्रन्थे	kfte granTe	VIDHI
1690	4	3	117	संज्ञायाम्	saMjYAyAm	VIDHI
1691	4	3	118	कुलालादिभ्यो वुञ्	kulAlAdiByo vuY	VIDHI
1692	4	3	119	क्षुद्राभ्रमरवटरपादपादञ्	kzudrABramaravawarapAdapAdaY	VIDHI
1693	4	3	120	तस्येदम्	tasyedam	VIDHI
1694	4	3	121	रथाद्यत्	raTAdyat	VIDHI
1695	4	3	122	पत्रपूर्वादञ्	patrapUrvAdaY	VIDHI
1696	4	3	123	पत्राध्वर्युपरिषदश्च	patrADvaryuparizadaSca	VIDHI
1697	4	3	124	हलसीराट्ठक्	halasIrAwWak	VIDHI
1698	4	3	125	द्वन्द्वाद्वुन् वैरमैथुनिकयोः	dvandvAdvun vEramETunikayoH	VIDHI
1699	4	3	126	गोत्रचरणाद्वुञ्	gotracaraRAdvuY	VIDHI
1700	4	3	127	संघाङ्कलक्षणेष्वञ्यञिञामण्	saMGANkalakzaRezvaYyaYiYAmaR	VIDHI
1701	4	3	128	शाकलाद्वा	SAkalAdvA	VIDHI
1702	4	3	129	छन्दोगौक्थिकयाज्ञिकबह्वृचनटाञ्ञ्यः	CandogOkTikayAjYikabahvfcanawAYYyaH	VIDHI
1703	4	3	130	न दण्डमाणवान्तेवासिषु	na daRqamARavAntevAsizu	VIDHI
1704	4	3	131	रैवतिकादिभ्यश्छः	rEvatikAdiByaSCaH	VIDHI
1705	4	3	132	कौपिञ्जलहास्तिपदादण्	kOpiYjalahAstipadAdaR	VIDHI
1706	4	3	133	आथर्वणिकस्येकलोपश्च	ATarvaRikasyekalopaSca	VIDHI
1707	4	3	134	तस्य विकारः	tasya vikAraH	VIDHI
1708	4	3	135	अवयवे च प्राण्योषधिवृक्षेभ्यः	avayave ca prARyozaDivfkzeByaH	VIDHI
1709	4	3	136	बिल्वादिभ्योऽण्	bilvAdiByoR	VIDHI
1710	4	3	137	कोपधाच्च	kopaDAcca	VIDHI
1711	4	3	138	त्रपुजतुनोः षुक्	trapujatunoH zuk	VIDHI
1712	4	3	139	ओरञ्	oraY	VIDHI
1713	4	3	140	अनुदात्तादेश्च	anudAttAdeSca	VIDHI
1714	4	3	141	पलाशादिभ्यो वा	palASAdiByo vA	VIDHI
1715	4	3	142	शम्याष्ट्लञ्	SamyAzwlaY	VIDHI
1716	4	3	143	मयड्वैतयोर्भाषायामभक्ष्याच्छादनयोः	mayaqvEtayorBAzAyAmaBakzyAcCAdanayoH	VIDHI
1717	4	3	144	नित्यं वृद्धशरादिभ्यः	nityaM vfdDaSarAdiByaH	VIDHI
1718	4	3	145	गोश्च पुरीषे	goSca purIze	VIDHI
1719	4	3	146	पिष्टाच्च	pizwAcca	VIDHI
1720	4	3	147	संज्ञायां कन्	saMjYAyAM kan	VIDHI
1721	4	3	148	व्रीहेः पुरोडाशे	vrIheH puroqASe	VIDHI
1722	4	3	149	असंज्ञायां तिलयवाभ्याम्	asaMjYAyAM tilayavAByAm	VIDHI
1723	4	3	150	द्व्यचश्छन्दसि	dvyacaSCandasi	VIDHI
1724	4	3	151	नोत्वद्वर्ध्रबिल्वात्	notvadvarDrabilvAt	VIDHI
1725	4	3	152	तालादिभ्योऽण्	tAlAdiByoR	VIDHI
1726	4	3	153	जातरूपेभ्यः परिमाणे	jAtarUpeByaH parimARe	VIDHI
1727	4	3	154	प्राणिरजतादिभ्योऽञ्	prARirajatAdiByoY	VIDHI
1728	4	3	155	ञितश्च तत्प्रत्ययात्	YitaSca tatpratyayAt	VIDHI
1729	4	3	156	क्रीतवत् परिमाणात्	krItavat parimARAt	VIDHI
1730	4	3	157	उष्ट्राद्वुञ्	uzwrAdvuY	VIDHI
1731	4	3	158	उमोर्णयोर्वा	umorRayorvA	VIDHI
1732	4	3	159	एण्या ढञ्	eRyA QaY	VIDHI
1733	4	3	160	गोपयसोर्यत्	gopayasoryat	VIDHI
1734	4	3	161	द्रोश्च	droSca	VIDHI
1735	4	3	162	माने वयः	mAne vayaH	VIDHI
1736	4	3	163	फले लुक्	Pale luk	VIDHI
1737	4	3	164	प्लक्षादिभ्योऽण्	plakzAdiByoR	VIDHI
1738	4	3	165	जम्ब्वा वा	jambvA vA	VIDHI
1739	4	3	166	लुप् च	lup ca	VIDHI
1740	4	3	167	हरीतक्यादिभ्यश्च	harItakyAdiByaSca	VIDHI
1741	4	3	168	कंसीयपरशव्ययोर्यञञौ लुक् च	kaMsIyaparaSavyayoryaYaYO luk ca	VIDHI
1742	4	4	1	प्राग्वहतेष्ठक्	prAgvahatezWak	ADHIKARA
1743	4	4	2	तेन दीव्यति खनति जयति जितम्	tena dIvyati Kanati jayati jitam	VIDHI
1744	4	4	3	संस्कृतम्	saMskftam	VIDHI
1745	4	4	4	कुलत्थकोपधादण्	kulatTakopaDAdaR	VIDHI
1746	4	4	5	तरति	tarati	VIDHI
1747	4	4	6	गोपुच्छाट्ठञ्	gopucCAwWaY	VIDHI
1748	4	4	7	नौद्व्यचष्ठन्	nOdvyacazWan	VIDHI
1749	4	4	8	चरति	carati	VIDHI
1750	4	4	9	आकर्षात् ष्ठल्	AkarzAt zWal	VIDHI
1751	4	4	10	पर्पादिभ्यः ष्ठन्	parpAdiByaH zWan	VIDHI
1752	4	4	11	श्वगणाट्ठञ्च	SvagaRAwWaYca	VIDHI
1753	4	4	12	वेतनादिभ्यो जीवति	vetanAdiByo jIvati	VIDHI
1754	4	4	13	वस्नक्रयविक्रयाट्ठन्	vasnakrayavikrayAwWan	VIDHI
1755	4	4	14	आयुधाच्छ च	AyuDAcCa ca	VIDHI
1756	4	4	15	हरत्युत्सङ्गादिभ्यः	haratyutsaNgAdiByaH	VIDHI
1757	4	4	16	भस्त्रादिभ्यः ष्ठन्	BastrAdiByaH zWan	VIDHI
1758	4	4	17	विभाषा विवधवीवधात्	viBAzA vivaDavIvaDAt	VIDHI
1759	4	4	18	अण् कुटिलिकायाः	aR kuwilikAyAH	VIDHI
1760	4	4	19	निर्वृत्तेऽक्षद्यूतादिभ्यः	nirvfttekzadyUtAdiByaH	VIDHI
1761	4	4	20	क्त्रेर्मम् नित्यम्	ktrermam nityam	VIDHI
1762	4	4	21	अपमित्ययाचिताभ्यां कक्कनौ	apamityayAcitAByAM kakkanO	VIDHI
1763	4	4	22	संसृष्टे	saMsfzwe	VIDHI
1764	4	4	23	चूर्णादिनिः	cUrRAdiniH	VIDHI
1765	4	4	24	लवणाल्लुक्	lavaRAlluk	VIDHI
1766	4	4	25	मुद्गादण्	mudgAdaR	VIDHI
1767	4	4	26	व्यञ्जनैरुपसिक्ते	vyaYjanErupasikte	VIDHI
1768	4	4	27	ओजस्सहोऽम्भसा वर्तते	ojassahomBasA vartate	VIDHI
1769	4	4	28	तत् प्रत्यनुपूर्वमीपलोमकूलम्	tat pratyanupUrvamIpalomakUlam	VIDHI
1770	4	4	29	परिमुखं च	parimuKaM ca	VIDHI
1771	4	4	30	प्रयच्छति गर्ह्यम्	prayacCati garhyam	VIDHI
1772	4	4	31	कुसीददशैकादशात् ष्ठन्ष्ठचौ	kusIdadaSEkAdaSAt zWanzWacO	VIDHI
1773	4	4	32	उञ्छति	uYCati	VIDHI
1774	4	4	33	रक्षति	rakzati	VIDHI
1775	4	4	34	शब्ददर्दुरं करोति	SabdadarduraM karoti	VIDHI
1776	4	4	35	पक्षिमत्स्यमृगान् हन्ति	pakzimatsyamfgAn hanti	VIDHI
1777	4	4	36	परिपन्थं च तिष्ठति	paripanTaM ca tizWati	VIDHI
1778	4	4	37	माथोत्तरपदपदव्यनुपदं धावति	mATottarapadapadavyanupadaM DAvati	VIDHI
1779	4	4	38	आक्रन्दाट्ठञ्च	AkrandAwWaYca	VIDHI
1780	4	4	39	पदोत्तरपदं गृह्णाति	padottarapadaM gfhRAti	VIDHI
1781	4	4	40	प्रतिकण्ठार्थललामं च	pratikaRWArTalalAmaM ca	VIDHI
1782	4	4	41	धर्मं चरति	DarmaM carati	VIDHI
1783	4	4	42	प्रतिपथमेति ठंश्च	pratipaTameti WaMSca	VIDHI
1784	4	4	43	समवायान् समवैति	samavAyAn samavEti	VIDHI
1785	4	4	44	परिषदो ण्यः	parizado RyaH	VIDHI
1786	4	4	45	सेनाया वा	senAyA vA	VIDHI
1787	4	4	46	संज्ञायां ललाटकुक्कुट्यौ पश्यति	saMjYAyAM lalAwakukkuwyO paSyati	VIDHI
1788	4	4	47	तस्य धर्म्यम्	tasya Darmyam	VIDHI
1789	4	4	48	अण् महिष्यादिभ्यः	aR mahizyAdiByaH	VIDHI
1790	4	4	49	ऋतोऽञ्	ftoY	VIDHI
1791	4	4	50	अवक्रयः	avakrayaH	VIDHI
1792	4	4	51	तदस्य पण्यम्	tadasya paRyam	VIDHI
1793	4	4	52	लवणाट्ठञ्	lavaRAwWaY	VIDHI
1794	4	4	53	किशरादिभ्यः ष्ठन्	kiSarAdiByaH zWan	VIDHI
1795	4	4	54	शलालुनोऽन्यतरस्याम्	SalAlunonyatarasyAm	VIDHI
1796	4	4	55	शिल्पम्	Silpam	VIDHI
1797	4	4	56	मड्डुकझर्झरादणन्यतरस्याम्	maqqukaJarJarAdaRanyatarasyAm	VIDHI
1798	4	4	57	प्रहरणम्	praharaRam	VIDHI
1799	4	4	58	परश्वधाट्ठञ्च	paraSvaDAwWaYca	VIDHI
1800	4	4	59	शक्तियष्ट्योरीकक्	SaktiyazwyorIkak	VIDHI
1801	4	4	60	अस्तिनास्तिदिष्टं मतिः	astinAstidizwaM matiH	VIDHI
1802	4	4	61	शीलम्	SIlam	VIDHI
1803	4	4	62	छत्रादिभ्यो णः	CatrAdiByo RaH	VIDHI
1804	4	4	63	कर्माध्ययने वृत्तम्	karmADyayane vfttam	VIDHI
1805	4	4	64	बह्वच्पूर्वपदाट्ठच्	bahvacpUrvapadAwWac	VIDHI
1806	4	4	65	हितं भक्षाः	hitaM BakzAH	VIDHI
1807	4	4	66	तदस्मै दीयते नियुक्तम्	tadasmE dIyate niyuktam	VIDHI
1808	4	4	67	श्राणामांसौदनाट्टिठन्	SrARAmAMsOdanAwwiWan	VIDHI
1809	4	4	68	भक्तादणन्यतरस्याम्	BaktAdaRanyatarasyAm	VIDHI
1810	4	4	69	तत्र नियुक्तः	tatra niyuktaH	VIDHI
1811	4	4	70	अगारान्ताट्ठन्	agArAntAwWan	VIDHI
1812	4	4	71	अध्यायिन्यदेशकालात्	aDyAyinyadeSakAlAt	VIDHI
1813	4	4	72	कठिनान्तप्रस्तारसंस्थानेषु व्यवहरति	kaWinAntaprastArasaMsTAnezu vyavaharati	VIDHI
1814	4	4	73	निकटे वसति	nikawe vasati	VIDHI
1815	4	4	74	आवसथात् ष्ठल्	AvasaTAt zWal	VIDHI
1816	4	4	75	प्राग्घिताद्यत्	prAgGitAdyat	ADHIKARA
1817	4	4	76	तद्वहति रथयुगप्रासङ्गम्	tadvahati raTayugaprAsaNgam	VIDHI
1818	4	4	77	धुरो यड्ढकौ	Duro yaqQakO	VIDHI
1819	4	4	78	खः सर्वधुरात्	KaH sarvaDurAt	VIDHI
1820	4	4	79	एकधुराल्लुक् च	ekaDurAlluk ca	VIDHI
1821	4	4	80	शकटादण्	SakawAdaR	VIDHI
1822	4	4	81	हलसीराट्ठक्	halasIrAwWak	VIDHI
1823	4	4	82	संज्ञायां जन्याः	saMjYAyAM janyAH	VIDHI
1824	4	4	83	विध्यत्यधनुषा	viDyatyaDanuzA	VIDHI
1825	4	4	84	धनगणं लब्धा	DanagaRaM labDA	VIDHI
1826	4	4	85	अन्नाण्णः	annARRaH	VIDHI
1827	4	4	86	वशं गतः	vaSaM gataH	VIDHI
1828	4	4	87	पदमस्मिन् दृश्यम्	padamasmin dfSyam	VIDHI
1829	4	4	88	मूलमस्याबर्हि	mUlamasyAbarhi	VIDHI
1830	4	4	89	संज्ञायां धेनुष्या	saMjYAyAM DenuzyA	VIDHI
1831	4	4	90	गृहपतिना संयुक्ते ञ्यः	gfhapatinA saMyukte YyaH	VIDHI
1832	4	4	91	नौवयोधर्मविषमूलमूलसीतातुलाभ्यस्तार्यतुल्यप्राप्यवध्यानाम्यसमसमितसम्मितेषु	nOvayoDarmavizamUlamUlasItAtulAByastAryatulyaprApyavaDyAnAmyasamasamitasammitezu	VIDHI
1833	4	4	92	धर्मपथ्यर्थन्यायादनपेते	DarmapaTyarTanyAyAdanapete	VIDHI
1834	4	4	93	छन्दसो निर्मिते	Candaso nirmite	VIDHI
1835	4	4	94	उरसोऽण् च	urasoR ca	VIDHI
1836	4	4	95	हृदयस्य प्रियः	hfdayasya priyaH	VIDHI
1837	4	4	96	बन्धने चर्षौ	banDane carzO	VIDHI
1838	4	4	97	मतजनहलात् करणजल्पकर्षेषु	matajanahalAt karaRajalpakarzezu	VIDHI
1839	4	4	98	तत्र साधुः	tatra sADuH	VIDHI
1840	4	4	99	प्रतिजनादिभ्यः खञ्	pratijanAdiByaH KaY	VIDHI
1841	4	4	100	भक्ताण्णः	BaktARRaH	VIDHI
1842	4	4	101	परिषदो ण्यः	parizado RyaH	VIDHI
1843	4	4	102	कथादिभ्यष्ठक्	kaTAdiByazWak	VIDHI
1844	4	4	103	गुडादिभ्यष्ठञ्	guqAdiByazWaY	VIDHI
1845	4	4	104	पथ्यतिथिवसतिस्वपतेर्ढञ्	paTyatiTivasatisvapaterQaY	VIDHI
1846	4	4	105	सभाया यः	saBAyA yaH	VIDHI
1847	4	4	106	ढश्छन्दसि	QaSCandasi	VIDHI
1848	4	4	107	समानतीर्थे वासी	samAnatIrTe vAsI	VIDHI
1849	4	4	108	समानोदरे शयित ओ चोदात्तः	samAnodare Sayita o codAttaH	VIDHI
1850	4	4	109	सोदराद्यः	sodarAdyaH	VIDHI
1851	4	4	110	भवे छन्दसि	Bave Candasi	VIDHI
1852	4	4	111	पाथोनदीभ्यां ड्यण्	pATonadIByAM qyaR	VIDHI
1853	4	4	112	वेशन्तहिमवद्भ्यामण्	veSantahimavadByAmaR	VIDHI
1854	4	4	113	स्रोतसो विभाषा ड्यड्ड्यौ	srotaso viBAzA qyaqqyO	VIDHI
1855	4	4	114	सगर्भसयूथसनुताद्यन्	sagarBasayUTasanutAdyan	VIDHI
1856	4	4	115	तुग्राद्घन्	tugrAdGan	VIDHI
1857	4	4	116	अग्राद्यत्	agrAdyat	VIDHI
1858	4	4	117	घच्छौ च	GacCO ca	VIDHI
1859	4	4	118	समुद्राभ्राद्घः	samudrABrAdGaH	VIDHI
1860	4	4	119	बर्हिषि दत्तम्	barhizi dattam	VIDHI
1861	4	4	120	दूतस्य भागकर्मणी	dUtasya BAgakarmaRI	VIDHI
1862	4	4	121	रक्षोयातूनां हननी	rakzoyAtUnAM hananI	VIDHI
1863	4	4	122	रेवतीजगतीहविष्याभ्यः प्रशस्ये	revatIjagatIhavizyAByaH praSasye	VIDHI
1864	4	4	123	असुरस्य स्वम्	asurasya svam	VIDHI
1865	4	4	124	मायायामण्	mAyAyAmaR	VIDHI
1866	4	4	125	तद्वानासामुपधानो मन्त्र इतीष्टकासु लुक् च मतोः	tadvAnAsAmupaDAno mantra itIzwakAsu luk ca matoH	VIDHI
1867	4	4	126	अश्विमानण्	aSvimAnaR	VIDHI
1868	4	4	127	वयस्यासु मूर्ध्नो मतुप्	vayasyAsu mUrDno matup	VIDHI
1869	4	4	128	मत्वर्थे मासतन्वोः	matvarTe mAsatanvoH	VIDHI
1870	4	4	129	मधोर्ञ च	maDorYa ca	VIDHI
1871	4	4	130	ओजसोऽहनि यत्खौ	ojasohani yatKO	VIDHI
1872	4	4	131	वेशोयशआदेर्भगाद्यल्	veSoyaSaAderBagAdyal	VIDHI
1873	4	4	132	ख च	Ka ca	VIDHI
1874	4	4	133	पूर्वैः कृतमिनयौ च	pUrvEH kftaminayO ca	VIDHI
1875	4	4	134	अद्भिः संस्कृतम्	adBiH saMskftam	VIDHI
1876	4	4	135	सहस्रेण संमितौ घः	sahasreRa saMmitO GaH	VIDHI
1877	4	4	136	मतौ च	matO ca	VIDHI
1878	4	4	137	सोममर्हति यः	somamarhati yaH	VIDHI
1879	4	4	138	मये च	maye ca	VIDHI
1880	4	4	139	मधोः	maDoH	VIDHI
1881	4	4	140	वसोः समूहे च	vasoH samUhe ca	VIDHI
1882	4	4	141	नक्षत्राद्घः	nakzatrAdGaH	VIDHI
1883	4	4	142	सर्वदेवात् तातिल्	sarvadevAt tAtil	VIDHI
1884	4	4	143	शिवशमरिष्टस्य करे	SivaSamarizwasya kare	VIDHI
1885	4	4	144	भावे च	BAve ca	VIDHI
1886	5	1	1	प्राक् क्रीताच्छः	prAk krItAcCaH	ADHIKARA
1887	5	1	2	उगवादिभ्यो यत्	ugavAdiByo yat	VIDHI
1888	5	1	3	कम्बलाच्च संज्ञायाम्	kambalAcca saMjYAyAm	VIDHI
1889	5	1	4	विभाषा हविरपूपादिभ्यः	viBAzA havirapUpAdiByaH	VIDHI
1890	5	1	5	तस्मै हितम्	tasmE hitam	VIDHI
1891	5	1	6	शरीरावयवाद्यत्	SarIrAvayavAdyat	VIDHI
1892	5	1	7	खलयवमाषतिलवृषब्रह्मणश्च	KalayavamAzatilavfzabrahmaRaSca	VIDHI
1893	5	1	8	अजाविभ्यां थ्यन्	ajAviByAM Tyan	VIDHI
1894	5	1	9	आत्मन्विश्वजनभोगोत्तरपदात् खः	AtmanviSvajanaBogottarapadAt KaH	VIDHI
1895	5	1	10	सर्वपुरुषाभ्यां णढञौ	sarvapuruzAByAM RaQaYO	VIDHI
1896	5	1	11	माणवचरकाभ्यां खञ्	mARavacarakAByAM KaY	VIDHI
1897	5	1	12	तदर्थं विकृतेः प्रकृतौ	tadarTaM vikfteH prakftO	VIDHI
1898	5	1	13	छदिरुपधिबलेर्ढञ्	CadirupaDibalerQaY	VIDHI
1899	5	1	14	ऋषभोपानहोर्ञ्यः	fzaBopAnahorYyaH	VIDHI
1900	5	1	15	चर्मणोऽञ्	carmaRoY	VIDHI
1901	5	1	16	तदस्य तदस्मिन् स्यादिति	tadasya tadasmin syAditi	VIDHI
1902	5	1	17	परिखाया ढञ्	pariKAyA QaY	VIDHI
1903	5	1	18	प्राग्वतेष्ठञ्	prAgvatezWaY	ADHIKARA
1904	5	1	19	आर्हादगोपुच्छसंख्यापरिमाणाट्ठक्	ArhAdagopucCasaMKyAparimARAwWak	ADHIKARA
1905	5	1	20	असमासे निष्कादिभ्यः	asamAse nizkAdiByaH	VIDHI
1906	5	1	21	शताच्च ठन्यतावशते	SatAcca WanyatAvaSate	VIDHI
1907	5	1	22	संख्याया अतिशदन्तायाः कन्	saMKyAyA atiSadantAyAH kan	VIDHI
1908	5	1	23	वतोरिड्वा	vatoriqvA	VIDHI
1909	5	1	24	विंशतित्रिंशद्भ्यां ड्वुन्नसंज्ञायाम्	viMSatitriMSadByAM qvunnasaMjYAyAm	VIDHI
1910	5	1	25	कंसाट्टिठन्	kaMsAwwiWan	VIDHI
1911	5	1	26	शूर्पादञन्यतरस्याम्	SUrpAdaYanyatarasyAm	VIDHI
1912	5	1	27	शतमानविंशतिकसहस्रवसनादण्	SatamAnaviMSatikasahasravasanAdaR	VIDHI
1913	5	1	28	अध्यर्धपूर्वद्विगोर्लुगसंज्ञायाम्	aDyarDapUrvadvigorlugasaMjYAyAm	VIDHI
1914	5	1	29	विभाषा कार्षापणसहस्राभ्याम्	viBAzA kArzApaRasahasrAByAm	VIDHI
1915	5	1	30	द्वित्रिपूर्वान्निष्कात्	dvitripUrvAnnizkAt	VIDHI
1916	5	1	31	बिस्ताच्च	bistAcca	VIDHI
1917	5	1	32	विंशतिकात् खः	viMSatikAt KaH	VIDHI
1918	5	1	33	खार्या ईकन्	KAryA Ikan	VIDHI
1919	5	1	34	पणपादमाषशताद्यत्	paRapAdamAzaSatAdyat	VIDHI
1920	5	1	35	शाणाद्वा	SARAdvA	VIDHI
1921	5	1	36	द्वित्रिपूर्वादण् च	dvitripUrvAdaR ca	VIDHI
1922	5	1	37	तेन क्रीतम्	tena krItam	VIDHI
1923	5	1	38	तस्य निमित्तं संयोगोत्पातौ	tasya nimittaM saMyogotpAtO	VIDHI
1924	5	1	39	गोद्व्यचोऽसंख्यापरिमाणाश्वादेर्यत्	godvyacosaMKyAparimARASvAderyat	VIDHI
1925	5	1	40	पुत्राच्छ च	putrAcCa ca	VIDHI
1926	5	1	41	सर्वभूमिपृथिवीभ्यामणञौ	sarvaBUmipfTivIByAmaRaYO	VIDHI
1927	5	1	42	तस्येश्वरः	tasyeSvaraH	VIDHI
1928	5	1	43	तत्र विदित इति च	tatra vidita iti ca	VIDHI
1929	5	1	44	लोकसर्वलोकाट्ठञ्	lokasarvalokAwWaY	VIDHI
1930	5	1	45	तस्य वापः	tasya vApaH	VIDHI
1931	5	1	46	पात्रात् ष्ठन्	pAtrAt zWan	VIDHI
1932	5	1	47	तदस्मिन् वृद्ध्यायलाभशुल्कोपदा दीयते	tadasmin vfdDyAyalABaSulkopadA dIyate	VIDHI
1933	5	1	48	पूरणार्धाट्ठन्	pUraRArDAwWan	VIDHI
1934	5	1	49	भागाद्यच्च	BAgAdyacca	VIDHI
1935	5	1	50	तद्धरति वहत्यावहति भाराद्वंशादिभ्यः	tadDarati vahatyAvahati BArAdvaMSAdiByaH	VIDHI
1936	5	1	51	वस्नद्रव्याभ्यां ठन्कनौ	vasnadravyAByAM WankanO	VIDHI
1937	5	1	52	सम्भवत्यवहरति पचति	samBavatyavaharati pacati	VIDHI
1938	5	1	53	आढकाचितपात्रात् खोऽन्यतरस्याम्	AQakAcitapAtrAt KonyatarasyAm	VIDHI
1939	5	1	54	द्विगोः ष्ठंश्च	dvigoH zWaMSca	VIDHI
1940	5	1	55	कुलिजाल्लुक्खौ च	kulijAllukKO ca	VIDHI
1941	5	1	56	सोऽस्यांशवस्नभृतयः	sosyAMSavasnaBftayaH	VIDHI
1942	5	1	57	तदस्य परिमाणम्	tadasya parimARam	VIDHI
1943	5	1	58	संख्यायाः संज्ञासंघसूत्राध्ययनेषु	saMKyAyAH saMjYAsaMGasUtrADyayanezu	VIDHI
1944	5	1	59	पङ्क्तिविंशतित्रिंशत्चत्वारिंशत्पञ्चाशत्षष्टिसप्तत्यशीतिनवतिशतम्	paNktiviMSatitriMSatcatvAriMSatpaYcASatzazwisaptatyaSItinavatiSatam	VIDHI
1945	5	1	60	पञ्चद्दशतौ वर्गे वा	paYcaddaSatO varge vA	VIDHI
1946	5	1	61	सप्तनोऽञ् छन्दसि	saptanoY Candasi	VIDHI
1947	5	1	62	त्रिंशच्चत्वारिंशतोर्ब्राह्मणे संज्ञायां डण्	triMSaccatvAriMSatorbrAhmaRe saMjYAyAM qaR	VIDHI
1948	5	1	63	तद् अर्हति	tad arhati	VIDHI
1949	5	1	64	छेदादिभ्यो नित्यम्	CedAdiByo nityam	VIDHI
1950	5	1	65	शीर्षच्छेदाद्यच्च	SIrzacCedAdyacca	VIDHI
1951	5	1	66	दण्डादिभ्यः	daRqAdiByaH	VIDHI
1952	5	1	67	छन्दसि च	Candasi ca	VIDHI
1953	5	1	68	पात्राद्घंश्च	pAtrAdGaMSca	VIDHI
1954	5	1	69	कडङ्करदक्षिणाच्छ च	kaqaNkaradakziRAcCa ca	VIDHI
1955	5	1	70	स्थालीबिलात्	sTAlIbilAt	VIDHI
1956	5	1	71	यज्ञर्त्विग्भ्यां घखञौ	yajYartvigByAM GaKaYO	VIDHI
1957	5	1	72	पारायणतुरायणचान्द्रायणं वर्तयति	pArAyaRaturAyaRacAndrAyaRaM vartayati	VIDHI
1958	5	1	73	संशयमापन्नः	saMSayamApannaH	VIDHI
1959	5	1	74	योजनं गच्छति	yojanaM gacCati	VIDHI
1960	5	1	75	पथः ष्कन्	paTaH zkan	VIDHI
1961	5	1	76	पन्थो ण नित्यम्	panTo Ra nityam	VIDHI
1962	5	1	77	उत्तरपथेनाहृतं च	uttarapaTenAhftaM ca	VIDHI
1963	5	1	78	कालात्	kAlAt	ADHIKARA
1964	5	1	79	तेन निर्वृत्तम्	tena nirvfttam	VIDHI
1965	5	1	80	तमधीष्टो भृतो भूतो भावी	tamaDIzwo Bfto BUto BAvI	VIDHI
1966	5	1	81	मासाद्वयसि यत्खञौ	mAsAdvayasi yatKaYO	VIDHI
1967	5	1	82	द्विगोर्यप्	dvigoryap	VIDHI
1968	5	1	83	षण्मासाण्ण्यच्च	zaRmAsARRyacca	VIDHI
1969	5	1	84	अवयसि ठंश्च	avayasi WaMSca	VIDHI
1970	5	1	85	समायाः खः	samAyAH KaH	VIDHI
1971	5	1	86	द्विगोर्वा	dvigorvA	VIDHI
1972	5	1	87	रात्र्यहस्संवत्सराच्च	rAtryahassaMvatsarAcca	VIDHI
1973	5	1	88	वर्षाल्लुक् च	varzAlluk ca	VIDHI
1974	5	1	89	चित्तवति नित्यम्	cittavati nityam	VIDHI
1975	5	1	90	षष्टिकाः षष्टिरात्रेण पच्यन्ते	zazwikAH zazwirAtreRa pacyante	VIDHI
1976	5	1	91	वत्सरान्ताच्छश्छन्दसि	vatsarAntAcCaSCandasi	VIDHI
1977	5	1	92	सम्परिपूर्वात् ख च	samparipUrvAt Ka ca	VIDHI
1978	5	1	93	तेन परिजय्यलभ्यकार्यसुकरम्	tena parijayyalaByakAryasukaram	VIDHI
1979	5	1	94	तदस्य ब्रह्मचर्यम्	tadasya brahmacaryam	VIDHI
1980	5	1	95	तस्य च दक्षिणा यज्ञाख्येभ्यः	tasya ca dakziRA yajYAKyeByaH	VIDHI
1981	5	1	96	तत्र च दीयते कार्यं भववत्	tatra ca dIyate kAryaM Bavavat	VIDHI
1982	5	1	97	व्युष्टादिभ्योऽण्	vyuzwAdiByoR	VIDHI
1983	5	1	98	तेन यथाकथाचहस्ताभ्यां णयतौ	tena yaTAkaTAcahastAByAM RayatO	VIDHI
1984	5	1	99	सम्पादिनि	sampAdini	VIDHI
1985	5	1	100	कर्मवेषाद्यत्	karmavezAdyat	VIDHI
1986	5	1	101	तस्मै प्रभवति संतापादिभ्यः	tasmE praBavati saMtApAdiByaH	VIDHI
1987	5	1	102	योगाद्यच्च	yogAdyacca	VIDHI
1988	5	1	103	कर्मण उकञ्	karmaRa ukaY	VIDHI
1989	5	1	104	समयस्तदस्य प्राप्तम्	samayastadasya prAptam	VIDHI
1990	5	1	105	ऋतोरण्	ftoraR	VIDHI
1991	5	1	106	छन्दसि घस्	Candasi Gas	VIDHI
1992	5	1	107	कालाद्यत्	kAlAdyat	VIDHI
1993	5	1	108	प्रकृष्टे ठञ्	prakfzwe WaY	VIDHI
1994	5	1	109	प्रयोजनम्	prayojanam	VIDHI
1995	5	1	110	विशाखाषाढादण् मन्थदण्डयोः	viSAKAzAQAdaR manTadaRqayoH	VIDHI
1996	5	1	111	अनुप्रवचनादिभ्यश्छः	anupravacanAdiByaSCaH	VIDHI
1997	5	1	112	समापनात् सपूर्वपदात्	samApanAt sapUrvapadAt	VIDHI
1998	5	1	113	ऐकागारिकट् चौरे	EkAgArikaw cOre	VIDHI
1999	5	1	114	आकालिकडाद्यन्तवचने	AkAlikaqAdyantavacane	VIDHI
2000	5	1	115	तेन तुल्यं क्रिया चेद्वतिः	tena tulyaM kriyA cedvatiH	VIDHI
2001	5	1	116	तत्र तस्येव	tatra tasyeva	VIDHI
2002	5	1	117	तदर्हम्	tadarham	VIDHI
2003	5	1	118	उपसर्गाच्छन्दसि धात्वर्थे	upasargAcCandasi DAtvarTe	VIDHI
2004	5	1	119	तस्य भावस्त्वतलौ	tasya BAvastvatalO	VIDHI
2005	5	1	120	आ च त्वात्	A ca tvAt	ADHIKARA
2006	5	1	121	न नञ्पूर्वात्तत्पुरुषादचतुरसंगतलवणवटयुधकतरसलसेभ्यः	na naYpUrvAttatpuruzAdacaturasaMgatalavaRavawayuDakatarasalaseByaH	VIDHI
2007	5	1	122	पृथ्वादिभ्य इमनिज्वा	pfTvAdiBya imanijvA	VIDHI
2008	5	1	123	वर्णदृढादिभ्यः ष्यञ् च	varRadfQAdiByaH zyaY ca	VIDHI
2009	5	1	124	गुणवचनब्राह्मणादिभ्यः कर्मणि च	guRavacanabrAhmaRAdiByaH karmaRi ca	VIDHI
2010	5	1	125	स्तेनाद्यन्नलोपश्च	stenAdyannalopaSca	VIDHI
2011	5	1	126	सख्युर्यः	saKyuryaH	VIDHI
2012	5	1	127	कपिज्ञात्योर्ढक्	kapijYAtyorQak	VIDHI
2013	5	1	128	पत्यन्तपुरोहितादिभ्यो यक्	patyantapurohitAdiByo yak	VIDHI
2014	5	1	129	प्राणभृज्जातिवयोवचनोद्गात्रादिभ्योऽञ्	prARaBfjjAtivayovacanodgAtrAdiByoY	VIDHI
2015	5	1	130	हायनान्तयुवादिभ्योऽण्	hAyanAntayuvAdiByoR	VIDHI
2016	5	1	131	इगन्ताच्च लघुपूर्वात्	igantAcca laGupUrvAt	VIDHI
2017	5	1	132	योपधाद्गुरूपोत्तमाद्वुञ्	yopaDAdgurUpottamAdvuY	VIDHI
2018	5	1	133	द्वन्द्वमनोज्ञादिभ्यश्च	dvandvamanojYAdiByaSca	VIDHI
2019	5	1	134	गोत्रचरणाच्श्लाघात्याकारतदवेतेषु	gotracaraRAcSlAGAtyAkAratadavetezu	VIDHI
2020	5	1	135	होत्राभ्यश्छः	hotrAByaSCaH	VIDHI
2021	5	1	136	ब्रह्मणस्त्वः	brahmaRastvaH	VIDHI
2022	5	2	1	धान्यानां भवने क्षेत्रे खञ्	DAnyAnAM Bavane kzetre KaY	VIDHI
2023	5	2	2	व्रीहिशाल्योर्ढक्	vrIhiSAlyorQak	VIDHI
2024	5	2	3	यवयवकषष्टिकाद्यत्	yavayavakazazwikAdyat	VIDHI
2025	5	2	4	विभाषा तिलमाषोमाभङ्गाऽणुभ्यः	viBAzA tilamAzomABaNgARuByaH	VIDHI
2026	5	2	5	सर्वचर्मणः कृतः खखञौ	sarvacarmaRaH kftaH KaKaYO	VIDHI
2027	5	2	6	यथामुखसंमुखस्य दर्शनः खः	yaTAmuKasaMmuKasya darSanaH KaH	VIDHI
2028	5	2	7	तत्सर्वादेः पथ्यङ्गकर्मपत्रपात्रं व्याप्नोति	tatsarvAdeH paTyaNgakarmapatrapAtraM vyApnoti	VIDHI
2029	5	2	8	आप्रपदं प्राप्नोति	AprapadaM prApnoti	VIDHI
2030	5	2	9	अनुपदसर्वान्नायानयं बद्धाभक्षयतिनेयेषु	anupadasarvAnnAyAnayaM badDABakzayatineyezu	VIDHI
2031	5	2	10	परोवरपरम्परपुत्रपौत्रमनुभवति	parovaraparamparaputrapOtramanuBavati	VIDHI
2032	5	2	11	अवारपारात्यन्तानुकामं गामी	avArapArAtyantAnukAmaM gAmI	VIDHI
2033	5	2	12	समांसमां विजायते	samAMsamAM vijAyate	VIDHI
2034	5	2	13	अद्यश्वीनाऽवष्टब्धे	adyaSvInAvazwabDe	VIDHI
2035	5	2	14	आगवीनः	AgavInaH	VIDHI
2036	5	2	15	अनुग्वलंगामी	anugvalaMgAmI	VIDHI
2037	5	2	16	अध्वनो यत्खौ	aDvano yatKO	VIDHI
2038	5	2	17	अभ्यमित्राच्छ च	aByamitrAcCa ca	VIDHI
2039	5	2	18	गोष्ठात् खञ् भूतपूर्वे	gozWAt KaY BUtapUrve	VIDHI
2040	5	2	19	अश्वस्यैकाहगमः	aSvasyEkAhagamaH	VIDHI
2041	5	2	20	शालीनकौपीने अधृष्टाकार्ययोः	SAlInakOpIne aDfzwAkAryayoH	VIDHI
2042	5	2	21	व्रातेन जीवति	vrAtena jIvati	VIDHI
2043	5	2	22	साप्तपदीनं सख्यम्	sAptapadInaM saKyam	VIDHI
2044	5	2	23	हैयंगवीनं संज्ञायाम्	hEyaMgavInaM saMjYAyAm	VIDHI
2045	5	2	24	तस्य पाकमूले पील्वादिकर्णादिभ्यः कुणब्जाहचौ	tasya pAkamUle pIlvAdikarRAdiByaH kuRabjAhacO	VIDHI
2046	5	2	25	पक्षात्तिः	pakzAttiH	VIDHI
2047	5	2	26	तेन वित्तश्चुञ्चुप्चणपौ	tena vittaScuYcupcaRapO	VIDHI
2048	5	2	27	विनञ्भ्यां नानाञौ नसह	vinaYByAM nAnAYO nasaha	VIDHI
2049	5	2	28	वेः शालच्छङ्कटचौ	veH SAlacCaNkawacO	VIDHI
2050	5	2	29	सम्प्रोदश्च कटच्	samprodaSca kawac	VIDHI
2051	5	2	30	अवात् कुटारच्च	avAt kuwAracca	VIDHI
2052	5	2	31	नते नासिकायाः संज्ञायां टीटञ्नाटज्भ्रटचः	nate nAsikAyAH saMjYAyAM wIwaYnAwajBrawacaH	VIDHI
2053	5	2	32	नेर्बिडज्बिरीसचौ	nerbiqajbirIsacO	VIDHI
2054	5	2	33	इनच्पिटच्चिकचि च	inacpiwaccikaci ca	VIDHI
2055	5	2	34	उपाधिभ्यां त्यकन्नासन्नारूढयोः	upADiByAM tyakannAsannArUQayoH	VIDHI
2056	5	2	35	कर्मणि घटोऽठच्	karmaRi GawoWac	VIDHI
2057	5	2	36	तदस्य संजातं तारकादिभ्य इतच्	tadasya saMjAtaM tArakAdiBya itac	VIDHI
2058	5	2	37	प्रमाणे द्वयसज्दघ्नञ्मात्रचः	pramARe dvayasajdaGnaYmAtracaH	VIDHI
2059	5	2	38	पुरुषहस्तिभ्यामण् च	puruzahastiByAmaR ca	VIDHI
2060	5	2	39	यद्तदेतेभ्यः परिमाणे वतुप्	yadtadeteByaH parimARe vatup	VIDHI
2061	5	2	40	किमिदंभ्यां वो घः	kimidaMByAM vo GaH	VIDHI
2062	5	2	41	किमः संख्यापरिमाणे डति च	kimaH saMKyAparimARe qati ca	VIDHI
2063	5	2	42	संख्याया अवयवे तयप्	saMKyAyA avayave tayap	VIDHI
2064	5	2	43	द्वित्रिभ्यां तयस्यायज्वा	dvitriByAM tayasyAyajvA	VIDHI
2065	5	2	44	उभादुदात्तो नित्यम्	uBAdudAtto nityam	VIDHI
2066	5	2	45	तदस्मिन्नधिकमिति दशान्ताड्डः	tadasminnaDikamiti daSAntAqqaH	VIDHI
2067	5	2	46	शदन्तविंशतेश्च	SadantaviMSateSca	VIDHI
2068	5	2	47	संख्याया गुणस्य निमाने मयट्	saMKyAyA guRasya nimAne mayaw	VIDHI
2069	5	2	48	तस्य पूरणे डट्	tasya pUraRe qaw	VIDHI
2070	5	2	49	नान्तादसंख्यादेर्मट्	nAntAdasaMKyAdermaw	VIDHI
2071	5	2	50	थट् चच्छन्दसि	Taw cacCandasi	VIDHI
2072	5	2	51	षट्कतिकतिपयचतुरां थुक्	zawkatikatipayacaturAM Tuk	VIDHI
2073	5	2	52	बहुपूगगणसंघस्य तिथुक्	bahupUgagaRasaMGasya tiTuk	VIDHI
2074	5	2	53	वतोरिथुक्	vatoriTuk	VIDHI
2075	5	2	54	द्वेस्तीयः	dvestIyaH	VIDHI
2076	5	2	55	त्रेः सम्प्रसारणं च	treH samprasAraRaM ca	VIDHI
2077	5	2	56	विंशत्यादिभ्यस्तमडन्यतरस्याम्	viMSatyAdiByastamaqanyatarasyAm	VIDHI
2078	5	2	57	नित्यं शतादिमासार्धमाससंवत्सराच्च	nityaM SatAdimAsArDamAsasaMvatsarAcca	VIDHI
2079	5	2	58	षष्ट्यादेश्चासंख्यादेः	zazwyAdeScAsaMKyAdeH	VIDHI
2080	5	2	59	मतौ छः सूक्तसाम्नोः	matO CaH sUktasAmnoH	VIDHI
2081	5	2	60	अध्यायानुवाकयोर्लुक्	aDyAyAnuvAkayorluk	VIDHI
2082	5	2	61	विमुक्तादिभ्योऽण्	vimuktAdiByoR	VIDHI
2083	5	2	62	गोषदादिभ्यो वुन्	gozadAdiByo vun	VIDHI
2084	5	2	63	तत्र कुशलः पथः	tatra kuSalaH paTaH	VIDHI
2085	5	2	64	आकर्षादिभ्यः कन्	AkarzAdiByaH kan	VIDHI
2086	5	2	65	धनहिरण्यात् कामे	DanahiraRyAt kAme	VIDHI
2087	5	2	66	स्वाङ्गेभ्यः प्रसिते	svANgeByaH prasite	VIDHI
2088	5	2	67	उदराट्ठगाद्यूने	udarAwWagAdyUne	VIDHI
2089	5	2	68	सस्येन परिजातः	sasyena parijAtaH	VIDHI
2090	5	2	69	अंशं हारी	aMSaM hArI	VIDHI
2091	5	2	70	तन्त्रादचिरापहृते	tantrAdacirApahfte	VIDHI
2092	5	2	71	ब्राह्मणकोष्णिके संज्ञायाम्	brAhmaRakozRike saMjYAyAm	VIDHI
2093	5	2	72	शीतोष्णाभ्यां कारिणि	SItozRAByAM kAriRi	VIDHI
2094	5	2	73	अधिकम्	aDikam	VIDHI
2095	5	2	74	अनुकाभिकाभीकः कमिता	anukABikABIkaH kamitA	VIDHI
2096	5	2	75	पार्श्वेनान्विच्छति	pArSvenAnvicCati	VIDHI
2097	5	2	76	अयःशूलदण्डाजिनाभ्यां ठक्ठञौ	ayaHSUladaRqAjinAByAM WakWaYO	VIDHI
2098	5	2	77	तावतिथं ग्रहणमिति लुग्वा	tAvatiTaM grahaRamiti lugvA	VIDHI
2099	5	2	78	स एषां ग्रामणीः	sa ezAM grAmaRIH	VIDHI
2100	5	2	79	शृङ्खलमस्य बन्धनं करभे	SfNKalamasya banDanaM karaBe	VIDHI
2101	5	2	80	उत्क उन्मनाः	utka unmanAH	VIDHI
2102	5	2	81	कालप्रयोजनाद्रोगे	kAlaprayojanAdroge	VIDHI
2103	5	2	82	तदस्मिन्नन्नं प्राये संज्ञायाम्	tadasminnannaM prAye saMjYAyAm	VIDHI
2104	5	2	83	कुल्माषादञ्	kulmAzAdaY	VIDHI
2105	5	2	84	श्रोत्रियंश्छन्दोऽधीते	SrotriyaMSCandoDIte	VIDHI
2106	5	2	85	श्राद्धमनेन भुक्तमिनिठनौ	SrAdDamanena BuktaminiWanO	VIDHI
2107	5	2	86	पूर्वादिनिः	pUrvAdiniH	VIDHI
2108	5	2	87	सपूर्वाच्च	sapUrvAcca	VIDHI
2109	5	2	88	इष्टादिभ्यश्च	izwAdiByaSca	VIDHI
2110	5	2	89	छन्दसि परिपन्थिपरिपरिणौ पर्यवस्थातरि	Candasi paripanTiparipariRO paryavasTAtari	VIDHI
2111	5	2	90	अनुपद्यन्वेष्टा	anupadyanvezwA	VIDHI
2112	5	2	91	साक्षाद्द्रष्टरि संज्ञायाम्	sAkzAddrazwari saMjYAyAm	VIDHI
2113	5	2	92	क्षेत्रियच् परक्षेत्रे चिकित्स्यः	kzetriyac parakzetre cikitsyaH	VIDHI
2114	5	2	93	इन्द्रियमिन्द्रलिंगमिन्द्रदृष्टमिन्द्रसृष्टमिन्द्रजुष्टमिन्द्रदत्तमिति वा	indriyamindraliMgamindradfzwamindrasfzwamindrajuzwamindradattamiti vA	VIDHI
2115	5	2	94	तदस्यास्त्यस्मिन्निति मतुप्	tadasyAstyasminniti matup	VIDHI
2116	5	2	95	रसादिभ्यश्च	rasAdiByaSca	VIDHI
2117	5	2	96	प्राणिस्थादातो लजन्यतरस्याम्	prARisTAdAto lajanyatarasyAm	VIDHI
2118	5	2	97	सिध्मादिभ्यश्च	siDmAdiByaSca	VIDHI
2119	5	2	98	वत्सांसाभ्यां कामबले	vatsAMsAByAM kAmabale	VIDHI
2120	5	2	99	फेनादिलच् च	PenAdilac ca	VIDHI
2121	5	2	100	लोमादिपामादिपिच्छादिभ्यः शनेलचः	lomAdipAmAdipicCAdiByaH SanelacaH	VIDHI
2122	5	2	101	प्रज्ञाश्रद्धार्चाभ्यो णः	prajYASradDArcAByo RaH	VIDHI
2123	5	2	102	तपःसहस्राभ्यां विनीनी	tapaHsahasrAByAM vinInI	VIDHI
2124	5	2	103	अण् च	aR ca	VIDHI
2125	5	2	104	सिकताशर्कराभ्यां च	sikatASarkarAByAM ca	VIDHI
2126	5	2	105	देशे लुबिलचौ च	deSe lubilacO ca	VIDHI
2127	5	2	106	दन्त उन्नत उरच्	danta unnata urac	VIDHI
2128	5	2	107	ऊषसुषिमुष्कमधो रः	UzasuzimuzkamaDo raH	VIDHI
2129	5	2	108	द्युद्रुभ्यां मः	dyudruByAM maH	VIDHI
2130	5	2	109	केशाद्वोऽन्यतरस्याम्	keSAdvonyatarasyAm	VIDHI
2131	5	2	110	गाण्ड्यजगात् संज्ञायाम्	gARqyajagAt saMjYAyAm	VIDHI
2132	5	2	111	काण्डाण्डादीरन्नीरचौ	kARqARqAdIrannIracO	VIDHI
2133	5	2	112	रजःकृष्यासुतिपरिषदो वलच्	rajaHkfzyAsutiparizado valac	VIDHI
2134	5	2	113	दन्तशिखात् संज्ञायाम्	dantaSiKAt saMjYAyAm	VIDHI
2135	5	2	114	ज्योत्स्नातमिस्राशृङ्गिणोर्जस्विन्नूर्जस्वलगोमिन्मलिनमलीमसाः	jyotsnAtamisrASfNgiRorjasvinnUrjasvalagominmalinamalImasAH	VIDHI
2136	5	2	115	अत इनिठनौ	ata iniWanO	VIDHI
2137	5	2	116	व्रीह्यादिभ्यश्च	vrIhyAdiByaSca	VIDHI
2138	5	2	117	तुन्दादिभ्य इलच् च	tundAdiBya ilac ca	VIDHI
2139	5	2	118	एकगोपूर्वाट्ठञ् नित्यम्	ekagopUrvAwWaY nityam	VIDHI
2140	5	2	119	शतसहस्रान्ताच्च निष्कात्	SatasahasrAntAcca nizkAt	VIDHI
2141	5	2	120	रूपादाहतप्रशंसयोर्यप्	rUpAdAhatapraSaMsayoryap	VIDHI
2142	5	2	121	अस्मायामेधास्रजो विनिः	asmAyAmeDAsrajo viniH	VIDHI
2143	5	2	122	बहुलं छन्दसि	bahulaM Candasi	VIDHI
2144	5	2	123	ऊर्णाया युस्	UrRAyA yus	VIDHI
2145	5	2	124	वाचो ग्मिनिः	vAco gminiH	VIDHI
2146	5	2	125	आलजाटचौ बहुभाषिणि	AlajAwacO bahuBAziRi	VIDHI
2147	5	2	126	स्वामिन्नैश्वर्ये	svAminnESvarye	VIDHI
2148	5	2	127	अर्शआदिभ्योऽच्	arSaAdiByoc	VIDHI
2149	5	2	128	द्वन्द्वोपतापगर्ह्यात् प्राणिस्थादिनिः	dvandvopatApagarhyAt prARisTAdiniH	VIDHI
2150	5	2	129	वातातिसाराभ्यां कुक् च	vAtAtisArAByAM kuk ca	VIDHI
2151	5	2	130	वयसि पूरणात्	vayasi pUraRAt	VIDHI
2152	5	2	131	सुखादिभ्यश्च	suKAdiByaSca	VIDHI
2153	5	2	132	धर्मशीलवर्णान्ताच्च	DarmaSIlavarRAntAcca	VIDHI
2154	5	2	133	हस्ताज्जातौ	hastAjjAtO	VIDHI
2155	5	2	134	वर्णाद्ब्रह्मचारिणि	varRAdbrahmacAriRi	VIDHI
2156	5	2	135	पुष्करादिभ्यो देशे	puzkarAdiByo deSe	VIDHI
2157	5	2	136	बलादिभ्यो मतुबन्यतरस्याम्	balAdiByo matubanyatarasyAm	VIDHI
2158	5	2	137	संज्ञायां मन्माभ्याम्	saMjYAyAM manmAByAm	VIDHI
2159	5	2	138	कंशंभ्यां बभयुस्तितुतयसः	kaMSaMByAM baBayustitutayasaH	VIDHI
2160	5	2	139	तुन्दिवलिवटेर्भः	tundivalivawerBaH	VIDHI
2161	5	2	140	अहंशुभमोर्युस्	ahaMSuBamoryus	VIDHI
2162	5	3	1	प्राग्दिशो विभक्तिः	prAgdiSo viBaktiH	SAMJNA
2163	5	3	2	किंसर्वनामबहुभ्योऽद्व्यादिभ्यः	kiMsarvanAmabahuByodvyAdiByaH	ADHIKARA
2164	5	3	3	इदम इश्	idama iS	VIDHI
2165	5	3	4	एतेतौ रथोः	etetO raToH	VIDHI
2166	5	3	5	एतदोऽन्	etadon	VIDHI
2167	5	3	6	सर्वस्य सोऽन्यतरस्यां दि	sarvasya sonyatarasyAM di	VIDHI
2168	5	3	7	पञ्चम्यास्तसिल्	paYcamyAstasil	VIDHI
2169	5	3	8	तसेश्च	taseSca	VIDHI
2170	5	3	9	पर्यभिभ्यां च	paryaBiByAM ca	VIDHI
2171	5	3	10	सप्तम्यास्त्रल्	saptamyAstral	VIDHI
2172	5	3	11	इदमो हः	idamo haH	VIDHI
2173	5	3	12	किमोऽत्	kimot	VIDHI
2174	5	3	13	वा ह च च्छन्दसि	vA ha ca cCandasi	VIDHI
2175	5	3	14	इतराभ्योऽपि दृश्यन्ते	itarAByopi dfSyante	VIDHI
2176	5	3	15	सर्वैकान्यकिंयत्तदः काले दा	sarvEkAnyakiMyattadaH kAle dA	VIDHI
2177	5	3	16	इदमो र्हिल्	idamo rhil	VIDHI
2178	5	3	17	अधुना	aDunA	VIDHI
2179	5	3	18	दानीं च	dAnIM ca	VIDHI
2180	5	3	19	तदो दा च	tado dA ca	VIDHI
2181	5	3	20	तयोर्दार्हिलौ च च्छन्दसि	tayordArhilO ca cCandasi	VIDHI
2182	5	3	21	अनद्यतने र्हिलन्यतरस्याम्	anadyatane rhilanyatarasyAm	VIDHI
2183	5	3	22	सद्यःपरुत्परार्यैषमःपरेद्यव्यद्यपूर्वेद्युरन्येद्युरन्यतरेद्युरितरेद्युरपरेद्युरधरेद्युरुभयेद्युरुत्तरेद्युः	sadyaHparutparAryEzamaHparedyavyadyapUrvedyuranyedyuranyataredyuritaredyuraparedyuraDaredyuruBayedyuruttaredyuH	VIDHI
2184	5	3	23	प्रकारवचने थाल्	prakAravacane TAl	VIDHI
2185	5	3	24	इदमस्थमुः	idamasTamuH	VIDHI
2186	5	3	25	किमश्च	kimaSca	VIDHI
2187	5	3	26	था हेतौ च च्छन्दसि	TA hetO ca cCandasi	VIDHI
2188	5	3	27	दिक्शब्देभ्यः सप्तमीपञ्चमीप्रथमाभ्यो दिग्देशकालेष्वस्तातिः	dikSabdeByaH saptamIpaYcamIpraTamAByo digdeSakAlezvastAtiH	VIDHI
2189	5	3	28	दक्षिणोत्तराभ्यामतसुच्	dakziRottarAByAmatasuc	VIDHI
2190	5	3	29	विभाषा परावराभ्याम्	viBAzA parAvarAByAm	VIDHI
2191	5	3	30	अञ्चेर्लुक्	aYcerluk	VIDHI
2192	5	3	31	उपर्युपरिष्टात्	uparyuparizwAt	VIDHI
2193	5	3	32	पश्चात्	paScAt	VIDHI
2194	5	3	33	पश्च पश्चा च च्छन्दसि	paSca paScA ca cCandasi	VIDHI
2195	5	3	34	उत्तराधरदक्षिणादातिः	uttarADaradakziRAdAtiH	VIDHI
2196	5	3	35	एनबन्यतरस्यामदूरेऽपञ्चम्याः	enabanyatarasyAmadUrepaYcamyAH	VIDHI
2197	5	3	36	दक्षिणादाच्	dakziRAdAc	VIDHI
2198	5	3	37	आहि च दूरे	Ahi ca dUre	VIDHI
2199	5	3	38	उत्तराच्च	uttarAcca	VIDHI
2200	5	3	39	पूर्वाधरावराणामसि पुरधवश्चैषाम्	pUrvADarAvarARAmasi puraDavaScEzAm	VIDHI
2201	5	3	40	अस्ताति च	astAti ca	VIDHI
2202	5	3	41	विभाषावरस्य	viBAzAvarasya	VIDHI
2203	5	3	42	संख्याया विधार्थे धा	saMKyAyA viDArTe DA	VIDHI
2204	5	3	43	अधिकरणविचाले च	aDikaraRavicAle ca	VIDHI
2205	5	3	44	एकाद्धो ध्यमुञन्यतरस्याम्	ekAdDo DyamuYanyatarasyAm	VIDHI
2206	5	3	45	द्वित्र्योश्च धमुञ्	dvitryoSca DamuY	VIDHI
2207	5	3	46	एधाच्च	eDAcca	VIDHI
2208	5	3	47	याप्ये पाशप्	yApye pASap	VIDHI
2209	5	3	48	पूरणाद्भागे तीयादन्	pUraRAdBAge tIyAdan	VIDHI
2210	5	3	49	प्रागेकादशभ्योऽच्छन्दसि	prAgekAdaSaByocCandasi	VIDHI
2211	5	3	50	षष्ठाष्टमाभ्यां ञ च	zazWAzwamAByAM Ya ca	VIDHI
2212	5	3	51	मानपश्वङ्गयोः कन्लुकौ च	mAnapaSvaNgayoH kanlukO ca	VIDHI
2213	5	3	52	एकादाकिनिच्चासहाये	ekAdAkiniccAsahAye	VIDHI
2214	5	3	53	भूतपूर्वे चरट्	BUtapUrve caraw	VIDHI
2215	5	3	54	षष्ठ्या रूप्य च	zazWyA rUpya ca	VIDHI
2216	5	3	55	अतिशायने तमबिष्ठनौ	atiSAyane tamabizWanO	VIDHI
2217	5	3	56	तिङश्च	tiNaSca	VIDHI
2218	5	3	57	द्विवचनविभज्योपपदे तरबीयसुनौ	dvivacanaviBajyopapade tarabIyasunO	VIDHI
2219	5	3	58	अजादी गुणवचनादेव	ajAdI guRavacanAdeva	VIDHI
2220	5	3	59	तुश्छन्दसि	tuSCandasi	VIDHI
2221	5	3	60	प्रशस्यस्य श्रः	praSasyasya SraH	VIDHI
2222	5	3	61	ज्य च	jya ca	VIDHI
2223	5	3	62	वृद्धस्य च	vfdDasya ca	VIDHI
2224	5	3	63	अन्तिकबाढयोर्नेदसाधौ	antikabAQayornedasADO	VIDHI
2225	5	3	64	युवाल्पयोः कनन्यतरस्याम्	yuvAlpayoH kananyatarasyAm	VIDHI
2226	5	3	65	विन्मतोर्लुक्	vinmatorluk	VIDHI
2227	5	3	66	प्रशंसायां रूपप्	praSaMsAyAM rUpap	VIDHI
2228	5	3	67	ईषदसमाप्तौ कल्पब्देश्यदेशीयरः	IzadasamAptO kalpabdeSyadeSIyaraH	VIDHI
2229	5	3	68	विभाषा सुपो बहुच् पुरस्तात्तु	viBAzA supo bahuc purastAttu	VIDHI
2230	5	3	69	प्रकारवचने जातीयर्	prakAravacane jAtIyar	VIDHI
2231	5	3	70	प्रागिवात्कः	prAgivAtkaH	ADHIKARA
2232	5	3	71	अव्ययसर्वनाम्नामकच् प्राक् टेः	avyayasarvanAmnAmakac prAk weH	VIDHI
2233	5	3	72	कस्य च दः	kasya ca daH	VIDHI
2234	5	3	73	अज्ञाते	ajYAte	VIDHI
2235	5	3	74	कुत्सिते	kutsite	VIDHI
2236	5	3	75	संज्ञायां कन्	saMjYAyAM kan	VIDHI
2237	5	3	76	अनुकम्पायाम्	anukampAyAm	VIDHI
2238	5	3	77	नीतौ च तद्युक्तात्	nItO ca tadyuktAt	VIDHI
2239	5	3	78	बह्वचो मनुष्यनाम्नष्ठज्वा	bahvaco manuzyanAmnazWajvA	VIDHI
2240	5	3	79	घनिलचौ च	GanilacO ca	VIDHI
2241	5	3	80	प्राचामुपादेरडज्वुचौ च	prAcAmupAderaqajvucO ca	VIDHI
2242	5	3	81	जातिनाम्नः कन्	jAtinAmnaH kan	VIDHI
2243	5	3	82	अजिनान्तस्योत्तरपदलोपश्च	ajinAntasyottarapadalopaSca	VIDHI
2244	5	3	83	ठाजादावूर्ध्वं द्वितीयादचः	WAjAdAvUrDvaM dvitIyAdacaH	VIDHI
2245	5	3	84	शेवलसुपरिविशालवरुणार्यमादीनां तृतीयात्	SevalasupariviSAlavaruRAryamAdInAM tftIyAt	VIDHI
2246	5	3	85	अल्पे	alpe	VIDHI
2247	5	3	86	ह्रस्वे	hrasve	VIDHI
2248	5	3	87	संज्ञायां कन्	saMjYAyAM kan	VIDHI
2249	5	3	88	कुटीशमीशुण्डाभ्यो रः	kuwISamISuRqAByo raH	VIDHI
2250	5	3	89	कुत्वा डुपच्	kutvA qupac	VIDHI
2251	5	3	90	कासूगोणीभ्यां ष्टरच्	kAsUgoRIByAM zwarac	VIDHI
2252	5	3	91	वत्सोक्षाश्वर्षभेभ्यश्च तनुत्वे	vatsokzASvarzaBeByaSca tanutve	VIDHI
2253	5	3	92	किंयत्तदो निर्द्धारणे द्वयोरेकस्य डतरच्	kiMyattado nirdDAraRe dvayorekasya qatarac	VIDHI
2254	5	3	93	वा बहूनां जातिपरिप्रश्ने डतमच्	vA bahUnAM jAtiparipraSne qatamac	VIDHI
2255	5	3	94	एकाच्च प्राचाम्	ekAcca prAcAm	VIDHI
2256	5	3	95	अवक्षेपणे कन्	avakzepaRe kan	VIDHI
2257	5	3	96	इवे प्रतिकृतौ	ive pratikftO	VIDHI
2258	5	3	97	संज्ञायां च	saMjYAyAM ca	VIDHI
2259	5	3	98	लुम्मनुष्ये	lummanuzye	VIDHI
2260	5	3	99	जीविकार्थे चापण्ये	jIvikArTe cApaRye	VIDHI
2261	5	3	100	देवपथादिभ्यश्च	devapaTAdiByaSca	VIDHI
2262	5	3	101	वस्तेर्ढञ्	vasterQaY	VIDHI
2263	5	3	102	शिलाया ढः	SilAyA QaH	VIDHI
2264	5	3	103	शाखादिभ्यो यत्	SAKAdiByo yat	VIDHI
2265	5	3	104	द्रव्यं च भव्ये	dravyaM ca Bavye	VIDHI
2266	5	3	105	कुशाग्राच्छः	kuSAgrAcCaH	VIDHI
2267	5	3	106	समासाच्च तद्विषयात्	samAsAcca tadvizayAt	VIDHI
2268	5	3	107	शर्करादिभ्योऽण्	SarkarAdiByoR	VIDHI
2269	5	3	108	अङ्गुल्यादिभ्यष्ठक्	aNgulyAdiByazWak	VIDHI
2270	5	3	109	एकशालायाष्ठजन्यतरस्याम्	ekaSAlAyAzWajanyatarasyAm	VIDHI
2271	5	3	110	कर्कलोहितादीकक्	karkalohitAdIkak	VIDHI
2272	5	3	111	प्रत्नपूर्वविश्वेमात्थाल् छन्दसि	pratnapUrvaviSvemAtTAl Candasi	VIDHI
2273	5	3	112	पूगाञ्ञ्योऽग्रामणीपूर्वात्	pUgAYYyogrAmaRIpUrvAt	VIDHI
2274	5	3	113	व्रातच्फञोरस्त्रियाम्	vrAtacPaYorastriyAm	VIDHI
2275	5	3	114	आयुधजीविसंघाञ्ञ्यड्वाहीकेष्वब्राह्मणराजन्यात्	AyuDajIvisaMGAYYyaqvAhIkezvabrAhmaRarAjanyAt	VIDHI
2276	5	3	115	वृकाट्टेण्यण्	vfkAwweRyaR	VIDHI
2277	5	3	116	दामन्यादित्रिगर्तषष्ठाच्छः	dAmanyAditrigartazazWAcCaH	VIDHI
2278	5	3	117	पर्श्वादियौधेयादिभ्यामणञौ	parSvAdiyODeyAdiByAmaRaYO	VIDHI
2279	5	3	118	अभिजिद्विदभृच्छालावच्छिखावच्छमीवदूर्णावच्छ्रुमदणो यञ्	aBijidvidaBfcCAlAvacCiKAvacCamIvadUrRAvacCrumadaRo yaY	VIDHI
2280	5	3	119	ञ्यादयस्तद्राजाः	YyAdayastadrAjAH	SAMJNA
2281	5	4	1	पादशतस्य संख्यादेर्वीप्सायां वुन् लोपश्च	pAdaSatasya saMKyAdervIpsAyAM vun lopaSca	VIDHI
2282	5	4	2	दण्डव्यवसर्गयोश्च	daRqavyavasargayoSca	VIDHI
2283	5	4	3	स्थूलादिभ्यः प्रकारवचने कन्	sTUlAdiByaH prakAravacane kan	VIDHI
2284	5	4	4	अनत्यन्तगतौ क्तात्	anatyantagatO ktAt	VIDHI
2285	5	4	5	न सामिवचने	na sAmivacane	VIDHI
2286	5	4	6	बृहत्या आच्छादने	bfhatyA AcCAdane	VIDHI
2287	5	4	7	अषडक्षाशितङ्ग्वलंकर्मालम्पुरुषाध्युत्तरपदात् खः	azaqakzASitaNgvalaMkarmAlampuruzADyuttarapadAt KaH	VIDHI
2288	5	4	8	विभाषा अञ्चेरदिक्स्त्रियाम्	viBAzA aYceradikstriyAm	VIDHI
2289	5	4	9	जात्यन्ताच्छ बन्धुनि	jAtyantAcCa banDuni	VIDHI
2290	5	4	10	स्थानान्ताद्विभाषा सस्थानेनेति चेत्	sTAnAntAdviBAzA sasTAneneti cet	VIDHI
2291	5	4	11	किमेत्तिङव्ययघादाम्वद्रव्यप्रकर्षे	kimettiNavyayaGAdAmvadravyaprakarze	VIDHI
2292	5	4	12	अमु च च्छन्दसि	amu ca cCandasi	VIDHI
2293	5	4	13	अनुगादिनष्ठक्	anugAdinazWak	VIDHI
2294	5	4	14	णचः स्त्रियामञ्	RacaH striyAmaY	VIDHI
2295	5	4	15	अणिनुणः	aRinuRaH	VIDHI
2296	5	4	16	विसारिणो मत्स्ये	visAriRo matsye	VIDHI
2297	5	4	17	संख्यायाः क्रियाभ्यावृत्तिगणने कृत्वसुच्	saMKyAyAH kriyAByAvfttigaRane kftvasuc	VIDHI
2298	5	4	18	द्वित्रिचतुर्भ्यः सुच्	dvitricaturByaH suc	VIDHI
2299	5	4	19	एकस्य सकृच्च	ekasya sakfcca	VIDHI
2300	5	4	20	विभाषा बहोर्धाविप्रकृष्टकाले	viBAzA bahorDAviprakfzwakAle	VIDHI
2301	5	4	21	तत्प्रकृतवचने मयट्	tatprakftavacane mayaw	VIDHI
2302	5	4	22	समूहवच्च बहुषु	samUhavacca bahuzu	ADHIKARA
2303	5	4	23	अनन्तावसथेतिहभेषजाञ्ञ्यः	anantAvasaTetihaBezajAYYyaH	VIDHI
2304	5	4	24	देवतान्तात्तादर्थ्ये यत्	devatAntAttAdarTye yat	VIDHI
2305	5	4	25	पादार्घाभ्यां च	pAdArGAByAM ca	VIDHI
2306	5	4	26	अतिथेर्ञ्यः	atiTerYyaH	VIDHI
2307	5	4	27	देवात्तल्	devAttal	VIDHI
2308	5	4	28	अवेः कः	aveH kaH	VIDHI
2309	5	4	29	यावादिभ्यः कन्	yAvAdiByaH kan	VIDHI
2310	5	4	30	लोहितान्मणौ	lohitAnmaRO	VIDHI
2311	5	4	31	वर्णे चानित्ये	varRe cAnitye	VIDHI
2312	5	4	32	रक्ते	rakte	VIDHI
2313	5	4	33	कालाच्च	kAlAcca	VIDHI
2314	5	4	34	विनयादिभ्यष्ठक्	vinayAdiByazWak	VIDHI
2315	5	4	35	वाचो व्याहृतार्थायाम्	vAco vyAhftArTAyAm	VIDHI
2316	5	4	36	तद्युक्तात् कर्मणोऽण्	tadyuktAt karmaRoR	VIDHI
2317	5	4	37	ओषधेरजातौ	ozaDerajAtO	VIDHI
2318	5	4	38	प्रज्ञादिभ्यश्च	prajYAdiByaSca	VIDHI
2319	5	4	39	मृदस्तिकन्	mfdastikan	VIDHI
2320	5	4	40	सस्नौ प्रशंसायाम्	sasnO praSaMsAyAm	VIDHI
2321	5	4	41	वृकज्येष्ठाभ्यां तिल्तातिलौ च च्छन्दसि	vfkajyezWAByAM tiltAtilO ca cCandasi	VIDHI
2322	5	4	42	बह्वल्पार्थाच्छस् कारकादन्यतरस्याम्	bahvalpArTAcCas kArakAdanyatarasyAm	VIDHI
2323	5	4	43	संख्यैकवचनाच्च वीप्सायाम्	saMKyEkavacanAcca vIpsAyAm	VIDHI
2324	5	4	44	प्रतियोगे पञ्चम्यास्तसिः	pratiyoge paYcamyAstasiH	VIDHI
2325	5	4	45	अपादाने चाहीयरुहोः	apAdAne cAhIyaruhoH	VIDHI
2326	5	4	46	अतिग्रहाव्यथनक्षेपेष्वकर्तरि तृतीयायाः	atigrahAvyaTanakzepezvakartari tftIyAyAH	VIDHI
2327	5	4	47	हीयमानपापयोगाच्च	hIyamAnapApayogAcca	VIDHI
2328	5	4	48	षष्ठ्या व्याश्रये	zazWyA vyASraye	VIDHI
2329	5	4	49	रोगाच्चापनयने	rogAccApanayane	VIDHI
2330	5	4	50	अभूततद्भावे कृभ्वस्तियोगे सम्पद्यकर्तरि च्विः	aBUtatadBAve kfBvastiyoge sampadyakartari cviH	VIDHI
2331	5	4	51	अरुर्मनश्चक्षुश्चेतोरहोरजसां लोपश्च	arurmanaScakzuScetorahorajasAM lopaSca	VIDHI
2332	5	4	52	विभाषा साति कार्त्स्न्ये	viBAzA sAti kArtsnye	VIDHI
2333	5	4	53	अभिविधौ सम्पदा च	aBiviDO sampadA ca	VIDHI
2334	5	4	54	तदधीनवचने	tadaDInavacane	VIDHI
2335	5	4	55	देये त्रा च	deye trA ca	VIDHI
2336	5	4	56	देवमनुष्यपुरुषपुरुमर्त्येभ्यो द्वितीयासप्तम्योर्बहुलम्	devamanuzyapuruzapurumartyeByo dvitIyAsaptamyorbahulam	VIDHI
2337	5	4	57	अव्यक्तानुकरणाद्द्व्यजवरार्धादनितौ डाच्	avyaktAnukaraRAddvyajavarArDAdanitO qAc	VIDHI
2338	5	4	58	कृञो द्वितीयतृतीयशम्बबीजात् कृषौ	kfYo dvitIyatftIyaSambabIjAt kfzO	VIDHI
2339	5	4	59	संख्यायाश्च गुणान्तायाः	saMKyAyASca guRAntAyAH	VIDHI
2340	5	4	60	समयाच्च यापनायाम्	samayAcca yApanAyAm	VIDHI
2341	5	4	61	सपत्त्रनिष्पत्रादतिव्यथने	sapattranizpatrAdativyaTane	VIDHI
2342	5	4	62	निष्कुलान्निष्कोषणे	nizkulAnnizkozaRe	VIDHI
2343	5	4	63	सुखप्रियादानुलोम्ये	suKapriyAdAnulomye	VIDHI
2344	5	4	64	दुःखात् प्रातिलोम्ये	duHKAt prAtilomye	VIDHI
2345	5	4	65	शूलात् पाके	SUlAt pAke	VIDHI
2346	5	4	66	सत्यादशपथे	satyAdaSapaTe	VIDHI
2347	5	4	67	मद्रात् परिवापणे	madrAt parivApaRe	VIDHI
2348	5	4	68	समासान्ताः	samAsAntAH	ADHIKARA
2349	5	4	69	न पूजनात्	na pUjanAt	VIDHI
2350	5	4	70	किमः क्षेपे	kimaH kzepe	VIDHI
2351	5	4	71	नञस्तत्पुरुषात्	naYastatpuruzAt	VIDHI
2352	5	4	72	पथो विभाषा	paTo viBAzA	VIDHI
2353	5	4	73	बहुव्रीहौ संख्येये डजबहुगणात्	bahuvrIhO saMKyeye qajabahugaRAt	VIDHI
2354	5	4	74	ऋक्पूरब्धूःपथामानक्षे	fkpUrabDUHpaTAmAnakze	VIDHI
2355	5	4	75	अच् प्रत्यन्ववपूर्वात् सामलोम्नः	ac pratyanvavapUrvAt sAmalomnaH	VIDHI
2356	5	4	76	अक्ष्णोऽदर्शनात्	akzRodarSanAt	VIDHI
2357	5	4	77	अचतुरविचतुरसुचतुरस्त्रीपुंसधेन्वनडुहर्क्सामवाङ्मनसाक्षिभ्रुवदारगवोर्वष्ठीवपदष्ठीवनक्तंदिवरात्रिंदिवाहर्दिवसरजसनिःश्रेयसपुरुषायुषद्व्यायुषत्र्यायुषर्ग्यजुषजातोक्षमहोक्षवृद्धोक्षोपशुनगोष्ठश्वाः	acaturavicaturasucaturastrIpuMsaDenvanaquharksAmavANmanasAkziBruvadAragavorvazWIvapadazWIvanaktaMdivarAtriMdivAhardivasarajasaniHSreyasapuruzAyuzadvyAyuzatryAyuzargyajuzajAtokzamahokzavfdDokzopaSunagozWaSvAH	VIDHI
2358	5	4	78	ब्रह्महस्तिभ्याम् वर्च्चसः	brahmahastiByAm varccasaH	VIDHI
2359	5	4	79	अवसमन्धेभ्यस्तमसः	avasamanDeByastamasaH	VIDHI
2360	5	4	80	श्वसो वसीयःश्रेयसः	Svaso vasIyaHSreyasaH	VIDHI
2361	5	4	81	अन्ववतप्ताद्रहसः	anvavataptAdrahasaH	VIDHI
2362	5	4	82	प्रतेरुरसः सप्तमीस्थात्	praterurasaH saptamIsTAt	VIDHI
2363	5	4	83	अनुगवमायामे	anugavamAyAme	VIDHI
2364	5	4	84	द्विस्तावा त्रिस्तावा वेदिः	dvistAvA tristAvA vediH	VIDHI
2365	5	4	85	उपसर्गादध्वनः	upasargAdaDvanaH	VIDHI
2366	5	4	86	तत्पुरुषस्याङ्गुलेः संख्याव्ययादेः	tatpuruzasyANguleH saMKyAvyayAdeH	VIDHI
2367	5	4	87	अहस्सर्वैकदेशसंख्यातपुण्याच्च रात्रेः	ahassarvEkadeSasaMKyAtapuRyAcca rAtreH	VIDHI
2368	5	4	88	अह्नोऽह्न एतेभ्यः	ahnohna eteByaH	VIDHI
2369	5	4	89	न संख्यादेः समाहारे	na saMKyAdeH samAhAre	VIDHI
2370	5	4	90	उत्तमैकाभ्यां च	uttamEkAByAM ca	VIDHI
2371	5	4	91	राजाहस्सखिभ्यष्टच्	rAjAhassaKiByazwac	VIDHI
2372	5	4	92	गोरतद्धितलुकि	goratadDitaluki	VIDHI
2373	5	4	93	अग्राख्यायामुरसः	agrAKyAyAmurasaH	VIDHI
2374	5	4	94	अनोऽश्मायस्सरसाम् जातिसंज्ञयोः	anoSmAyassarasAm jAtisaMjYayoH	VIDHI
2375	5	4	95	ग्रामकौटाभ्यां च तक्ष्णः	grAmakOwAByAM ca takzRaH	VIDHI
2376	5	4	96	अतेः शुनः	ateH SunaH	VIDHI
2377	5	4	97	उपमानादप्राणिषु	upamAnAdaprARizu	VIDHI
2378	5	4	98	उत्तरमृगपूर्वाच्च सक्थ्नः	uttaramfgapUrvAcca sakTnaH	VIDHI
2379	5	4	99	नावो द्विगोः	nAvo dvigoH	VIDHI
2380	5	4	100	अर्धाच्च	arDAcca	VIDHI
2381	5	4	101	खार्याः प्राचाम्	KAryAH prAcAm	VIDHI
2382	5	4	102	द्वित्रिभ्यामञ्जलेः	dvitriByAmaYjaleH	VIDHI
2383	5	4	103	अनसन्तान्नपुंसकाच्छन्दसि	anasantAnnapuMsakAcCandasi	VIDHI
2384	5	4	104	ब्रह्मणो जानपदाख्यायाम्	brahmaRo jAnapadAKyAyAm	VIDHI
2385	5	4	105	कुमहद्भ्यामन्यतरस्याम्	kumahadByAmanyatarasyAm	VIDHI
2386	5	4	106	द्वन्द्वाच्चुदषहान्तात् समाहारे	dvandvAccudazahAntAt samAhAre	VIDHI
2387	5	4	107	अव्ययीभावे शरत्प्रभृतिभ्यः	avyayIBAve SaratpraBftiByaH	VIDHI
2388	5	4	108	अनश्च	anaSca	VIDHI
2389	5	4	109	नपुंसकादन्यतरस्याम्	napuMsakAdanyatarasyAm	VIDHI
2390	5	4	110	नदीपौर्णमास्याग्रहायणीभ्यः	nadIpOrRamAsyAgrahAyaRIByaH	VIDHI
2391	5	4	111	झयः	JayaH	VIDHI
2392	5	4	112	गिरेश्च सेनकस्य	gireSca senakasya	VIDHI
2393	5	4	113	बहुव्रीहौ सक्थ्यक्ष्णोः स्वाङ्गात् षच्	bahuvrIhO sakTyakzRoH svANgAt zac	VIDHI
2394	5	4	114	अङ्गुलेर्दारुणि	aNgulerdAruRi	VIDHI
2395	5	4	115	द्वित्रिभ्यां ष मूर्ध्नः	dvitriByAM za mUrDnaH	VIDHI
2396	5	4	116	अप् पूरणीप्रमाण्योः	ap pUraRIpramARyoH	VIDHI
2397	5	4	117	अन्तर्बहिर्भ्यां च लोम्नः	antarbahirByAM ca lomnaH	VIDHI
2398	5	4	118	अञ्नासिकायाः संज्ञायां नसं चास्थूलात्	aYnAsikAyAH saMjYAyAM nasaM cAsTUlAt	VIDHI
2399	5	4	119	उपसर्गाच्च	upasargAcca	VIDHI
2400	5	4	120	सुप्रातसुश्वसुदिवशारिकुक्षचतुरश्रैणीपदाजपदप्रोष्ठपदाः	suprAtasuSvasudivaSArikukzacaturaSrERIpadAjapadaprozWapadAH	VIDHI
2401	5	4	121	नञ्दुःसुभ्यो हलिसक्थ्योरन्यतरस्याम्	naYduHsuByo halisakTyoranyatarasyAm	VIDHI
2402	5	4	122	नित्यमसिच् प्रजामेधयोः	nityamasic prajAmeDayoH	VIDHI
2403	5	4	123	बहुप्रजाश्छन्दसि	bahuprajASCandasi	VIDHI
2404	5	4	124	धर्मादनिच् केवलात्	DarmAdanic kevalAt	VIDHI
2405	5	4	125	जम्भा सुहरिततृणसोमेभ्यः	jamBA suharitatfRasomeByaH	VIDHI
2406	5	4	126	दक्षिणेर्मा लुब्धयोगे	dakziRermA lubDayoge	VIDHI
2407	5	4	127	इच् कर्मव्यतिहारे	ic karmavyatihAre	VIDHI
2408	5	4	128	द्विदण्ड्यादिभ्यश्च	dvidaRqyAdiByaSca	VIDHI
2409	5	4	129	प्रसम्भ्यां जानुनोर्ज्ञुः	prasamByAM jAnunorjYuH	VIDHI
2410	5	4	130	ऊर्ध्वाद्विभाषा	UrDvAdviBAzA	VIDHI
2411	5	4	131	ऊधसोऽनङ्	UDasonaN	VIDHI
2412	5	4	132	धनुषश्च	DanuzaSca	VIDHI
2413	5	4	133	वा संज्ञायाम्	vA saMjYAyAm	VIDHI
2414	5	4	134	जायाया निङ्	jAyAyA niN	VIDHI
2415	5	4	135	गन्धस्येदुत्पूतिसुसुरभिभ्यः	ganDasyedutpUtisusuraBiByaH	VIDHI
2416	5	4	136	अल्पाख्यायाम्	alpAKyAyAm	VIDHI
2417	5	4	137	उपमानाच्च	upamAnAcca	VIDHI
2418	5	4	138	पादस्य लोपोऽहस्त्यादिभ्यः	pAdasya lopohastyAdiByaH	VIDHI
2419	5	4	139	कुम्भपदीषु च	kumBapadIzu ca	VIDHI
2420	5	4	140	संख्यासुपूर्वस्य	saMKyAsupUrvasya	VIDHI
2421	5	4	141	वयसि दन्तस्य दतृ	vayasi dantasya datf	VIDHI
2422	5	4	142	छन्दसि च	Candasi ca	VIDHI
2423	5	4	143	स्त्रियां संज्ञायाम्	striyAM saMjYAyAm	VIDHI
2424	5	4	144	विभाषा श्यावारोकाभ्याम्	viBAzA SyAvArokAByAm	VIDHI
2425	5	4	145	अग्रान्तशुद्धशुभ्रवृषवराहेभ्यश्च	agrAntaSudDaSuBravfzavarAheByaSca	VIDHI
2426	5	4	146	ककुदस्यावस्थायां लोपः	kakudasyAvasTAyAM lopaH	VIDHI
2427	5	4	147	त्रिककुत् पर्वते	trikakut parvate	VIDHI
2428	5	4	148	उद्विभ्यां काकुदस्य	udviByAM kAkudasya	VIDHI
2429	5	4	149	पूर्णाद्विभाषा	pUrRAdviBAzA	VIDHI
2430	5	4	150	सुहृद्दुर्हृदौ मित्रामित्रयोः	suhfddurhfdO mitrAmitrayoH	VIDHI
2431	5	4	151	उरःप्रभृतिभ्यः कप्	uraHpraBftiByaH kap	VIDHI
2432	5	4	152	इनः स्त्रियाम्	inaH striyAm	VIDHI
2433	5	4	153	नद्यृतश्च	nadyftaSca	VIDHI
2434	5	4	154	शेषाद्विभाषा	SezAdviBAzA	VIDHI
2435	5	4	155	न संज्ञायाम्	na saMjYAyAm	VIDHI
2436	5	4	156	ईयसश्च	IyasaSca	VIDHI
2437	5	4	157	वन्दिते भ्रातुः	vandite BrAtuH	VIDHI
2438	5	4	158	ऋतश्छन्दसि	ftaSCandasi	VIDHI
2439	5	4	159	नाडीतन्त्र्योः स्वाङ्गे	nAqItantryoH svANge	VIDHI
2440	5	4	160	निष्प्रवाणिश्च	nizpravARiSca	VIDHI
2441	6	1	1	एकाचो द्वे प्रथमस्य	ekAco dve praTamasya	ADHIKARA
2442	6	1	2	अजादेर्द्वितीयस्य	ajAderdvitIyasya	VIDHI
2443	6	1	3	न न्द्राः संयोगादयः	na ndrAH saMyogAdayaH	VIDHI
2444	6	1	4	पूर्वोऽभ्यासः	pUrvoByAsaH	SAMJNA
2445	6	1	5	उभे अभ्यस्तम्	uBe aByastam	SAMJNA
2446	6	1	6	जक्षित्यादयः षट्	jakzityAdayaH zaw	VIDHI
2447	6	1	7	तुजादीनां दीर्घोऽभ्यासस्य	tujAdInAM dIrGoByAsasya	VIDHI
2448	6	1	8	लिटि धातोरनभ्यासस्य	liwi DAtoranaByAsasya	VIDHI
2449	6	1	9	सन्यङोः	sanyaNoH	VIDHI
2450	6	1	10	श्लौ	SlO	VIDHI
2451	6	1	11	चङि	caNi	VIDHI
2452	6	1	12	दाश्वान् साह्वान् मीढ्वांश्च	dASvAn sAhvAn mIQvAMSca	VIDHI
2453	6	1	13	ष्यङः सम्प्रसारणं पुत्रपत्योस्तत्पुरुषे	zyaNaH samprasAraRaM putrapatyostatpuruze	VIDHI
2454	6	1	14	बन्धुनि बहुव्रीहौ	banDuni bahuvrIhO	VIDHI
2455	6	1	15	वचिस्वपियजादीनां किति	vacisvapiyajAdInAM kiti	VIDHI
2456	6	1	16	ग्रहिज्यावयिव्यधिवष्टिविचतिवृश्चतिपृच्छतिभृज्जतीनां ङिति च	grahijyAvayivyaDivazwivicativfScatipfcCatiBfjjatInAM Niti ca	VIDHI
2457	6	1	17	लिट्यभ्यासस्योभयेषाम्	liwyaByAsasyoBayezAm	VIDHI
2458	6	1	18	स्वापेश्चङि	svApeScaNi	VIDHI
2459	6	1	19	स्वपिस्यमिव्येञां यङि	svapisyamivyeYAM yaNi	VIDHI
2460	6	1	20	न वशः	na vaSaH	VIDHI
2461	6	1	21	चायः की	cAyaH kI	VIDHI
2462	6	1	22	स्फायः स्फी निष्ठायाम्	sPAyaH sPI nizWAyAm	VIDHI
2463	6	1	23	स्त्यः प्रपूर्वस्य	styaH prapUrvasya	VIDHI
2464	6	1	24	द्रवमूर्तिस्पर्शयोः श्यः	dravamUrtisparSayoH SyaH	VIDHI
2465	6	1	25	प्रतेश्च	prateSca	VIDHI
2466	6	1	26	विभाषाऽभ्यवपूर्वस्य	viBAzAByavapUrvasya	VIDHI
2467	6	1	27	शृतं पाके	SftaM pAke	VIDHI
2468	6	1	28	प्यायः पी	pyAyaH pI	VIDHI
2469	6	1	29	लिड्यङोश्च	liqyaNoSca	VIDHI
2470	6	1	30	विभाषा श्वेः	viBAzA SveH	VIDHI
2471	6	1	31	णौ च संश्चङोः	RO ca saMScaNoH	VIDHI
2472	6	1	32	ह्वः सम्प्रसारणम्	hvaH samprasAraRam	VIDHI
2473	6	1	33	अभ्यस्तस्य च	aByastasya ca	VIDHI
2474	6	1	34	बहुलं छन्दसि	bahulaM Candasi	VIDHI
2475	6	1	35	चायः की	cAyaH kI	VIDHI
2476	6	1	36	अपस्पृधेथामानृचुरानृहुश्चिच्युषेतित्याजश्राताःश्रितमाशीराशीर्त्ताः	apaspfDeTAmAnfcurAnfhuScicyuzetityAjaSrAtAHSritamASIrASIrttAH	VIDHI
2477	6	1	37	न सम्प्रसारणे सम्प्रसारणम्	na samprasAraRe samprasAraRam	VIDHI
2478	6	1	38	लिटि वयो यः	liwi vayo yaH	VIDHI
2479	6	1	39	वश्चास्यान्यतरस्याम् किति	vaScAsyAnyatarasyAm kiti	VIDHI
2480	6	1	40	वेञः	veYaH	VIDHI
2481	6	1	41	ल्यपि च	lyapi ca	VIDHI
2482	6	1	42	ज्यश्च	jyaSca	VIDHI
2483	6	1	43	व्यश्च	vyaSca	VIDHI
2484	6	1	44	विभाषा परेः	viBAzA pareH	VIDHI
2485	6	1	45	आदेच उपदेशेऽशिति	Adeca upadeSeSiti	VIDHI
2486	6	1	46	न व्यो लिटि	na vyo liwi	VIDHI
2487	6	1	47	स्फुरतिस्फुलत्योर्घञि	sPuratisPulatyorGaYi	VIDHI
2488	6	1	48	क्रीङ्जीनां णौ	krINjInAM RO	VIDHI
2489	6	1	49	सिध्यतेरपारलौकिके	siDyaterapAralOkike	VIDHI
2490	6	1	50	मीनातिमिनोतिदीङां ल्यपि च	mInAtiminotidINAM lyapi ca	VIDHI
2491	6	1	51	विभाषा लीयतेः	viBAzA lIyateH	VIDHI
2492	6	1	52	खिदेश्छन्दसि	KideSCandasi	VIDHI
2493	6	1	53	अपगुरो णमुलि	apaguro Ramuli	VIDHI
2494	6	1	54	चिस्फुरोर्णौ	cisPurorRO	VIDHI
2495	6	1	55	प्रजने वीयतेः	prajane vIyateH	VIDHI
2496	6	1	56	बिभेतेर्हेतुभये	biBeterhetuBaye	VIDHI
2497	6	1	57	नित्यं स्मयतेः	nityaM smayateH	VIDHI
2498	6	1	58	सृजिदृशोर्झल्यमकिति	sfjidfSorJalyamakiti	VIDHI
2499	6	1	59	अनुदात्तस्य चर्दुपधस्यान्यतरस्याम्	anudAttasya cardupaDasyAnyatarasyAm	VIDHI
2500	6	1	60	शीर्षंश्छन्दसि	SIrzaMSCandasi	VIDHI
2501	6	1	61	ये च तद्धिते	ye ca tadDite	VIDHI
2502	6	1	62	अचि शीर्षः	aci SIrzaH	VIDHI
2503	6	1	63	पद्दन्नोमास्हृन्निशसन्यूषन्दोषन्यकञ्छकन्नुदन्नासञ्छस्प्रभृतिषु	paddannomAshfnniSasanyUzandozanyakaYCakannudannAsaYCaspraBftizu	VIDHI
2504	6	1	64	धात्वादेः षः सः	DAtvAdeH zaH saH	VIDHI
2505	6	1	65	णो नः	Ro naH	VIDHI
2506	6	1	66	लोपो व्योर्वलि	lopo vyorvali	VIDHI
2507	6	1	67	वेरपृक्तस्य	verapfktasya	VIDHI
2508	6	1	68	हल्ङ्याब्भ्यो दीर्घात् सुतिस्यपृक्तं हल्	halNyAbByo dIrGAt sutisyapfktaM hal	VIDHI
2509	6	1	69	एङ्ह्रस्वात् सम्बुद्धेः	eNhrasvAt sambudDeH	VIDHI
2510	6	1	70	शेश्छन्दसि बहुलम्	SeSCandasi bahulam	VIDHI
2511	6	1	71	ह्रस्वस्य पिति कृति तुक्	hrasvasya piti kfti tuk	VIDHI
2512	6	1	72	संहितायाम्	saMhitAyAm	ADHIKARA
2513	6	1	73	छे च	Ce ca	VIDHI
2514	6	1	74	आङ्माङोश्च	ANmANoSca	VIDHI
2515	6	1	75	दीर्घात्	dIrGAt	VIDHI
2516	6	1	76	पदान्ताद्वा	padAntAdvA	VIDHI
2517	6	1	77	इको यणचि	iko yaRaci	VIDHI
2518	6	1	78	एचोऽयवायावः	ecoyavAyAvaH	VIDHI
2519	6	1	79	वान्तो यि प्रत्यये	vAnto yi pratyaye	VIDHI
2520	6	1	80	धातोस्तन्निमित्तस्यैव	DAtostannimittasyEva	VIDHI
2521	6	1	81	क्षय्यजय्यौ शक्यार्थे	kzayyajayyO SakyArTe	VIDHI
2522	6	1	82	क्रय्यस्तदर्थे	krayyastadarTe	VIDHI
2523	6	1	83	भय्यप्रवय्ये च च्छन्दसि	Bayyapravayye ca cCandasi	VIDHI
2524	6	1	84	एकः पूर्वपरयोः	ekaH pUrvaparayoH	ADHIKARA
2525	6	1	85	अन्तादिवच्च	antAdivacca	ADHIKARA
2526	6	1	86	षत्वतुकोरसिद्धः	zatvatukorasidDaH	VIDHI
2527	6	1	87	आद्गुणः	AdguRaH	VIDHI
2528	6	1	88	वृद्धिरेचि	vfdDireci	VIDHI
2529	6	1	89	एत्येधत्यूठ्सु	etyeDatyUWsu	VIDHI
2530	6	1	90	आटश्च	AwaSca	VIDHI
2531	6	1	91	उपसर्गादृति धातौ	upasargAdfti DAtO	VIDHI
2532	6	1	92	वा सुप्यापिशलेः	vA supyApiSaleH	VIDHI
2533	6	1	93	औतोऽम्शसोः	OtomSasoH	VIDHI
2534	6	1	94	एङि पररूपम्	eNi pararUpam	VIDHI
2535	6	1	95	ओमाङोश्च	omANoSca	VIDHI
2536	6	1	96	उस्यपदान्तात्	usyapadAntAt	VIDHI
2537	6	1	97	अतो गुणे	ato guRe	VIDHI
2538	6	1	98	अव्यक्तानुकरणस्यात इतौ	avyaktAnukaraRasyAta itO	VIDHI
2539	6	1	99	नाम्रेडितस्यान्त्यस्य तु वा	nAmreqitasyAntyasya tu vA	VIDHI
2540	6	1	100	नित्यमाम्रेडिते डाचि	nityamAmreqite qAci	VIDHI
2541	6	1	101	अकः सवर्णे दीर्घः	akaH savarRe dIrGaH	VIDHI
2542	6	1	102	प्रथमयोः पूर्वसवर्णः	praTamayoH pUrvasavarRaH	VIDHI
2543	6	1	103	तस्माच्छसो नः पुंसि	tasmAcCaso naH puMsi	VIDHI
2544	6	1	104	नादिचि	nAdici	VIDHI
2545	6	1	105	दीर्घाज्जसि च	dIrGAjjasi ca	VIDHI
2546	6	1	106	वा छन्दसि	vA Candasi	VIDHI
2547	6	1	107	अमि पूर्वः	ami pUrvaH	VIDHI
2548	6	1	108	सम्प्रसारणाच्च	samprasAraRAcca	VIDHI
2549	6	1	109	एङः पदान्तादति	eNaH padAntAdati	VIDHI
2550	6	1	110	ङसिङसोश्च	NasiNasoSca	VIDHI
2551	6	1	111	ऋत उत्	fta ut	VIDHI
2552	6	1	112	ख्यत्यात् परस्य	KyatyAt parasya	VIDHI
2553	6	1	113	अतो रोरप्लुतादप्लुते	ato roraplutAdaplute	VIDHI
2554	6	1	114	हशि च	haSi ca	VIDHI
2555	6	1	115	प्रकृत्याऽन्तःपादमव्यपरे	prakftyAntaHpAdamavyapare	VIDHI
2556	6	1	116	अव्यादवद्यादवक्रमुरव्रतायमवन्त्ववस्युषु च	avyAdavadyAdavakramuravratAyamavantvavasyuzu ca	VIDHI
2557	6	1	117	यजुष्युरः	yajuzyuraH	VIDHI
2558	6	1	118	आपोजुषाणोवृष्णोवर्षिष्ठेऽम्बेऽम्बालेऽम्बिकेपूर्वे	ApojuzARovfzRovarzizWembembAlembikepUrve	VIDHI
2559	6	1	119	अङ्ग इत्यादौ च	aNga ityAdO ca	VIDHI
2560	6	1	120	अनुदात्ते च कुधपरे	anudAtte ca kuDapare	VIDHI
2561	6	1	121	अवपथासि च	avapaTAsi ca	VIDHI
2562	6	1	122	सर्वत्र विभाषा गोः	sarvatra viBAzA goH	VIDHI
2563	6	1	123	अवङ् स्फोटायनस्य	avaN sPowAyanasya	VIDHI
2564	6	1	124	इन्द्रे च	indre ca	VIDHI
2565	6	1	125	प्लुतप्रगृह्या अचि नित्यम्	plutapragfhyA aci nityam	VIDHI
2566	6	1	126	आङोऽनुनासिकश्छन्दसि	ANonunAsikaSCandasi	VIDHI
2567	6	1	127	इकोऽसवर्णे शाकल्यस्य ह्रस्वश्च	ikosavarRe SAkalyasya hrasvaSca	VIDHI
2568	6	1	128	ऋत्यकः	ftyakaH	VIDHI
2569	6	1	129	अप्लुतवदुपस्थिते	aplutavadupasTite	ADHIKARA
2570	6	1	130	ई३ चाक्रवर्मणस्य	I cAkravarmaRasya	VIDHI
2571	6	1	131	दिव उत्	diva ut	VIDHI
2572	6	1	132	एतत्तदोः सुलोपोऽकोरनञ्समासे हलि	etattadoH sulopokoranaYsamAse hali	VIDHI
2573	6	1	133	स्यश्छन्दसि बहुलम्	syaSCandasi bahulam	VIDHI
2574	6	1	134	सोऽचि लोपे चेत् पादपूरणम्	soci lope cet pAdapUraRam	VIDHI
2575	6	1	135	सुट् कात् पूर्वः	suw kAt pUrvaH	ADHIKARA
2576	6	1	136	अडभ्यासव्यवायेऽपि	aqaByAsavyavAyepi	VIDHI
2577	6	1	137	सम्पर्युपेभ्यः करोतौ भूषणे	samparyupeByaH karotO BUzaRe	VIDHI
2578	6	1	138	समवाये च	samavAye ca	VIDHI
2579	6	1	139	उपात् प्रतियत्नवैकृतवाक्याध्याहारेषु	upAt pratiyatnavEkftavAkyADyAhArezu	VIDHI
2580	6	1	140	किरतौ लवने	kiratO lavane	VIDHI
2581	6	1	141	हिंसायां प्रतेश्च	hiMsAyAM prateSca	VIDHI
2582	6	1	142	अपाच्चतुष्पाच्छकुनिष्वालेखने	apAccatuzpAcCakunizvAleKane	VIDHI
2583	6	1	143	कुस्तुम्बुरूणि जातिः	kustumburURi jAtiH	VIDHI
2584	6	1	144	अपरस्पराः क्रियासातत्ये	aparasparAH kriyAsAtatye	VIDHI
2585	6	1	145	गोष्पदं सेवितासेवितप्रमाणेषु	gozpadaM sevitAsevitapramARezu	VIDHI
2586	6	1	146	आस्पदं प्रतिष्ठायाम्	AspadaM pratizWAyAm	VIDHI
2587	6	1	147	आश्चर्यमनित्ये	AScaryamanitye	VIDHI
2588	6	1	148	वर्चस्केऽवस्करः	varcaskevaskaraH	VIDHI
2589	6	1	149	अपस्करो रथाङ्गम्	apaskaro raTANgam	VIDHI
2590	6	1	150	विष्किरः शकुनौ वा	vizkiraH SakunO vA	VIDHI
2591	6	1	151	ह्रस्वाच्चन्द्रोत्तरपदे मन्त्रे	hrasvAccandrottarapade mantre	VIDHI
2592	6	1	152	प्रतिष्कशश्च कशेः	pratizkaSaSca kaSeH	VIDHI
2593	6	1	153	प्रस्कण्वहरिश्चन्द्रावृषी	praskaRvahariScandrAvfzI	VIDHI
2594	6	1	154	मस्करमस्करिणौ वेणुपरिव्राजकयोः	maskaramaskariRO veRuparivrAjakayoH	VIDHI
2595	6	1	155	कास्तीराजस्तुन्दे नगरे	kAstIrAjastunde nagare	VIDHI
2596	6	1	156	कारस्करो वृक्षः	kAraskaro vfkzaH	VIDHI
2597	6	1	157	पारस्करप्रभृतीनि च संज्ञायाम्	pAraskarapraBftIni ca saMjYAyAm	VIDHI
2598	6	1	158	अनुदात्तं पदमेकवर्जम्	anudAttaM padamekavarjam	PARIBHASHA
2599	6	1	159	कर्षात्वतो घञोऽन्त उदात्तः	karzAtvato GaYonta udAttaH	VIDHI
2600	6	1	160	उञ्छादीनां च	uYCAdInAM ca	VIDHI
2601	6	1	161	अनुदात्तस्य च यत्रोदात्तलोपः	anudAttasya ca yatrodAttalopaH	VIDHI
2602	6	1	162	धातोः	DAtoH	VIDHI
2603	6	1	163	चितः	citaH	VIDHI
2604	6	1	164	तद्धितस्य	tadDitasya	VIDHI
2605	6	1	165	कितः	kitaH	VIDHI
2606	6	1	166	तिसृभ्यो जसः	tisfByo jasaH	VIDHI
2607	6	1	167	चतुरः शसि	caturaH Sasi	VIDHI
2608	6	1	168	सावेकाचस्तृतीयादिर्विभक्तिः	sAvekAcastftIyAdirviBaktiH	VIDHI
2609	6	1	169	अन्तोदात्तादुत्तरपदादन्यतरस्यामनित्यसमासे	antodAttAduttarapadAdanyatarasyAmanityasamAse	VIDHI
2610	6	1	170	अञ्चेश्छन्दस्यसर्वनामस्थानम्	aYceSCandasyasarvanAmasTAnam	VIDHI
2611	6	1	171	ऊडिदम्पदाद्यप्पुम्रैद्युभ्यः	UqidampadAdyappumrEdyuByaH	VIDHI
2612	6	1	172	अष्टनो दीर्घात्	azwano dIrGAt	VIDHI
2613	6	1	173	शतुरनुमो नद्यजादी	Saturanumo nadyajAdI	VIDHI
2614	6	1	174	उदात्तयणो हल्पूर्वात्	udAttayaRo halpUrvAt	VIDHI
2615	6	1	175	नोङ्धात्वोः	noNDAtvoH	VIDHI
2616	6	1	176	ह्रस्वनुड्भ्यां मतुप्	hrasvanuqByAM matup	VIDHI
2617	6	1	177	नामन्यतरस्याम्	nAmanyatarasyAm	VIDHI
2618	6	1	178	ङ्याश्छन्दसि बहुलम्	NyASCandasi bahulam	VIDHI
2619	6	1	179	षट्त्रिचतुर्भ्यो हलादिः	zawtricaturByo halAdiH	VIDHI
2620	6	1	180	झल्युपोत्तमम्	Jalyupottamam	VIDHI
2621	6	1	181	विभाषा भाषायाम्	viBAzA BAzAyAm	VIDHI
2622	6	1	182	न गोश्वन्त्साववर्णराडङ्क्रुङ्कृद्भ्यः	na goSvantsAvavarRarAqaNkruNkfdByaH	VIDHI
2623	6	1	183	दिवो झल्	divo Jal	VIDHI
2624	6	1	184	नृ चान्यतरस्याम्	nf cAnyatarasyAm	VIDHI
2625	6	1	185	तित्स्वरितम्	titsvaritam	VIDHI
2626	6	1	186	तास्यनुदात्तेन्ङिददुपदेशाल्लसार्वधातुकमनुदात्तमह्न्विङोः	tAsyanudAttenNidadupadeSAllasArvaDAtukamanudAttamahnviNoH	VIDHI
2627	6	1	187	आदिः सिचोऽन्यतरस्याम्	AdiH siconyatarasyAm	VIDHI
2628	6	1	188	स्वपादिहिंसामच्यनिटि	svapAdihiMsAmacyaniwi	VIDHI
2629	6	1	189	अभ्यस्तानामादिः	aByastAnAmAdiH	VIDHI
2630	6	1	190	अनुदात्ते च	anudAtte ca	VIDHI
2631	6	1	191	सर्वस्य सुपि	sarvasya supi	VIDHI
2632	6	1	192	भीह्रीभृहुमदजनधनदरिद्राजागरां प्रत्ययात् पूर्वम् पिति	BIhrIBfhumadajanaDanadaridrAjAgarAM pratyayAt pUrvam piti	VIDHI
2633	6	1	193	लिति	liti	VIDHI
2634	6	1	194	आदिर्णमुल्यन्यतरस्याम्	AdirRamulyanyatarasyAm	VIDHI
2635	6	1	195	अचः कर्तृयकि	acaH kartfyaki	VIDHI
2636	6	1	196	थलि च सेटीडन्तो वा	Tali ca sewIqanto vA	VIDHI
2637	6	1	197	ञ्नित्यादिर्नित्यम्	YnityAdirnityam	VIDHI
2638	6	1	198	आमन्त्रितस्य च	Amantritasya ca	VIDHI
2639	6	1	199	पथिमथोः सर्वनामस्थाने	paTimaToH sarvanAmasTAne	VIDHI
2640	6	1	200	अन्तश्च तवै युगपत्	antaSca tavE yugapat	VIDHI
2641	6	1	201	क्षयो निवासे	kzayo nivAse	VIDHI
2642	6	1	202	जयः करणम्	jayaH karaRam	VIDHI
2643	6	1	203	वृषादीनां च	vfzAdInAM ca	VIDHI
2644	6	1	204	संज्ञायामुपमानम्	saMjYAyAmupamAnam	VIDHI
2645	6	1	205	निष्ठा च द्व्यजनात्	nizWA ca dvyajanAt	VIDHI
2646	6	1	206	शुष्कधृष्टौ	SuzkaDfzwO	VIDHI
2647	6	1	207	आशितः कर्ता	ASitaH kartA	VIDHI
2648	6	1	208	रिक्ते विभाषा	rikte viBAzA	VIDHI
2649	6	1	209	जुष्टार्पिते च छन्दसि	juzwArpite ca Candasi	VIDHI
2650	6	1	210	नित्यं मन्त्रे	nityaM mantre	VIDHI
2651	6	1	211	युष्मदस्मदोर्ङसि	yuzmadasmadorNasi	VIDHI
2652	6	1	212	ङयि च	Nayi ca	VIDHI
2653	6	1	213	यतोऽनावः	yatonAvaH	VIDHI
2654	6	1	214	ईडवन्दवृशंसदुहां ण्यतः	IqavandavfSaMsaduhAM RyataH	VIDHI
2655	6	1	215	विभाषा वेण्विन्धानयोः	viBAzA veRvinDAnayoH	VIDHI
2656	6	1	216	त्यागरागहासकुहश्वठक्रथानाम्	tyAgarAgahAsakuhaSvaWakraTAnAm	VIDHI
2657	6	1	217	उपोत्तमं रिति	upottamaM riti	VIDHI
2658	6	1	218	चङ्यन्यतरस्याम्	caNyanyatarasyAm	VIDHI
2659	6	1	219	मतोः पूर्वमात् संज्ञायां स्त्रियाम्	matoH pUrvamAt saMjYAyAM striyAm	VIDHI
2660	6	1	220	अन्तोऽवत्याः	antovatyAH	VIDHI
2661	6	1	221	ईवत्याः	IvatyAH	VIDHI
2662	6	1	222	चौ	cO	VIDHI
2663	6	1	223	समासस्य	samAsasya	VIDHI
2664	6	2	1	बहुव्रीहौ प्रकृत्या पूर्वपदम्	bahuvrIhO prakftyA pUrvapadam	VIDHI
2665	6	2	2	तत्पुरुषे तुल्यार्थतृतीयासप्तम्युपमानाव्ययद्वितीयाकृत्याः	tatpuruze tulyArTatftIyAsaptamyupamAnAvyayadvitIyAkftyAH	VIDHI
2666	6	2	3	वर्णो वर्णेष्वनेते	varRo varRezvanete	VIDHI
2667	6	2	4	गाधलवणयोः प्रमाणे	gADalavaRayoH pramARe	VIDHI
2668	6	2	5	दायाद्यं दायादे	dAyAdyaM dAyAde	VIDHI
2669	6	2	6	प्रतिबन्धि चिरकृच्छ्रयोः	pratibanDi cirakfcCrayoH	VIDHI
2670	6	2	7	पदेऽपदेशे	padepadeSe	VIDHI
2671	6	2	8	निवाते वातत्राणे	nivAte vAtatrARe	VIDHI
2672	6	2	9	शारदेऽनार्तवे	SAradenArtave	VIDHI
2673	6	2	10	अध्वर्युकषाययोर्जातौ	aDvaryukazAyayorjAtO	VIDHI
2674	6	2	11	सदृशप्रतिरूपयोः सादृश्ये	sadfSapratirUpayoH sAdfSye	VIDHI
2675	6	2	12	द्विगौ प्रमाणे	dvigO pramARe	VIDHI
2676	6	2	13	गन्तव्यपण्यं वाणिजे	gantavyapaRyaM vARije	VIDHI
2677	6	2	14	मात्रोपज्ञोपक्रमच्छाये नपुंसके	mAtropajYopakramacCAye napuMsake	VIDHI
2678	6	2	15	सुखप्रिययोर्हिते	suKapriyayorhite	VIDHI
2679	6	2	16	प्रीतौ च	prItO ca	VIDHI
2680	6	2	17	स्वं स्वामिनि	svaM svAmini	VIDHI
2681	6	2	18	पत्यावैश्वर्ये	patyAvESvarye	VIDHI
2682	6	2	19	न भूवाक्चिद्दिधिषु	na BUvAkciddiDizu	VIDHI
2683	6	2	20	वा भुवनम्	vA Buvanam	VIDHI
2684	6	2	21	आशङ्काबाधनेदीयस्सु संभावने	ASaNkAbADanedIyassu saMBAvane	VIDHI
2685	6	2	22	पूर्वे भूतपूर्वे	pUrve BUtapUrve	VIDHI
2686	6	2	23	सविधसनीडसमर्यादसवेशसदेशेषु सामीप्ये	saviDasanIqasamaryAdasaveSasadeSezu sAmIpye	VIDHI
2687	6	2	24	विस्पष्टादीनि गुणवचनेषु	vispazwAdIni guRavacanezu	VIDHI
2688	6	2	25	श्रज्याऽवमकन्पापवत्सु भावे कर्मधारये	SrajyAvamakanpApavatsu BAve karmaDAraye	VIDHI
2689	6	2	26	कुमारश्च	kumAraSca	VIDHI
2690	6	2	27	आदिः प्रत्येनसि	AdiH pratyenasi	VIDHI
2691	6	2	28	पूगेष्वन्यतरस्याम्	pUgezvanyatarasyAm	VIDHI
2692	6	2	29	इगन्तकालकपालभगालशरावेषु द्विगौ	igantakAlakapAlaBagAlaSarAvezu dvigO	VIDHI
2693	6	2	30	बह्वन्यतरस्याम्	bahvanyatarasyAm	VIDHI
2694	6	2	31	दिष्टिवितस्त्योश्च	dizwivitastyoSca	VIDHI
2695	6	2	32	सप्तमी सिद्धशुष्कपक्वबन्धेष्वकालात्	saptamI sidDaSuzkapakvabanDezvakAlAt	VIDHI
2696	6	2	33	परिप्रत्युपापा वर्ज्यमानाहोरात्रावयवेषु	paripratyupApA varjyamAnAhorAtrAvayavezu	VIDHI
2697	6	2	34	राजन्यबहुवचनद्वन्द्वेऽन्धकवृष्णिषु	rAjanyabahuvacanadvandvenDakavfzRizu	VIDHI
2698	6	2	35	संख्या	saMKyA	VIDHI
2699	6	2	36	आचार्योपसर्जनश्चान्तेवासी	AcAryopasarjanaScAntevAsI	VIDHI
2700	6	2	37	कार्तकौजपादयश्च	kArtakOjapAdayaSca	VIDHI
2701	6	2	38	महान् व्रीह्यपराह्णगृष्टीष्वासजाबालभारभारतहैलिहिलरौरवप्रवृद्धेषु	mahAn vrIhyaparAhRagfzwIzvAsajAbAlaBAraBAratahElihilarOravapravfdDezu	VIDHI
2702	6	2	39	क्षुल्लकश्च वैश्वदेवे	kzullakaSca vESvadeve	VIDHI
2703	6	2	40	उष्ट्रः सादिवाम्योः	uzwraH sAdivAmyoH	VIDHI
2704	6	2	41	गौः सादसादिसारथिषु	gOH sAdasAdisAraTizu	VIDHI
2705	6	2	42	कुरुगार्हपतरिक्तगुर्वसूतजरत्यश्लीलदृढरूपापारेवडवातैतिलकद्रूःपण्यकम्बलो दासीभाराणां च	kurugArhapatariktagurvasUtajaratyaSlIladfQarUpApArevaqavAtEtilakadrUHpaRyakambalo dAsIBArARAM ca	VIDHI
2706	6	2	43	चतुर्थी तदर्थे	caturTI tadarTe	VIDHI
2707	6	2	44	अर्थे	arTe	VIDHI
2708	6	2	45	क्ते च	kte ca	VIDHI
2709	6	2	46	कर्मधारयेऽनिष्ठा	karmaDArayenizWA	VIDHI
2710	6	2	47	अहीने द्वितीया	ahIne dvitIyA	VIDHI
2711	6	2	48	तृतीया कर्मणि	tftIyA karmaRi	VIDHI
2712	6	2	49	गतिरनन्तरः	gatiranantaraH	VIDHI
2713	6	2	50	तादौ च निति कृत्यतौ	tAdO ca niti kftyatO	VIDHI
2714	6	2	51	तवै चान्तश्च युगपत्	tavE cAntaSca yugapat	VIDHI
2715	6	2	52	अनिगन्तोऽञ्चतौ वप्रत्यये	anigantoYcatO vapratyaye	VIDHI
2716	6	2	53	न्यधी च	nyaDI ca	VIDHI
2717	6	2	54	ईषदन्यतरस्याम्	IzadanyatarasyAm	VIDHI
2718	6	2	55	हिरण्यपरिमाणं धने	hiraRyaparimARaM Dane	VIDHI
2719	6	2	56	प्रथमोऽचिरोपसम्पत्तौ	praTamociropasampattO	VIDHI
2720	6	2	57	कतरकतमौ कर्मधारये	katarakatamO karmaDAraye	VIDHI
2721	6	2	58	आर्यो ब्राह्मणकुमारयोः	Aryo brAhmaRakumArayoH	VIDHI
2722	6	2	59	राजा च	rAjA ca	VIDHI
2723	6	2	60	षष्ठी प्रत्येनसि	zazWI pratyenasi	VIDHI
2724	6	2	61	क्ते नित्यार्थे	kte nityArTe	VIDHI
2725	6	2	62	ग्रामः शिल्पिनि	grAmaH Silpini	VIDHI
2726	6	2	63	राजा च प्रशंसायाम्	rAjA ca praSaMsAyAm	VIDHI
2727	6	2	64	आदिरुदात्तः	AdirudAttaH	ADHIKARA
2728	6	2	65	सप्तमीहारिणौ धर्म्येऽहरणे	saptamIhAriRO DarmyeharaRe	VIDHI
2729	6	2	66	युक्ते च	yukte ca	VIDHI
2730	6	2	67	विभाषाऽध्यक्षे	viBAzADyakze	VIDHI
2731	6	2	68	पापं च शिल्पिनि	pApaM ca Silpini	VIDHI
2732	6	2	69	गोत्रान्तेवासिमाणवब्राह्मणेषु क्षेपे	gotrAntevAsimARavabrAhmaRezu kzepe	VIDHI
2733	6	2	70	अङ्गानि मैरेये	aNgAni mEreye	VIDHI
2734	6	2	71	भक्ताख्यास्तदर्थेषु	BaktAKyAstadarTezu	VIDHI
2735	6	2	72	गोबिडालसिंहसैन्धवेषूपमाने	gobiqAlasiMhasEnDavezUpamAne	VIDHI
2736	6	2	73	अके जीविकाऽर्थे	ake jIvikArTe	VIDHI
2737	6	2	74	प्राचां क्रीडायाम्	prAcAM krIqAyAm	VIDHI
2738	6	2	75	अणि नियुक्ते	aRi niyukte	VIDHI
2739	6	2	76	शिल्पिनि चाकृञः	Silpini cAkfYaH	VIDHI
2740	6	2	77	संज्ञायां च	saMjYAyAM ca	VIDHI
2741	6	2	78	गोतन्तियवं पाले	gotantiyavaM pAle	VIDHI
2742	6	2	79	णिनि	Rini	VIDHI
2743	6	2	80	उपमानं शब्दार्थप्रकृतावेव	upamAnaM SabdArTaprakftAveva	VIDHI
2744	6	2	81	युक्तारोह्यादयश्च	yuktArohyAdayaSca	VIDHI
2745	6	2	82	दीर्घकाशतुषभ्राष्ट्रवटं जे	dIrGakASatuzaBrAzwravawaM je	VIDHI
2746	6	2	83	अन्त्यात् पूर्वं बह्वचः	antyAt pUrvaM bahvacaH	VIDHI
2747	6	2	84	ग्रामेऽनिवसन्तः	grAmenivasantaH	VIDHI
2748	6	2	85	घोषादिषु च	GozAdizu ca	VIDHI
2749	6	2	86	छात्र्यादयः शालायाम्	CAtryAdayaH SAlAyAm	VIDHI
2750	6	2	87	प्रस्थेऽवृद्धमकर्क्यादीनाम्	prasTevfdDamakarkyAdInAm	VIDHI
2751	6	2	88	मालादीनां च	mAlAdInAM ca	VIDHI
2752	6	2	89	अमहन्नवं नगरेऽनुदीचाम्	amahannavaM nagarenudIcAm	VIDHI
2753	6	2	90	अर्मे चावर्णं द्व्यच्त्र्यच्	arme cAvarRaM dvyactryac	VIDHI
2754	6	2	91	न भूताधिकसंजीवमद्राश्मकज्जलम्	na BUtADikasaMjIvamadrASmakajjalam	VIDHI
2755	6	2	92	अन्तः	antaH	ADHIKARA
2756	6	2	93	सर्वं गुणकार्त्स्न्ये	sarvaM guRakArtsnye	VIDHI
2757	6	2	94	संज्ञायां गिरिनिकाययोः	saMjYAyAM girinikAyayoH	VIDHI
2758	6	2	95	कुमार्यां वयसि	kumAryAM vayasi	VIDHI
2759	6	2	96	उदकेऽकेवले	udakekevale	VIDHI
2760	6	2	97	द्विगौ क्रतौ	dvigO kratO	VIDHI
2761	6	2	98	सभायां नपुंसके	saBAyAM napuMsake	VIDHI
2762	6	2	99	पुरे प्राचाम्	pure prAcAm	VIDHI
2763	6	2	100	अरिष्टगौडपूर्वे च	arizwagOqapUrve ca	VIDHI
2764	6	2	101	न हास्तिनफलकमार्देयाः	na hAstinaPalakamArdeyAH	VIDHI
2765	6	2	102	कुसूलकूपकुम्भशालं बिले	kusUlakUpakumBaSAlaM bile	VIDHI
2766	6	2	103	दिक्शब्दा ग्रामजनपदाख्यानचानराटेषु	dikSabdA grAmajanapadAKyAnacAnarAwezu	VIDHI
2767	6	2	104	आचार्योपसर्जनश्चान्तेवासिनि	AcAryopasarjanaScAntevAsini	VIDHI
2768	6	2	105	उत्तरपदवृद्धौ सर्वं च	uttarapadavfdDO sarvaM ca	VIDHI
2769	6	2	106	बहुव्रीहौ विश्वं संज्ञायाम्	bahuvrIhO viSvaM saMjYAyAm	VIDHI
2770	6	2	107	उदराश्वेषुषु	udarASvezuzu	VIDHI
2771	6	2	108	क्षेपे	kzepe	VIDHI
2772	6	2	109	नदी बन्धुनि	nadI banDuni	VIDHI
2773	6	2	110	निष्ठोपसर्गपूर्वमन्यतरस्याम्	nizWopasargapUrvamanyatarasyAm	VIDHI
2774	6	2	111	उत्तरपदादिः	uttarapadAdiH	ADHIKARA
2775	6	2	112	कर्णो वर्णलक्षणात्	karRo varRalakzaRAt	VIDHI
2776	6	2	113	संज्ञौपम्ययोश्च	saMjYOpamyayoSca	VIDHI
2777	6	2	114	कण्ठपृष्ठग्रीवाजंघं च	kaRWapfzWagrIvAjaMGaM ca	VIDHI
2778	6	2	115	शृङ्गमवस्थायां च	SfNgamavasTAyAM ca	VIDHI
2779	6	2	116	नञो जरमरमित्रमृताः	naYo jaramaramitramftAH	VIDHI
2780	6	2	117	सोर्मनसी अलोमोषसी	sormanasI alomozasI	VIDHI
2781	6	2	118	क्रत्वादयश्च	kratvAdayaSca	VIDHI
2782	6	2	119	आद्युदात्तं द्व्यच् छन्दसि	AdyudAttaM dvyac Candasi	VIDHI
2783	6	2	120	वीरवीर्यौ च	vIravIryO ca	VIDHI
2784	6	2	121	कूलतीरतूलमूलशालाऽक्षसममव्ययीभावे	kUlatIratUlamUlaSAlAkzasamamavyayIBAve	VIDHI
2785	6	2	122	कंसमन्थशूर्पपाय्यकाण्डं द्विगौ	kaMsamanTaSUrpapAyyakARqaM dvigO	VIDHI
2786	6	2	123	तत्पुरुषे शालायां नपुंसके	tatpuruze SAlAyAM napuMsake	VIDHI
2787	6	2	124	कन्था च	kanTA ca	VIDHI
2788	6	2	125	आदिश्चिहणादीनाम्	AdiScihaRAdInAm	VIDHI
2789	6	2	126	चेलखेटकटुककाण्डं गर्हायाम्	celaKewakawukakARqaM garhAyAm	VIDHI
2790	6	2	127	चीरमुपमानम्	cIramupamAnam	VIDHI
2791	6	2	128	पललसूपशाकं मिश्रे	palalasUpaSAkaM miSre	VIDHI
2792	6	2	129	कूलसूदस्थलकर्षाः संज्ञायाम्	kUlasUdasTalakarzAH saMjYAyAm	VIDHI
2793	6	2	130	अकर्मधारये राज्यम्	akarmaDAraye rAjyam	VIDHI
2794	6	2	131	वर्ग्यादयश्च	vargyAdayaSca	VIDHI
2795	6	2	132	पुत्रः पुंभ्यः	putraH puMByaH	VIDHI
2796	6	2	133	नाचार्यराजर्त्विक्संयुक्तज्ञात्याख्येभ्यः	nAcAryarAjartviksaMyuktajYAtyAKyeByaH	VIDHI
2797	6	2	134	चूर्णादीन्यप्राणिषष्ठ्याः	cUrRAdInyaprARizazWyAH	VIDHI
2798	6	2	135	षट् च काण्डादीनि	zaw ca kARqAdIni	VIDHI
2799	6	2	136	कुण्डं वनम्	kuRqaM vanam	VIDHI
2800	6	2	137	प्रकृत्या भगालम्	prakftyA BagAlam	VIDHI
2801	6	2	138	शितेर्नित्याबह्वज्बहुव्रीहावभसत्	SiternityAbahvajbahuvrIhAvaBasat	VIDHI
2802	6	2	139	गतिकारकोपपदात् कृत्	gatikArakopapadAt kft	VIDHI
2803	6	2	140	उभे वनस्पत्यादिषु युगपत्	uBe vanaspatyAdizu yugapat	VIDHI
2804	6	2	141	देवताद्वन्द्वे च	devatAdvandve ca	VIDHI
2805	6	2	142	नोत्तरपदेऽनुदात्तादावपृथिवीरुद्रपूषमन्थिषु	nottarapadenudAttAdAvapfTivIrudrapUzamanTizu	VIDHI
2806	6	2	143	अन्तः	antaH	ADHIKARA
2807	6	2	144	थाथघञ्क्ताजबित्रकाणाम्	TATaGaYktAjabitrakARAm	VIDHI
2808	6	2	145	सूपमानात् क्तः	sUpamAnAt ktaH	VIDHI
2809	6	2	146	संज्ञायामनाचितादीनाम्	saMjYAyAmanAcitAdInAm	VIDHI
2810	6	2	147	प्रवृद्धादीनां च	pravfdDAdInAM ca	VIDHI
2811	6	2	148	कारकाद्दत्तश्रुतयोरेवाशिषि	kArakAddattaSrutayorevASizi	VIDHI
2812	6	2	149	इत्थम्भूतेन कृतमिति च	itTamBUtena kftamiti ca	VIDHI
2813	6	2	150	अनो भावकर्मवचनः	ano BAvakarmavacanaH	VIDHI
2814	6	2	151	मन्क्तिन्व्याख्यानशयनासनस्थानयाजकादिक्रीताः	manktinvyAKyAnaSayanAsanasTAnayAjakAdikrItAH	VIDHI
2815	6	2	152	सप्तम्याः पुण्यम्	saptamyAH puRyam	VIDHI
2816	6	2	153	ऊनार्थकलहं तृतीयायाः	UnArTakalahaM tftIyAyAH	VIDHI
2817	6	2	154	मिश्रं चानुपसर्गमसंधौ	miSraM cAnupasargamasaMDO	VIDHI
2818	6	2	155	नञो गुणप्रतिषेधे सम्पाद्यर्हहितालमर्थास्तद्धिताः	naYo guRapratizeDe sampAdyarhahitAlamarTAstadDitAH	VIDHI
2819	6	2	156	ययतोश्चातदर्थे	yayatoScAtadarTe	VIDHI
2820	6	2	157	अच्कावशक्तौ	ackAvaSaktO	VIDHI
2821	6	2	158	आक्रोशे च	AkroSe ca	VIDHI
2822	6	2	159	संज्ञायाम्	saMjYAyAm	VIDHI
2823	6	2	160	कृत्योकेष्णुच्चार्वादयश्च	kftyokezRuccArvAdayaSca	VIDHI
2824	6	2	161	विभाषा तृन्नन्नतीक्ष्णशुचिषु	viBAzA tfnnannatIkzRaSucizu	VIDHI
2825	6	2	162	बहुव्रीहाविदमेतत्तद्भ्यः प्रथमपूरणयोः क्रियागणने	bahuvrIhAvidametattadByaH praTamapUraRayoH kriyAgaRane	VIDHI
2826	6	2	163	संख्यायाः स्तनः	saMKyAyAH stanaH	VIDHI
2827	6	2	164	विभाषा छन्दसि	viBAzA Candasi	VIDHI
2828	6	2	165	संज्ञायां मित्राजिनयोः	saMjYAyAM mitrAjinayoH	VIDHI
2829	6	2	166	व्यवायिनोऽन्तरम्	vyavAyinontaram	VIDHI
2830	6	2	167	मुखं स्वाङ्गम्	muKaM svANgam	VIDHI
2831	6	2	168	नाव्ययदिक्शब्दगोमहत्स्थूलमुष्टिपृथुवत्सेभ्यः	nAvyayadikSabdagomahatsTUlamuzwipfTuvatseByaH	VIDHI
2832	6	2	169	निष्ठोपमानादन्यतरस्याम्	nizWopamAnAdanyatarasyAm	VIDHI
2833	6	2	170	जातिकालसुखादिभ्योऽनाच्छादनात् क्तोऽकृतमितप्रतिपन्नाः	jAtikAlasuKAdiByonAcCAdanAt ktokftamitapratipannAH	VIDHI
2834	6	2	171	वा जाते	vA jAte	VIDHI
2835	6	2	172	नञ्सुभ्याम्	naYsuByAm	VIDHI
2836	6	2	173	कपि पूर्वम्	kapi pUrvam	VIDHI
2837	6	2	174	ह्रस्वान्तेऽन्त्यात् पूर्वम्	hrasvAntentyAt pUrvam	VIDHI
2838	6	2	175	बहोर्नञ्वदुत्तरपदभूम्नि	bahornaYvaduttarapadaBUmni	VIDHI
2839	6	2	176	न गुणादयोऽवयवाः	na guRAdayovayavAH	VIDHI
2840	6	2	177	उपसर्गात् स्वाङ्गं ध्रुवमपर्शु	upasargAt svANgaM DruvamaparSu	VIDHI
2841	6	2	178	वनं समासे	vanaM samAse	VIDHI
2842	6	2	179	अन्तः	antaH	VIDHI
2843	6	2	180	अन्तश्च	antaSca	VIDHI
2844	6	2	181	न निविभ्याम्	na niviByAm	VIDHI
2845	6	2	182	परेरभितोभाविमण्डलम्	pareraBitoBAvimaRqalam	VIDHI
2846	6	2	183	प्रादस्वाङ्गं संज्ञायाम्	prAdasvANgaM saMjYAyAm	VIDHI
2847	6	2	184	निरुदकादीनि च	nirudakAdIni ca	VIDHI
2848	6	2	185	अभेर्मुखम्	aBermuKam	VIDHI
2849	6	2	186	अपाच्च	apAcca	VIDHI
2850	6	2	187	स्फिगपूतवीणाऽञ्जोऽध्वकुक्षिसीरनामनाम च	sPigapUtavIRAYjoDvakukzisIranAmanAma ca	VIDHI
2851	6	2	188	अधेरुपरिस्थम्	aDeruparisTam	VIDHI
2852	6	2	189	अनोरप्रधानकनीयसी	anorapraDAnakanIyasI	VIDHI
2853	6	2	190	पुरुषश्चान्वादिष्टः	puruzaScAnvAdizwaH	VIDHI
2854	6	2	191	अतेरकृत्पदे	aterakftpade	VIDHI
2855	6	2	192	नेरनिधाने	neraniDAne	VIDHI
2856	6	2	193	प्रतेरंश्वादयस्तत्पुरुषे	prateraMSvAdayastatpuruze	VIDHI
2857	6	2	194	उपाद् द्व्यजजिनमगौरादयः	upAd dvyajajinamagOrAdayaH	VIDHI
2858	6	2	195	सोरवक्षेपणे	soravakzepaRe	VIDHI
2859	6	2	196	विभाषोत्पुच्छे	viBAzotpucCe	VIDHI
2860	6	2	197	द्वित्रिभ्यां पाद्दन्मूर्धसु बहुव्रीहौ	dvitriByAM pAddanmUrDasu bahuvrIhO	VIDHI
2861	6	2	198	सक्थं चाक्रान्तात्	sakTaM cAkrAntAt	VIDHI
2862	6	2	199	परादिश्छन्दसि बहुलम्	parAdiSCandasi bahulam	VIDHI
2863	6	3	1	अलुगुत्तरपदे	aluguttarapade	ADHIKARA
2864	6	3	2	पञ्चम्याः स्तोकादिभ्यः	paYcamyAH stokAdiByaH	VIDHI
2865	6	3	3	ओजःसहोऽम्भस्तमसः तृतीयायाः	ojaHsahomBastamasaH tftIyAyAH	VIDHI
2866	6	3	4	मनसः संज्ञायाम्	manasaH saMjYAyAm	VIDHI
2867	6	3	5	आज्ञायिनि च	AjYAyini ca	VIDHI
2868	6	3	6	आत्मनश्च पूरणे	AtmanaSca pUraRe	VIDHI
2869	6	3	7	वैयाकरणाख्यायां चतुर्थ्याः	vEyAkaraRAKyAyAM caturTyAH	VIDHI
2870	6	3	8	परस्य च	parasya ca	VIDHI
2871	6	3	9	हलदन्तात् सप्तम्याः संज्ञायाम्	haladantAt saptamyAH saMjYAyAm	VIDHI
2872	6	3	10	कारनाम्नि च प्राचां हलादौ	kAranAmni ca prAcAM halAdO	VIDHI
2873	6	3	11	मध्याद्गुरौ	maDyAdgurO	VIDHI
2874	6	3	12	अमूर्धमस्तकात् स्वाङ्गादकामे	amUrDamastakAt svANgAdakAme	VIDHI
2875	6	3	13	बन्धे च विभाषा	banDe ca viBAzA	VIDHI
2876	6	3	14	तत्पुरुषे कृति बहुलम्	tatpuruze kfti bahulam	VIDHI
2877	6	3	15	प्रावृट्शरत्कालदिवां जे	prAvfwSaratkAladivAM je	VIDHI
2878	6	3	16	विभाषा वर्षक्षरशरवरात्	viBAzA varzakzaraSaravarAt	VIDHI
2879	6	3	17	घकालतनेषु कालनाम्नः	GakAlatanezu kAlanAmnaH	VIDHI
2880	6	3	18	शयवासवासिष्वकालात्	SayavAsavAsizvakAlAt	VIDHI
2881	6	3	19	नेन्सिद्धबध्नातिषु	nensidDabaDnAtizu	VIDHI
2882	6	3	20	स्थे च भाषायाम्	sTe ca BAzAyAm	VIDHI
2883	6	3	21	षष्ठ्या आक्रोशे	zazWyA AkroSe	VIDHI
2884	6	3	22	पुत्रेऽन्यतरस्याम्	putrenyatarasyAm	VIDHI
2885	6	3	23	ऋतो विद्यायोनिसम्बन्धेभ्यः	fto vidyAyonisambanDeByaH	VIDHI
2886	6	3	24	विभाषा स्वसृपत्योः	viBAzA svasfpatyoH	VIDHI
2887	6	3	25	आनङ् ऋतो द्वन्द्वे	AnaN fto dvandve	VIDHI
2888	6	3	26	देवताद्वन्द्वे च	devatAdvandve ca	VIDHI
2889	6	3	27	ईदग्नेः सोमवरुणयोः	IdagneH somavaruRayoH	VIDHI
2890	6	3	28	इद्वृद्धौ	idvfdDO	VIDHI
2891	6	3	29	दिवो द्यावा	divo dyAvA	VIDHI
2892	6	3	30	दिवसश्च पृथिव्याम्	divasaSca pfTivyAm	VIDHI
2893	6	3	31	उषासोषसः	uzAsozasaH	VIDHI
2894	6	3	32	मातरपितरावुदीचाम्	mAtarapitarAvudIcAm	VIDHI
2895	6	3	33	पितरामातरा च च्छन्दसि	pitarAmAtarA ca cCandasi	VIDHI
2896	6	3	34	स्त्रियाः पुंवद्भाषितपुंस्कादनूङ् समानाधिकरणे स्त्रियामपूरणीप्रियाऽऽदिषु	striyAH puMvadBAzitapuMskAdanUN samAnADikaraRe striyAmapUraRIpriyAdizu	ADHIKARA
2897	6	3	35	तसिलादिष्वाकृत्वसुचः	tasilAdizvAkftvasucaH	ADHIKARA
2898	6	3	36	क्यङ्मानिनोश्च	kyaNmAninoSca	ADHIKARA
2899	6	3	37	न कोपधायाः	na kopaDAyAH	ADHIKARA
2900	6	3	38	संज्ञापूरण्योश्च	saMjYApUraRyoSca	ADHIKARA
2901	6	3	39	वृद्धिनिमित्तस्य च तद्धितस्यारक्तविकारे	vfdDinimittasya ca tadDitasyAraktavikAre	ADHIKARA
2902	6	3	40	स्वाङ्गाच्चेतोऽमानिनि	svANgAccetomAnini	ADHIKARA
2903	6	3	41	जातेश्च	jAteSca	ADHIKARA
2904	6	3	42	पुंवत् कर्मधारयजातीयदेशीयेषु	puMvat karmaDArayajAtIyadeSIyezu	ADHIKARA
2905	6	3	43	घरूपकल्पचेलड्ब्रुवगोत्रमतहतेषु ङ्योऽनेकाचो ह्रस्वः	GarUpakalpacelaqbruvagotramatahatezu NyonekAco hrasvaH	VIDHI
2906	6	3	44	नद्याः शेषस्यान्यतरस्याम्	nadyAH SezasyAnyatarasyAm	VIDHI
2907	6	3	45	उगितश्च	ugitaSca	VIDHI
2908	6	3	46	आन्महतः समानाधिकरणजातीययोः	AnmahataH samAnADikaraRajAtIyayoH	VIDHI
2909	6	3	47	द्व्यष्टनः संख्यायामबहुव्रीह्यशीत्योः	dvyazwanaH saMKyAyAmabahuvrIhyaSItyoH	VIDHI
2910	6	3	48	त्रेस्त्रयः	trestrayaH	VIDHI
2911	6	3	49	विभाषा चत्वारिंशत्प्रभृतौ सर्वेषाम्	viBAzA catvAriMSatpraBftO sarvezAm	VIDHI
2912	6	3	50	हृदयस्य हृल्लेखयदण्लासेषु	hfdayasya hflleKayadaRlAsezu	VIDHI
2913	6	3	51	वा शोकष्यञ्रोगेषु	vA SokazyaYrogezu	VIDHI
2914	6	3	52	पादस्य पदाज्यातिगोपहतेषु	pAdasya padAjyAtigopahatezu	VIDHI
2915	6	3	53	पद् यत्यतदर्थे	pad yatyatadarTe	VIDHI
2916	6	3	54	हिमकाषिहतिषु च	himakAzihatizu ca	VIDHI
2917	6	3	55	ऋचः शे	fcaH Se	VIDHI
2918	6	3	56	वा घोषमिश्रशब्देषु	vA GozamiSraSabdezu	VIDHI
2919	6	3	57	उदकस्योदः संज्ञायाम्	udakasyodaH saMjYAyAm	VIDHI
2920	6	3	58	पेषंवासवाहनधिषु च	pezaMvAsavAhanaDizu ca	VIDHI
2921	6	3	59	एकहलादौ पूरयितव्येऽन्यतरस्याम्	ekahalAdO pUrayitavyenyatarasyAm	VIDHI
2922	6	3	60	मन्थौदनसक्तुबिन्दुवज्रभारहारवीवधगाहेषु च	manTOdanasaktubinduvajraBArahAravIvaDagAhezu ca	VIDHI
2923	6	3	61	इको ह्रस्वोऽङ्यो गालवस्य	iko hrasvoNyo gAlavasya	VIDHI
2924	6	3	62	एक तद्धिते च	eka tadDite ca	VIDHI
2925	6	3	63	ङ्यापोः संज्ञाछन्दसोर्बहुलम्	NyApoH saMjYACandasorbahulam	VIDHI
2926	6	3	64	त्वे च	tve ca	VIDHI
2927	6	3	65	इष्टकेषीकामालानां चिततूलभारिषु	izwakezIkAmAlAnAM citatUlaBArizu	VIDHI
2928	6	3	66	खित्यनव्ययस्य	Kityanavyayasya	VIDHI
2929	6	3	67	अरुर्द्विषदजन्तस्य मुम्	arurdvizadajantasya mum	VIDHI
2930	6	3	68	इच एकाचोऽम्प्रत्ययवच्च	ica ekAcompratyayavacca	ADHIKARA
2931	6	3	69	वाचंयमपुरंदरौ च	vAcaMyamapuraMdarO ca	VIDHI
2932	6	3	70	कारे सत्यागदस्य	kAre satyAgadasya	VIDHI
2933	6	3	71	श्येनतिलस्य पाते ञे	Syenatilasya pAte Ye	VIDHI
2934	6	3	72	रात्रेः कृति विभाषा	rAtreH kfti viBAzA	VIDHI
2935	6	3	73	नलोपो नञः	nalopo naYaH	VIDHI
2936	6	3	74	तस्मान्नुडचि	tasmAnnuqaci	VIDHI
2937	6	3	75	नभ्राण्नपान्नवेदानासत्यानमुचिनकुलनखनपुंसकनक्षत्रनक्रनाकेषु प्रकृत्या	naBrARnapAnnavedAnAsatyAnamucinakulanaKanapuMsakanakzatranakranAkezu prakftyA	VIDHI
2938	6	3	76	एकादिश्चैकस्य चादुक्	ekAdiScEkasya cAduk	VIDHI
2939	6	3	77	नगोऽप्राणिष्वन्यतरस्याम्	nagoprARizvanyatarasyAm	VIDHI
2940	6	3	78	सहस्य सः संज्ञायाम्	sahasya saH saMjYAyAm	VIDHI
2941	6	3	79	ग्रन्थान्ताधिके च	granTAntADike ca	VIDHI
2942	6	3	80	द्वितीये चानुपाख्ये	dvitIye cAnupAKye	VIDHI
2943	6	3	81	अव्ययीभावे चाकाले	avyayIBAve cAkAle	VIDHI
2944	6	3	82	वोपसर्जनस्य	vopasarjanasya	VIDHI
2945	6	3	83	प्रकृत्याऽऽशिष्यगोवत्सहलेषु	prakftyASizyagovatsahalezu	VIDHI
2946	6	3	84	समानस्य छन्दस्यमूर्धप्रभृत्युदर्केषु	samAnasya CandasyamUrDapraBftyudarkezu	VIDHI
2947	6	3	85	ज्योतिर्जनपदरात्रिनाभिनामगोत्ररूपस्थानवर्णवयोवचनबन्धुषु	jyotirjanapadarAtrinABinAmagotrarUpasTAnavarRavayovacanabanDuzu	VIDHI
2948	6	3	86	चरणे ब्रह्मचारिणि	caraRe brahmacAriRi	VIDHI
2949	6	3	87	तीर्थे ये	tIrTe ye	VIDHI
2950	6	3	88	विभाषोदरे	viBAzodare	VIDHI
2951	6	3	89	दृग्दृशवतुषु	dfgdfSavatuzu	VIDHI
2952	6	3	90	इदङ्किमोरीश्की	idaNkimorISkI	VIDHI
2953	6	3	91	आ सर्वनाम्नः	A sarvanAmnaH	VIDHI
2954	6	3	92	विष्वग्देवयोश्च टेरद्र्यञ्चतावप्रत्यये	vizvagdevayoSca weradryaYcatAvapratyaye	VIDHI
2955	6	3	93	समः समि	samaH sami	VIDHI
2956	6	3	94	तिरसस्तिर्यलोपे	tirasastiryalope	VIDHI
2957	6	3	95	सहस्य सध्रिः	sahasya saDriH	VIDHI
2958	6	3	96	सध मादस्थयोश्छन्दसि	saDa mAdasTayoSCandasi	VIDHI
2959	6	3	97	द्व्यन्तरुपसर्गेभ्योऽप ईत्	dvyantarupasargeByopa It	VIDHI
2960	6	3	98	ऊदनोर्देशे	UdanordeSe	VIDHI
2961	6	3	99	अषष्ठ्यतृतीयास्थस्यान्यस्य दुगाशीराशाऽऽस्थाऽऽस्थितोत्सुकोतिकारकरागच्छेषु	azazWyatftIyAsTasyAnyasya dugASIrASAsTAsTitotsukotikArakarAgacCezu	VIDHI
2962	6	3	100	अर्थे विभाषा	arTe viBAzA	VIDHI
2963	6	3	101	कोः कत् तत्पुरुषेऽचि	koH kat tatpuruzeci	VIDHI
2964	6	3	102	रथवदयोश्च	raTavadayoSca	VIDHI
2965	6	3	103	तृणे च जातौ	tfRe ca jAtO	VIDHI
2966	6	3	104	का पथ्यक्षयोः	kA paTyakzayoH	VIDHI
2967	6	3	105	ईषदर्थे	IzadarTe	VIDHI
2968	6	3	106	विभाषा पुरुषे	viBAzA puruze	VIDHI
2969	6	3	107	कवं चोष्णे	kavaM cozRe	VIDHI
2970	6	3	108	पथि च च्छन्दसि	paTi ca cCandasi	VIDHI
2971	6	3	109	पृषोदरादीनि यथोपदिष्टम्	pfzodarAdIni yaTopadizwam	VIDHI
2972	6	3	110	संख्याविसायपूर्वस्याह्नस्याहन्नन्यतरस्यां ङौ	saMKyAvisAyapUrvasyAhnasyAhannanyatarasyAM NO	VIDHI
2973	6	3	111	ढ्रलोपे पूर्वस्य दीर्घोऽणः	Qralope pUrvasya dIrGoRaH	VIDHI
2974	6	3	112	सहिवहोरोदवर्णस्य	sahivahorodavarRasya	VIDHI
2975	6	3	113	साढ्यै साढ्वा साढेति निगमे	sAQyE sAQvA sAQeti nigame	VIDHI
2976	6	3	114	संहितायाम्	saMhitAyAm	ADHIKARA
2977	6	3	115	कर्णे लक्षणस्याविष्टाष्टपञ्चमणिभिन्नछिन्नछिद्रस्रुवस्वस्तिकस्य	karRe lakzaRasyAvizwAzwapaYcamaRiBinnaCinnaCidrasruvasvastikasya	VIDHI
2978	6	3	116	नहिवृतिवृषिव्यधिरुचिसहितनिषु क्वौ	nahivftivfzivyaDirucisahitanizu kvO	VIDHI
2979	6	3	117	वनगिर्योः संज्ञायां कोटरकिंशुलकादीनाम्	vanagiryoH saMjYAyAM kowarakiMSulakAdInAm	VIDHI
2980	6	3	118	वले	vale	VIDHI
2981	6	3	119	मतौ बह्वचोऽनजिरादीनाम्	matO bahvaconajirAdInAm	VIDHI
2982	6	3	120	शरादीनां च	SarAdInAM ca	VIDHI
2983	6	3	121	इकः वहेऽपीलोः	ikaH vahepIloH	VIDHI
2984	6	3	122	उपसर्गस्य घञ्यमनुष्ये बहुलम्	upasargasya GaYyamanuzye bahulam	VIDHI
2985	6	3	123	इकः काशे	ikaH kASe	VIDHI
2986	6	3	124	दस्ति	dasti	VIDHI
2987	6	3	125	अष्टनः संज्ञायाम्	azwanaH saMjYAyAm	VIDHI
2988	6	3	126	छन्दसि च	Candasi ca	VIDHI
2989	6	3	127	चितेः कपि	citeH kapi	VIDHI
2990	6	3	128	विश्वस्य वसुराटोः	viSvasya vasurAwoH	VIDHI
2991	6	3	129	नरे संज्ञायाम्	nare saMjYAyAm	VIDHI
2992	6	3	130	मित्रे चर्षौ	mitre carzO	VIDHI
2993	6	3	131	मन्त्रे सोमाश्वेन्द्रियविश्वदेव्यस्य मतौ	mantre somASvendriyaviSvadevyasya matO	VIDHI
2994	6	3	132	ओषधेश्च विभक्तावप्रथमायाम्	ozaDeSca viBaktAvapraTamAyAm	VIDHI
2995	6	3	133	ऋचि तुनुघमक्षुतङ्कुत्रोरुष्याणाम्	fci tunuGamakzutaNkutroruzyARAm	VIDHI
2996	6	3	134	इकः सुञि	ikaH suYi	VIDHI
2997	6	3	135	द्व्यचोऽतस्तिङः	dvyacotastiNaH	VIDHI
2998	6	3	136	निपातस्य च	nipAtasya ca	VIDHI
2999	6	3	137	अन्येषामपि दृश्यते	anyezAmapi dfSyate	VIDHI
3000	6	3	138	चौ	cO	VIDHI
3001	6	3	139	सम्प्रसारणस्य	samprasAraRasya	VIDHI
3002	6	4	1	अङ्गस्य	aNgasya	ADHIKARA
3003	6	4	2	हलः	halaH	VIDHI
3004	6	4	3	नामि	nAmi	VIDHI
3005	6	4	4	न तिसृचतसृ	na tisfcatasf	VIDHI
3006	6	4	5	छन्दस्युभयथा	CandasyuBayaTA	VIDHI
3007	6	4	6	नृ च	nf ca	VIDHI
3008	6	4	7	नोपधायाः	nopaDAyAH	VIDHI
3009	6	4	8	सर्वनामस्थाने चासम्बुद्धौ	sarvanAmasTAne cAsambudDO	VIDHI
3010	6	4	9	वा षपूर्वस्य निगमे	vA zapUrvasya nigame	VIDHI
3011	6	4	10	सान्तमहतः संयोगस्य	sAntamahataH saMyogasya	VIDHI
3012	6	4	11	अप्तृन्तृच्स्वसृनप्तृनेष्टृत्वष्टृक्षत्तृहोतृपोतृप्रशास्तॄणाम्	aptfntfcsvasfnaptfnezwftvazwfkzattfhotfpotfpraSAstFRAm	VIDHI
3013	6	4	12	इन्हन्पूषार्यम्णां शौ	inhanpUzAryamRAM SO	VIDHI
3014	6	4	13	सौ च	sO ca	VIDHI
3015	6	4	14	अत्वसन्तस्य चाधातोः	atvasantasya cADAtoH	VIDHI
3016	6	4	15	अनुनासिकस्य क्विझलोः क्ङिति	anunAsikasya kviJaloH kNiti	VIDHI
3017	6	4	16	अज्झनगमां सनि	ajJanagamAM sani	VIDHI
3018	6	4	17	तनोतेर्विभाषा	tanoterviBAzA	VIDHI
3019	6	4	18	क्रमश्च क्त्वि	kramaSca ktvi	VIDHI
3020	6	4	19	च्छ्वोः शूडनुनासिके च	cCvoH SUqanunAsike ca	VIDHI
3021	6	4	20	ज्वरत्वरस्रिव्यविमवामुपधायाश्च	jvaratvarasrivyavimavAmupaDAyASca	VIDHI
3022	6	4	21	राल्लोपः	rAllopaH	VIDHI
3023	6	4	22	असिद्धवदत्राभात्	asidDavadatrABAt	ADHIKARA
3024	6	4	23	श्नान्नलोपः	SnAnnalopaH	VIDHI
3025	6	4	24	अनिदितां हल उपधायाः क्ङिति	aniditAM hala upaDAyAH kNiti	VIDHI
3026	6	4	25	दंशसञ्जस्वञ्जां शपि	daMSasaYjasvaYjAM Sapi	VIDHI
3027	6	4	26	रञ्जेश्च	raYjeSca	VIDHI
3028	6	4	27	घञि च भावकरणयोः	GaYi ca BAvakaraRayoH	VIDHI
3029	6	4	28	स्यदो जवे	syado jave	VIDHI
3030	6	4	29	अवोदैधौद्मप्रश्रथहिमश्रथाः	avodEDOdmapraSraTahimaSraTAH	VIDHI
3031	6	4	30	नाञ्चेः पूजायाम्	nAYceH pUjAyAm	VIDHI
3032	6	4	31	क्त्वि स्कन्दिस्यन्दोः	ktvi skandisyandoH	VIDHI
3033	6	4	32	जान्तनशां विभाषा	jAntanaSAM viBAzA	VIDHI
3034	6	4	33	भञ्जेश्च चिणि	BaYjeSca ciRi	VIDHI
3035	6	4	34	शास इदङ्हलोः	SAsa idaNhaloH	VIDHI
3036	6	4	35	शा हौ	SA hO	VIDHI
3037	6	4	36	हन्तेर्जः	hanterjaH	VIDHI
3038	6	4	37	अनुदात्तोपदेशवनतितनोत्यादीनामनुनासिक लोपो झलि क्ङिति	anudAttopadeSavanatitanotyAdInAmanunAsika lopo Jali kNiti	VIDHI
3039	6	4	38	वा ल्यपि	vA lyapi	VIDHI
3040	6	4	39	न क्तिचि दीर्घश्च	na ktici dIrGaSca	VIDHI
3041	6	4	40	गमः क्वौ	gamaH kvO	VIDHI
3042	6	4	41	विड्वनोरनुनासिकस्यात्	viqvanoranunAsikasyAt	VIDHI
3043	6	4	42	जनसनखनां सञ्झलोः	janasanaKanAM saYJaloH	VIDHI
3044	6	4	43	ये विभाषा	ye viBAzA	VIDHI
3045	6	4	44	तनोतेर्यकि	tanoteryaki	VIDHI
3046	6	4	45	सनः क्तिचि लोपश्चास्यान्यतरस्याम्	sanaH ktici lopaScAsyAnyatarasyAm	VIDHI
3047	6	4	46	आर्धधातुके	ArDaDAtuke	ADHIKARA
3048	6	4	47	भ्रस्जो रोपधयोः रमन्यतरस्याम्	Brasjo ropaDayoH ramanyatarasyAm	VIDHI
3049	6	4	48	अतो लोपः	ato lopaH	VIDHI
3050	6	4	49	यस्य हलः	yasya halaH	VIDHI
3051	6	4	50	क्यस्य विभाषा	kyasya viBAzA	VIDHI
3052	6	4	51	णेरनिटि	Reraniwi	VIDHI
3053	6	4	52	निष्ठायां सेटि	nizWAyAM sewi	VIDHI
3054	6	4	53	जनिता मन्त्रे	janitA mantre	VIDHI
3055	6	4	54	शमिता यज्ञे	SamitA yajYe	VIDHI
3056	6	4	55	अयामन्ताल्वाय्येत्न्विष्णुषु	ayAmantAlvAyyetnvizRuzu	VIDHI
3057	6	4	56	ल्यपि लघुपूर्वात्	lyapi laGupUrvAt	VIDHI
3058	6	4	57	विभाषापः	viBAzApaH	VIDHI
3059	6	4	58	युप्लुवोर्दीर्घश्छन्दसि	yupluvordIrGaSCandasi	VIDHI
3060	6	4	59	क्षियः	kziyaH	VIDHI
3061	6	4	60	निष्ठायामण्यदर्थे	nizWAyAmaRyadarTe	VIDHI
3062	6	4	61	वाक्रोशदैन्ययोः	vAkroSadEnyayoH	VIDHI
3063	6	4	62	स्यसिच्सीयुट्तासिषु भावकर्मणोरुपदेशेऽज्झनग्रहदृशां वा चिण्वदिट् च	syasicsIyuwtAsizu BAvakarmaRorupadeSejJanagrahadfSAM vA ciRvadiw ca	ADHIKARA
3064	6	4	63	दीङो युडचि क्ङिति	dINo yuqaci kNiti	VIDHI
3065	6	4	64	आतो लोप इटि च	Ato lopa iwi ca	VIDHI
3066	6	4	65	ईद्यति	Idyati	VIDHI
3067	6	4	66	घुमास्थागापाजहातिसां हलि	GumAsTAgApAjahAtisAM hali	VIDHI
3068	6	4	67	एर्लिङि	erliNi	VIDHI
3069	6	4	68	वाऽन्यस्य संयोगादेः	vAnyasya saMyogAdeH	VIDHI
3070	6	4	69	न ल्यपि	na lyapi	VIDHI
3071	6	4	70	मयतेरिदन्यतरस्याम्	mayateridanyatarasyAm	VIDHI
3072	6	4	71	लुङ्लङ्लृङ्क्ष्वडुदात्तः	luNlaNlfNkzvaqudAttaH	VIDHI
3073	6	4	72	आडजादीनाम्	AqajAdInAm	VIDHI
3074	6	4	73	छन्दस्यपि दृश्यते	Candasyapi dfSyate	VIDHI
3075	6	4	74	न माङ्योगे	na mANyoge	VIDHI
3076	6	4	75	बहुलं छन्दस्यमाङ्योगेऽपि	bahulaM CandasyamANyogepi	VIDHI
3077	6	4	76	इरयो रे	irayo re	VIDHI
3078	6	4	77	अचि श्नुधातुभ्रुवां य्वोरियङुवङौ	aci SnuDAtuBruvAM yvoriyaNuvaNO	VIDHI
3079	6	4	78	अभ्यासस्यासवर्णे	aByAsasyAsavarRe	VIDHI
3080	6	4	79	स्त्रियाः	striyAH	VIDHI
3081	6	4	80	वाऽम्शसोः	vAmSasoH	VIDHI
3082	6	4	81	इणो यण्	iRo yaR	VIDHI
3083	6	4	82	एरनेकाचोऽसंयोगपूर्वस्य	eranekAcosaMyogapUrvasya	VIDHI
3084	6	4	83	ओः सुपि	oH supi	VIDHI
3085	6	4	84	वर्षाभ्वश्च	varzABvaSca	VIDHI
3086	6	4	85	न भूसुधियोः	na BUsuDiyoH	VIDHI
3087	6	4	86	छन्दस्युभयथा	CandasyuBayaTA	VIDHI
3088	6	4	87	हुश्नुवोः सार्वधातुके	huSnuvoH sArvaDAtuke	VIDHI
3089	6	4	88	भुवो वुग्लुङ्लिटोः	Buvo vugluNliwoH	VIDHI
3090	6	4	89	ऊदुपधाया गोहः	UdupaDAyA gohaH	VIDHI
3091	6	4	90	दोषो णौ	dozo RO	VIDHI
3092	6	4	91	वा चित्तविरागे	vA cittavirAge	VIDHI
3093	6	4	92	मितां ह्रस्वः	mitAM hrasvaH	VIDHI
3094	6	4	93	चिण्णमुलोर्दीर्घोऽन्यतरस्याम्	ciRRamulordIrGonyatarasyAm	VIDHI
3095	6	4	94	खचि ह्रस्वः	Kaci hrasvaH	VIDHI
3096	6	4	95	ह्लादो निष्ठायाम्	hlAdo nizWAyAm	VIDHI
3097	6	4	96	छादेर्घेऽद्व्युपसर्गस्य	CAderGedvyupasargasya	VIDHI
3098	6	4	97	इस्मन्त्रन्क्विषु च	ismantrankvizu ca	VIDHI
3099	6	4	98	गमहनजनखनघसां लोपः क्ङित्यनङि	gamahanajanaKanaGasAM lopaH kNityanaNi	VIDHI
3100	6	4	99	तनिपत्योश्छन्दसि	tanipatyoSCandasi	VIDHI
3101	6	4	100	घसिभसोर्हलि च	GasiBasorhali ca	VIDHI
3102	6	4	101	हुझल्भ्यो हेर्धिः	huJalByo herDiH	VIDHI
3103	6	4	102	श्रुशृणुपॄकृवृभ्यश्छन्दसि	SruSfRupFkfvfByaSCandasi	VIDHI
3104	6	4	103	अङितश्च	aNitaSca	VIDHI
3105	6	4	104	चिणो लुक्	ciRo luk	VIDHI
3106	6	4	105	अतो हेः	ato heH	VIDHI
3107	6	4	106	उतश्च प्रत्ययादसंयोगपूर्वात्	utaSca pratyayAdasaMyogapUrvAt	VIDHI
3108	6	4	107	लोपश्चास्यान्यतरस्यां म्वोः	lopaScAsyAnyatarasyAM mvoH	VIDHI
3109	6	4	108	नित्यं करोतेः	nityaM karoteH	VIDHI
3110	6	4	109	ये च	ye ca	VIDHI
3111	6	4	110	अत उत् सार्वधातुके	ata ut sArvaDAtuke	VIDHI
3112	6	4	111	श्नसोरल्लोपः	SnasorallopaH	VIDHI
3113	6	4	112	श्नाऽभ्यस्तयोरातः	SnAByastayorAtaH	VIDHI
3114	6	4	113	ई हल्यघोः	I halyaGoH	VIDHI
3115	6	4	114	इद्दरिद्रस्य	iddaridrasya	VIDHI
3116	6	4	115	भियोऽन्यतरस्याम्	BiyonyatarasyAm	VIDHI
3117	6	4	116	जहातेश्च	jahAteSca	VIDHI
3118	6	4	117	आ च हौ	A ca hO	VIDHI
3119	6	4	118	लोपो यि	lopo yi	VIDHI
3120	6	4	119	घ्वसोरेद्धावभ्यासलोपश्च	GvasoredDAvaByAsalopaSca	VIDHI
3121	6	4	120	अत एकहल्मध्येऽनादेशादेर्लिटि	ata ekahalmaDyenAdeSAderliwi	VIDHI
3122	6	4	121	थलि च सेटि	Tali ca sewi	VIDHI
3123	6	4	122	तॄफलभजत्रपश्च	tFPalaBajatrapaSca	VIDHI
3124	6	4	123	राधो हिंसायाम्	rADo hiMsAyAm	VIDHI
3125	6	4	124	वा जॄभ्रमुत्रसाम्	vA jFBramutrasAm	VIDHI
3126	6	4	125	फणां च सप्तानाम्	PaRAM ca saptAnAm	VIDHI
3127	6	4	126	न शसददवादिगुणानाम्	na SasadadavAdiguRAnAm	VIDHI
3128	6	4	127	अर्वणस्त्रसावनञः	arvaRastrasAvanaYaH	VIDHI
3129	6	4	128	मघवा बहुलम्	maGavA bahulam	VIDHI
3130	6	4	129	भस्य	Basya	ADHIKARA
3131	6	4	130	पादः पत्	pAdaH pat	VIDHI
3132	6	4	131	वसोः सम्प्रसारणम्	vasoH samprasAraRam	VIDHI
3133	6	4	132	वाह ऊठ्	vAha UW	VIDHI
3134	6	4	133	श्वयुवमघोनामतद्धिते	SvayuvamaGonAmatadDite	VIDHI
3135	6	4	134	अल्लोपोऽनः	alloponaH	VIDHI
3136	6	4	135	षपूर्वहन्धृतराज्ञामणि	zapUrvahanDftarAjYAmaRi	VIDHI
3137	6	4	136	विभाषा ङिश्योः	viBAzA NiSyoH	VIDHI
3138	6	4	137	न संयोगाद्वमन्तात्	na saMyogAdvamantAt	VIDHI
3139	6	4	138	अचः	acaH	VIDHI
3140	6	4	139	उद ईत्	uda It	VIDHI
3141	6	4	140	आतो धातोः	Ato DAtoH	VIDHI
3142	6	4	141	मन्त्रेष्वाङ्यादेरात्मनः	mantrezvANyAderAtmanaH	VIDHI
3143	6	4	142	ति विंशतेर्डिति	ti viMSaterqiti	VIDHI
3144	6	4	143	टेः	weH	VIDHI
3145	6	4	144	नस्तद्धिते	nastadDite	VIDHI
3146	6	4	145	अह्नष्टखोरेव	ahnazwaKoreva	VIDHI
3147	6	4	146	ओर्गुणः	orguRaH	VIDHI
3148	6	4	147	ढे लोपोऽकद्र्वाः	Qe lopokadrvAH	VIDHI
3149	6	4	148	यस्येति च	yasyeti ca	VIDHI
3150	6	4	149	सूर्यतिष्यागस्त्यमत्स्यानां य उपधायाः	sUryatizyAgastyamatsyAnAM ya upaDAyAH	VIDHI
3151	6	4	150	हलस्तद्धितस्य	halastadDitasya	VIDHI
3152	6	4	151	आपत्यस्य च तद्धितेऽनाति	Apatyasya ca tadDitenAti	VIDHI
3153	6	4	152	क्यच्व्योश्च	kyacvyoSca	VIDHI
3154	6	4	153	बिल्वकादिभ्यश्छस्य लुक्	bilvakAdiByaSCasya luk	VIDHI
3155	6	4	154	तुरिष्ठेमेयस्सु	turizWemeyassu	VIDHI
3156	6	4	155	टेः	weH	VIDHI
3157	6	4	156	स्थूलदूरयुवह्रस्वक्षिप्रक्षुद्राणां यणादिपरं पूर्वस्य च गुणः	sTUladUrayuvahrasvakziprakzudrARAM yaRAdiparaM pUrvasya ca guRaH	VIDHI
3158	6	4	157	प्रियस्थिरस्फिरोरुबहुलगुरुवृद्धतृप्रदीर्घवृन्दारकाणां प्रस्थस्फवर्बंहिगर्वर्षित्रब्द्राघिवृन्दाः	priyasTirasPirorubahulaguruvfdDatfpradIrGavfndArakARAM prasTasPavarbaMhigarvarzitrabdrAGivfndAH	VIDHI
3159	6	4	158	बहोर्लोपो भू च बहोः	bahorlopo BU ca bahoH	VIDHI
3160	6	4	159	इष्ठस्य यिट् च	izWasya yiw ca	VIDHI
3161	6	4	160	ज्यादादीयसः	jyAdAdIyasaH	VIDHI
3162	6	4	161	र ऋतो हलादेर्लघोः	ra fto halAderlaGoH	VIDHI
3163	6	4	162	विभाषर्जोश्छन्दसि	viBAzarjoSCandasi	VIDHI
3164	6	4	163	प्रकृत्यैकाच्	prakftyEkAc	VIDHI
3165	6	4	164	इनण्यनपत्ये	inaRyanapatye	VIDHI
3166	6	4	165	गाथिविदथिकेशिगणिपणिनश्च	gATividaTikeSigaRipaRinaSca	VIDHI
3167	6	4	166	संयोगादिश्च	saMyogAdiSca	VIDHI
3168	6	4	167	अन्	an	VIDHI
3169	6	4	168	ये चाभावकर्मणोः	ye cABAvakarmaRoH	VIDHI
3170	6	4	169	आत्माध्वानौ खे	AtmADvAnO Ke	VIDHI
3171	6	4	170	न मपूर्वोऽपत्येऽवर्मणः	na mapUrvopatyevarmaRaH	VIDHI
3172	6	4	171	ब्राह्मोऽजातौ	brAhmojAtO	VIDHI
3173	6	4	172	कार्मस्ताच्छील्ये	kArmastAcCIlye	VIDHI
3174	6	4	173	औक्षमनपत्ये	Okzamanapatye	VIDHI
3175	6	4	174	दाण्डिनायनहास्तिनायनाथर्वणिकजैह्माशिनेयवाशिनायनिभ्रौणहत्यधैवत्यसारवैक्ष्वाकमैत्रेयहिरण्मयानि	dARqinAyanahAstinAyanATarvaRikajEhmASineyavASinAyaniBrORahatyaDEvatyasAravEkzvAkamEtreyahiraRmayAni	VIDHI
3176	6	4	175	ऋत्व्यवास्त्व्यवास्त्वमाध्वीहिरण्ययानि च्छन्दसि	ftvyavAstvyavAstvamADvIhiraRyayAni cCandasi	VIDHI
3177	7	1	1	युवोरनाकौ	yuvoranAkO	VIDHI
3178	7	1	2	आयनेयीनीयियः फढखच्छघां प्रत्ययादीनाम्	AyaneyInIyiyaH PaQaKacCaGAM pratyayAdInAm	VIDHI
3179	7	1	3	झोऽन्तः	JontaH	VIDHI
3180	7	1	4	अदभ्यस्तात्	adaByastAt	VIDHI
3181	7	1	5	आत्मनेपदेष्वनतः	AtmanepadezvanataH	VIDHI
3182	7	1	6	शीङो रुट्	SINo ruw	VIDHI
3183	7	1	7	वेत्तेर्विभाषा	vetterviBAzA	VIDHI
3184	7	1	8	बहुलं छन्दसि	bahulaM Candasi	VIDHI
3185	7	1	9	अतो भिस ऐस्	ato Bisa Es	VIDHI
3186	7	1	10	बहुलं छन्दसि	bahulaM Candasi	VIDHI
3187	7	1	11	नेदमदसोरकोः	nedamadasorakoH	VIDHI
3188	7	1	12	टाङसिङसामिनात्स्याः	wANasiNasAminAtsyAH	VIDHI
3189	7	1	13	ङेर्यः	NeryaH	VIDHI
3190	7	1	14	सर्वनाम्नः स्मै	sarvanAmnaH smE	VIDHI
3191	7	1	15	ङसिङ्योः स्मात्स्मिनौ	NasiNyoH smAtsminO	VIDHI
3192	7	1	16	पूर्वादिभ्यो नवभ्यो वा	pUrvAdiByo navaByo vA	VIDHI
3193	7	1	17	जसः शी	jasaH SI	VIDHI
3194	7	1	18	औङ आपः	ONa ApaH	VIDHI
3195	7	1	19	नपुंसकाच्च	napuMsakAcca	VIDHI
3196	7	1	20	जश्शसोः शिः	jaSSasoH SiH	VIDHI
3197	7	1	21	अष्टाभ्य औश्	azwABya OS	VIDHI
3198	7	1	22	षड्भ्यो लुक्	zaqByo luk	VIDHI
3199	7	1	23	स्वमोर्नपुंसकात्	svamornapuMsakAt	VIDHI
3200	7	1	24	अतोऽम्	atom	VIDHI
3201	7	1	25	अद्ड् डतरादिभ्यः पञ्चभ्यः	adq qatarAdiByaH paYcaByaH	VIDHI
3202	7	1	26	नेतराच्छन्दसि	netarAcCandasi	VIDHI
3203	7	1	27	युष्मदस्मद्भ्यां ङसोऽश्	yuzmadasmadByAM NasoS	VIDHI
3204	7	1	28	ङे प्रथमयोरम्	Ne praTamayoram	VIDHI
3205	7	1	29	शसो न	Saso na	VIDHI
3206	7	1	30	भ्यसो भ्यम्	Byaso Byam	VIDHI
3207	7	1	31	पञ्चम्या अत्	paYcamyA at	VIDHI
3208	7	1	32	एकवचनस्य च	ekavacanasya ca	VIDHI
3209	7	1	33	साम आकम्	sAma Akam	VIDHI
3210	7	1	34	आत औ णलः	Ata O RalaH	VIDHI
3211	7	1	35	तुह्योस्तातङ्ङाशिष्यन्यतरस्याम्	tuhyostAtaNNASizyanyatarasyAm	VIDHI
3212	7	1	36	विदेः शतुर्वसुः	videH SaturvasuH	VIDHI
3213	7	1	37	समासेऽनञ्पूर्वे क्त्वो ल्यप्	samAsenaYpUrve ktvo lyap	VIDHI
3214	7	1	38	क्त्वाऽपि छन्दसि	ktvApi Candasi	VIDHI
3215	7	1	39	सुपां सुलुक्पूर्वसवर्णाऽऽच्छेयाडाड्यायाजालः	supAM sulukpUrvasavarRAcCeyAqAqyAyAjAlaH	VIDHI
3216	7	1	40	अमो मश्	amo maS	VIDHI
3217	7	1	41	लोपस्त आत्मनेपदेषु	lopasta Atmanepadezu	VIDHI
3218	7	1	42	ध्वमो ध्वात्	Dvamo DvAt	VIDHI
3219	7	1	43	यजध्वैनमिति च	yajaDvEnamiti ca	VIDHI
3220	7	1	44	तस्य तात्	tasya tAt	VIDHI
3221	7	1	45	तप्तनप्तनथनाश्च	taptanaptanaTanASca	VIDHI
3222	7	1	46	इदन्तो मसि	idanto masi	VIDHI
3223	7	1	47	क्त्वो यक्	ktvo yak	VIDHI
3224	7	1	48	इष्ट्वीनमिति च	izwvInamiti ca	VIDHI
3225	7	1	49	स्नात्व्यादयश्च	snAtvyAdayaSca	VIDHI
3226	7	1	50	आज्जसेरसुक्	Ajjaserasuk	VIDHI
3227	7	1	51	अश्वक्षीरवृषलवणानामात्मप्रीतौ क्यचि	aSvakzIravfzalavaRAnAmAtmaprItO kyaci	VIDHI
3228	7	1	52	आमि सर्वनाम्नः सुट्	Ami sarvanAmnaH suw	VIDHI
3229	7	1	53	त्रेस्त्रयः	trestrayaH	VIDHI
3230	7	1	54	ह्रस्वनद्यापो नुट्	hrasvanadyApo nuw	VIDHI
3231	7	1	55	षट्चतुर्भ्यश्च	zawcaturByaSca	VIDHI
3232	7	1	56	श्रीग्रामण्योश्छन्दसि	SrIgrAmaRyoSCandasi	VIDHI
3233	7	1	57	गोः पादान्ते	goH pAdAnte	VIDHI
3234	7	1	58	इदितो नुम् धातोः	idito num DAtoH	VIDHI
3235	7	1	59	शे मुचादीनाम्	Se mucAdInAm	VIDHI
3236	7	1	60	मस्जिनशोर्झलि	masjinaSorJali	VIDHI
3237	7	1	61	रधिजभोरचि	raDijaBoraci	VIDHI
3238	7	1	62	नेट्यलिटि रधेः	newyaliwi raDeH	VIDHI
3239	7	1	63	रभेरशब्लिटोः	raBeraSabliwoH	VIDHI
3240	7	1	64	लभेश्च	laBeSca	VIDHI
3241	7	1	65	आङो यि	ANo yi	VIDHI
3242	7	1	66	उपात् प्रशंसायाम्	upAt praSaMsAyAm	VIDHI
3243	7	1	67	उपसर्गात् खल्घञोः	upasargAt KalGaYoH	VIDHI
3244	7	1	68	न सुदुर्भ्यां केवलाभ्याम्	na sudurByAM kevalAByAm	VIDHI
3245	7	1	69	विभाषा चिण्णमुलोः	viBAzA ciRRamuloH	VIDHI
3246	7	1	70	उगिदचां सर्वनामस्थानेऽधातोः	ugidacAM sarvanAmasTAneDAtoH	VIDHI
3247	7	1	71	युजेरसमासे	yujerasamAse	VIDHI
3248	7	1	72	नपुंसकस्य झलचः	napuMsakasya JalacaH	VIDHI
3249	7	1	73	इकोऽचि विभक्तौ	ikoci viBaktO	VIDHI
3250	7	1	74	तृतीयादिषु भाषितपुंस्कं पुंवद्गालवस्य	tftIyAdizu BAzitapuMskaM puMvadgAlavasya	VIDHI
3251	7	1	75	अस्थिदधिसक्थ्यक्ष्णामनङुदात्तः	asTidaDisakTyakzRAmanaNudAttaH	VIDHI
3252	7	1	76	छन्दस्यपि दृश्यते	Candasyapi dfSyate	VIDHI
3253	7	1	77	ई च द्विवचने	I ca dvivacane	VIDHI
3254	7	1	78	नाभ्यस्ताच्छतुः	nAByastAcCatuH	VIDHI
3255	7	1	79	वा नपुंसकस्य	vA napuMsakasya	VIDHI
3256	7	1	80	आच्छीनद्योर्नुम्	AcCInadyornum	VIDHI
3257	7	1	81	शप्श्यनोर्नित्यम्	SapSyanornityam	VIDHI
3258	7	1	82	सावनडुहः	sAvanaquhaH	VIDHI
3259	7	1	83	दृक्स्ववस्स्वतवसां छन्दसि	dfksvavassvatavasAM Candasi	VIDHI
3260	7	1	84	दिव औत्	diva Ot	VIDHI
3261	7	1	85	पथिमथ्यृभुक्षामात्	paTimaTyfBukzAmAt	VIDHI
3262	7	1	86	इतोऽत् सर्वनामस्थाने	itot sarvanAmasTAne	VIDHI
3263	7	1	87	थो न्थः	To nTaH	VIDHI
3264	7	1	88	भस्य टेर्लोपः	Basya werlopaH	VIDHI
3265	7	1	89	पुंसोऽसुङ्	puMsosuN	VIDHI
3266	7	1	90	गोतो णित्	goto Rit	ADHIKARA
3267	7	1	91	णलुत्तमो वा	Raluttamo vA	ADHIKARA
3268	7	1	92	सख्युरसम्बुद्धौ	saKyurasambudDO	ADHIKARA
3269	7	1	93	अनङ् सौ	anaN sO	VIDHI
3270	7	1	94	ऋदुशनस्पुरुदंसोऽनेहसां च	fduSanaspurudaMsonehasAM ca	VIDHI
3271	7	1	95	तृज्वत् क्रोष्टुः	tfjvat krozwuH	ADHIKARA
3272	7	1	96	स्त्रियां च	striyAM ca	VIDHI
3273	7	1	97	विभाषा तृतीयादिष्वचि	viBAzA tftIyAdizvaci	VIDHI
3274	7	1	98	चतुरनडुहोरामुदात्तः	caturanaquhorAmudAttaH	VIDHI
3275	7	1	99	अम् सम्बुद्धौ	am sambudDO	VIDHI
3276	7	1	100	ॠत इद्धातोः	Fta idDAtoH	VIDHI
3277	7	1	101	उपधायाश्च	upaDAyASca	VIDHI
3278	7	1	102	उदोष्ठ्यपूर्वस्य	udozWyapUrvasya	VIDHI
3279	7	1	103	बहुलं छन्दसि	bahulaM Candasi	VIDHI
3280	7	2	1	सिचि वृद्धिः परस्मैपदेषु	sici vfdDiH parasmEpadezu	VIDHI
3281	7	2	2	अतो ल्रान्तस्य	ato lrAntasya	VIDHI
3282	7	2	3	वदव्रजहलन्तस्याचः	vadavrajahalantasyAcaH	VIDHI
3283	7	2	4	नेटि	newi	VIDHI
3284	7	2	5	ह्म्यन्तक्षणश्वसजागृणिश्व्येदिताम्	hmyantakzaRaSvasajAgfRiSvyeditAm	VIDHI
3285	7	2	6	ऊर्णोतेर्विभाषा	UrRoterviBAzA	VIDHI
3286	7	2	7	अतो हलादेर्लघोः	ato halAderlaGoH	VIDHI
3287	7	2	8	नेड् वशि कृति	neq vaSi kfti	VIDHI
3288	7	2	9	तितुत्रतथसिसुसरकसेषु च	titutrataTasisusarakasezu ca	VIDHI
3289	7	2	10	एकाच उपदेशेऽनुदात्तात्	ekAca upadeSenudAttAt	VIDHI
3290	7	2	11	श्र्युकः किति	SryukaH kiti	VIDHI
3291	7	2	12	सनि ग्रहगुहोश्च	sani grahaguhoSca	VIDHI
3292	7	2	13	कृसृभृवृस्तुद्रुस्रुश्रुवो लिटि	kfsfBfvfstudrusruSruvo liwi	VIDHI
3293	7	2	14	श्वीदितो निष्ठायाम्	SvIdito nizWAyAm	VIDHI
3294	7	2	15	यस्य विभाषा	yasya viBAzA	VIDHI
3295	7	2	16	आदितश्च	AditaSca	VIDHI
3296	7	2	17	विभाषा भावादिकर्मणोः	viBAzA BAvAdikarmaRoH	VIDHI
3297	7	2	18	क्षुब्धस्वान्तध्वान्तलग्नम्लिष्टविरिब्धफाण्टबाढानि मन्थमनस्तमःसक्ताविस्पष्टस्वरानायासभृशेषु	kzubDasvAntaDvAntalagnamlizwaviribDaPARwabAQAni manTamanastamaHsaktAvispazwasvarAnAyAsaBfSezu	VIDHI
3298	7	2	19	धृषिशसी वैयात्ये	DfziSasI vEyAtye	VIDHI
3299	7	2	20	दृढः स्थूलबलयोः	dfQaH sTUlabalayoH	VIDHI
3300	7	2	21	प्रभौ परिवृढः	praBO parivfQaH	VIDHI
3301	7	2	22	कृच्छ्रगहनयोः कषः	kfcCragahanayoH kazaH	VIDHI
3302	7	2	23	घुषिरविशब्दने	GuziraviSabdane	VIDHI
3303	7	2	24	अर्देः संनिविभ्यः	ardeH saMniviByaH	VIDHI
3304	7	2	25	अभेश्चाविदूर्ये	aBeScAvidUrye	VIDHI
3305	7	2	26	णेरध्ययने वृत्तम्	ReraDyayane vfttam	VIDHI
3306	7	2	27	वा दान्तशान्तपूर्णदस्तस्पष्टच्छन्नज्ञप्ताः	vA dAntaSAntapUrRadastaspazwacCannajYaptAH	VIDHI
3307	7	2	28	रुष्यमत्वरसंघुषास्वनाम्	ruzyamatvarasaMGuzAsvanAm	VIDHI
3308	7	2	29	हृषेर्लोमसु	hfzerlomasu	VIDHI
3309	7	2	30	अपचितश्च	apacitaSca	VIDHI
3310	7	2	31	ह्रु ह्वरेश्छन्दसि	hru hvareSCandasi	VIDHI
3311	7	2	32	अपरिह्वृताश्च	aparihvftASca	VIDHI
3312	7	2	33	सोमे ह्वरितः	some hvaritaH	VIDHI
3313	7	2	34	ग्रसितस्कभितस्तभितोत्तभितचत्तविकस्ताविशस्तृशंस्तृशास्तृतरुतृतरूतृवरुतृवरूतृवरूत्रीरुज्ज्वलितिक्षरितिक्षमितिवमित्यमितीति च	grasitaskaBitastaBitottaBitacattavikastAviSastfSaMstfSAstftarutftarUtfvarutfvarUtfvarUtrIrujjvalitikzaritikzamitivamityamitIti ca	VIDHI
3314	7	2	35	आर्धधातुकस्येड् वलादेः	ArDaDAtukasyeq valAdeH	VIDHI
3315	7	2	36	स्नुक्रमोरनात्मनेपदनिमित्ते	snukramoranAtmanepadanimitte	VIDHI
3316	7	2	37	ग्रहोऽलिटि दीर्घः	graholiwi dIrGaH	VIDHI
3317	7	2	38	वॄतो वा	vFto vA	VIDHI
3318	7	2	39	न लिङि	na liNi	VIDHI
3319	7	2	40	सिचि च परस्मैपदेषु	sici ca parasmEpadezu	VIDHI
3320	7	2	41	इट् सनि वा	iw sani vA	VIDHI
3321	7	2	42	लिङ्सिचोरात्मनेपदेषु	liNsicorAtmanepadezu	VIDHI
3322	7	2	43	ऋतश्च संयोगादेः	ftaSca saMyogAdeH	VIDHI
3323	7	2	44	स्वरतिसूतिसूयतिधूञूदितो वा	svaratisUtisUyatiDUYUdito vA	VIDHI
3324	7	2	45	रधादिभ्यश्च	raDAdiByaSca	VIDHI
3325	7	2	46	निरः कुषः	niraH kuzaH	VIDHI
3326	7	2	47	इण्निष्ठायाम्	iRnizWAyAm	VIDHI
3327	7	2	48	तीषसहलुभरुषरिषः	tIzasahaluBaruzarizaH	VIDHI
3328	7	2	49	सनीवन्तर्धभ्रस्जदम्भुश्रिस्वृयूर्णुभरज्ञपिसनाम्	sanIvantarDaBrasjadamBuSrisvfyUrRuBarajYapisanAm	VIDHI
3329	7	2	50	क्लिशः क्त्वानिष्ठयोः	kliSaH ktvAnizWayoH	VIDHI
3330	7	2	51	पूङश्च	pUNaSca	VIDHI
3331	7	2	52	वसतिक्षुधोरिट्	vasatikzuDoriw	VIDHI
3332	7	2	53	अञ्चेः पूजायाम्	aYceH pUjAyAm	VIDHI
3333	7	2	54	लुभो विमोहने	luBo vimohane	VIDHI
3334	7	2	55	जॄव्रश्च्योः क्त्वि	jFvraScyoH ktvi	VIDHI
3335	7	2	56	उदितो वा	udito vA	VIDHI
3336	7	2	57	सेऽसिचि कृतचृतच्छृदतृदनृतः	sesici kftacftacCfdatfdanftaH	VIDHI
3337	7	2	58	गमेरिट् परस्मैपदेषु	gameriw parasmEpadezu	VIDHI
3338	7	2	59	न वृद्भ्यश्चतुर्भ्यः	na vfdByaScaturByaH	VIDHI
3339	7	2	60	तासि च कॢपः	tAsi ca kxpaH	VIDHI
3340	7	2	61	अचस्तास्वत् थल्यनिटो नित्यम्	acastAsvat Talyaniwo nityam	VIDHI
3341	7	2	62	उपदेशेऽत्वतः	upadeSetvataH	VIDHI
3342	7	2	63	ऋतो भारद्वाजस्य	fto BAradvAjasya	VIDHI
3343	7	2	64	बभूथाततन्थजगृम्भववर्थेति निगमे	baBUTAtatanTajagfmBavavarTeti nigame	VIDHI
3344	7	2	65	विभाषा सृजिदृशोः	viBAzA sfjidfSoH	VIDHI
3345	7	2	66	इडत्त्यर्तिव्ययतीनाम्	iqattyartivyayatInAm	VIDHI
3346	7	2	67	वस्वेकाजाद्घसाम्	vasvekAjAdGasAm	VIDHI
3347	7	2	68	विभाषा गमहनविदविशाम्	viBAzA gamahanavidaviSAm	VIDHI
3348	7	2	69	सनिंससनिवांसम्	saniMsasanivAMsam	VIDHI
3349	7	2	70	ऋद्धनोः स्ये	fdDanoH sye	VIDHI
3350	7	2	71	अञ्जेः सिचि	aYjeH sici	VIDHI
3351	7	2	72	स्तुसुधूञ्भ्यः परस्मैपदेषु	stusuDUYByaH parasmEpadezu	VIDHI
3352	7	2	73	यमरमनमातां सक् च	yamaramanamAtAM sak ca	VIDHI
3353	7	2	74	स्मिपूङ्रञ्ज्वशां सनि	smipUNraYjvaSAM sani	VIDHI
3354	7	2	75	किरश्च पञ्चभ्यः	kiraSca paYcaByaH	VIDHI
3355	7	2	76	रुदादिभ्यः सार्वधातुके	rudAdiByaH sArvaDAtuke	VIDHI
3356	7	2	77	ईशः से	ISaH se	VIDHI
3357	7	2	78	ईडजनोर्ध्वे च	IqajanorDve ca	VIDHI
3358	7	2	79	लिङः सलोपोऽनन्त्यस्य	liNaH saloponantyasya	VIDHI
3359	7	2	80	अतो येयः	ato yeyaH	VIDHI
3360	7	2	81	आतो ङितः	Ato NitaH	VIDHI
3361	7	2	82	आने मुक्	Ane muk	VIDHI
3362	7	2	83	ईदासः	IdAsaH	VIDHI
3363	7	2	84	अष्टन आ विभक्तौ	azwana A viBaktO	VIDHI
3364	7	2	85	रायो हलि	rAyo hali	VIDHI
3365	7	2	86	युष्मदस्मदोरनादेशे	yuzmadasmadoranAdeSe	VIDHI
3366	7	2	87	द्वितीयायां च	dvitIyAyAM ca	VIDHI
3367	7	2	88	प्रथमायाश्च द्विवचने भाषायाम्	praTamAyASca dvivacane BAzAyAm	VIDHI
3368	7	2	89	योऽचि	yoci	VIDHI
3369	7	2	90	शेषे लोपः	Seze lopaH	VIDHI
3370	7	2	91	मपर्यन्तस्य	maparyantasya	ADHIKARA
3371	7	2	92	युवावौ द्विवचने	yuvAvO dvivacane	VIDHI
3372	7	2	93	यूयवयौ जसि	yUyavayO jasi	VIDHI
3373	7	2	94	त्वाहौ सौ	tvAhO sO	VIDHI
3374	7	2	95	तुभ्यमह्यौ ङयि	tuByamahyO Nayi	VIDHI
3375	7	2	96	तवममौ ङसि	tavamamO Nasi	VIDHI
3376	7	2	97	त्वमावेकवचने	tvamAvekavacane	VIDHI
3377	7	2	98	प्रत्ययोत्तरपदयोश्च	pratyayottarapadayoSca	VIDHI
3378	7	2	99	त्रिचतुरोः स्त्रियां तिसृचतसृ	tricaturoH striyAM tisfcatasf	VIDHI
3379	7	2	100	अचि र ऋतः	aci ra ftaH	VIDHI
3380	7	2	101	जराया जरसन्यतरस्याम्	jarAyA jarasanyatarasyAm	VIDHI
3381	7	2	102	त्यदादीनामः	tyadAdInAmaH	VIDHI
3382	7	2	103	किमः कः	kimaH kaH	VIDHI
3383	7	2	104	कु तिहोः	ku tihoH	VIDHI
3384	7	2	105	क्वाति	kvAti	VIDHI
3385	7	2	106	तदोः सः सावनन्त्ययोः	tadoH saH sAvanantyayoH	VIDHI
3386	7	2	107	अदस औ सुलोपश्च	adasa O sulopaSca	VIDHI
3387	7	2	108	इदमो मः	idamo maH	VIDHI
3388	7	2	109	दश्च	daSca	VIDHI
3389	7	2	110	यः सौ	yaH sO	VIDHI
3390	7	2	111	इदोऽय् पुंसि	idoy puMsi	VIDHI
3391	7	2	112	अनाप्यकः	anApyakaH	VIDHI
3392	7	2	113	हलि लोपः	hali lopaH	VIDHI
3393	7	2	114	मृजेर्वृद्धिः	mfjervfdDiH	VIDHI
3394	7	2	115	अचो ञ्णिति	aco YRiti	VIDHI
3395	7	2	116	अत उपधायाः	ata upaDAyAH	VIDHI
3396	7	2	117	तद्धितेष्वचामादेः	tadDitezvacAmAdeH	VIDHI
3397	7	2	118	किति च	kiti ca	VIDHI
3398	7	3	1	देविकाशिंशपादित्यवाड्दीर्घसत्रश्रेयसामात्	devikASiMSapAdityavAqdIrGasatraSreyasAmAt	VIDHI
3399	7	3	2	केकयमित्त्रयुप्रलयानां यादेरियः	kekayamittrayupralayAnAM yAderiyaH	VIDHI
3400	7	3	3	न य्वाभ्यां पदान्ताभ्याम् पूर्वौ तु ताभ्यामैच्	na yvAByAM padAntAByAm pUrvO tu tAByAmEc	VIDHI
3401	7	3	4	द्वारादीनां च	dvArAdInAM ca	VIDHI
3402	7	3	5	न्यग्रोधस्य च केवलस्य	nyagroDasya ca kevalasya	VIDHI
3403	7	3	6	न कर्मव्यतिहारे	na karmavyatihAre	VIDHI
3404	7	3	7	स्वागतादीनां च	svAgatAdInAM ca	VIDHI
3405	7	3	8	श्वादेरिञि	SvAderiYi	VIDHI
3406	7	3	9	पदान्तस्यान्यतरस्याम्	padAntasyAnyatarasyAm	VIDHI
3407	7	3	10	उत्तरपदस्य	uttarapadasya	ADHIKARA
3408	7	3	11	अवयवादृतोः	avayavAdftoH	VIDHI
3409	7	3	12	सुसर्वार्धाज्जनपदस्य	susarvArDAjjanapadasya	VIDHI
3410	7	3	13	दिशोऽमद्राणाम्	diSomadrARAm	VIDHI
3411	7	3	14	प्राचां ग्रामनगराणाम्	prAcAM grAmanagarARAm	VIDHI
3412	7	3	15	संख्यायाः संवत्सरसंख्यस्य च	saMKyAyAH saMvatsarasaMKyasya ca	VIDHI
3413	7	3	16	वर्षस्याभविष्यति	varzasyABavizyati	VIDHI
3414	7	3	17	परिमाणान्तस्यासंज्ञाशाणयोः	parimARAntasyAsaMjYASARayoH	VIDHI
3415	7	3	18	जे प्रोष्ठपदानाम्	je prozWapadAnAm	VIDHI
3416	7	3	19	हृद्भगसिन्ध्वन्ते पूर्वपदस्य च	hfdBagasinDvante pUrvapadasya ca	VIDHI
3417	7	3	20	अनुशतिकादीनां च	anuSatikAdInAM ca	VIDHI
3418	7	3	21	देवताद्वन्द्वे च	devatAdvandve ca	VIDHI
3419	7	3	22	नेन्द्रस्य परस्य	nendrasya parasya	VIDHI
3420	7	3	23	दीर्घाच्च वरुणस्य	dIrGAcca varuRasya	VIDHI
3421	7	3	24	प्राचां नगरान्ते	prAcAM nagarAnte	VIDHI
3422	7	3	25	जङ्गलधेनुवलजान्तस्य विभाषितमुत्तरम्	jaNgalaDenuvalajAntasya viBAzitamuttaram	VIDHI
3423	7	3	26	अर्धात् परिमाणस्य पूर्वस्य तु वा	arDAt parimARasya pUrvasya tu vA	VIDHI
3424	7	3	27	नातः परस्य	nAtaH parasya	VIDHI
3425	7	3	28	प्रवाहणस्य ढे	pravAhaRasya Qe	VIDHI
3426	7	3	29	तत्प्रत्ययस्य च	tatpratyayasya ca	VIDHI
3427	7	3	30	नञः शुचीश्वरक्षेत्रज्ञकुशलनिपुणानाम्	naYaH SucISvarakzetrajYakuSalanipuRAnAm	VIDHI
3428	7	3	31	यथातथयथापुरयोः पर्यायेण	yaTAtaTayaTApurayoH paryAyeRa	VIDHI
3429	7	3	32	हनस्तोऽचिण्णलोः	hanastociRRaloH	VIDHI
3430	7	3	33	आतो युक् चिण्कृतोः	Ato yuk ciRkftoH	VIDHI
3431	7	3	34	नोदात्तोपदेशस्य मान्तस्यानाचमेः	nodAttopadeSasya mAntasyAnAcameH	VIDHI
3432	7	3	35	जनिवध्योश्च	janivaDyoSca	VIDHI
3433	7	3	36	अर्तिह्रीव्लीरीक्नूयीक्ष्माय्यातां पुङ्णौ	artihrIvlIrIknUyIkzmAyyAtAM puNRO	VIDHI
3434	7	3	37	शाच्छासाह्वाव्यावेपां युक्	SAcCAsAhvAvyAvepAM yuk	VIDHI
3435	7	3	38	वो विधूनने जुक्	vo viDUnane juk	VIDHI
3436	7	3	39	लीलोर्नुग्लुकावन्यतरस्यां स्नेहविपातने	lIlornuglukAvanyatarasyAM snehavipAtane	VIDHI
3437	7	3	40	भियो हेतुभये षुक्	Biyo hetuBaye zuk	VIDHI
3438	7	3	41	स्फायो वः	sPAyo vaH	VIDHI
3439	7	3	42	शदेरगतौ तः	SaderagatO taH	VIDHI
3440	7	3	43	रुहः पोऽन्यतरस्याम्	ruhaH ponyatarasyAm	VIDHI
3441	7	3	44	प्रत्ययस्थात् कात् पूर्वस्यात इदाप्यसुपः	pratyayasTAt kAt pUrvasyAta idApyasupaH	VIDHI
3442	7	3	45	न यासयोः	na yAsayoH	VIDHI
3443	7	3	46	उदीचामातः स्थाने यकपूर्वायाः	udIcAmAtaH sTAne yakapUrvAyAH	VIDHI
3444	7	3	47	भस्त्रैषाऽजाज्ञाद्वास्वानञ्पूर्वाणामपि	BastrEzAjAjYAdvAsvAnaYpUrvARAmapi	VIDHI
3445	7	3	48	अभाषितपुंस्काच्च	aBAzitapuMskAcca	VIDHI
3446	7	3	49	आदाचार्याणाम्	AdAcAryARAm	VIDHI
3447	7	3	50	ठस्येकः	WasyekaH	VIDHI
3448	7	3	51	इसुसुक्तान्तात् कः	isusuktAntAt kaH	VIDHI
3449	7	3	52	चजोः कु घिण्ण्यतोः	cajoH ku GiRRyatoH	VIDHI
3450	7	3	53	न्यङ्क्वादीनां च	nyaNkvAdInAM ca	VIDHI
3451	7	3	54	हो हन्तेर्ञ्णिन्नेषु	ho hanterYRinnezu	VIDHI
3452	7	3	55	अभ्यासाच्च	aByAsAcca	VIDHI
3453	7	3	56	हेरचङि	heracaNi	VIDHI
3454	7	3	57	सन्लिटोर्जेः	sanliworjeH	VIDHI
3455	7	3	58	विभाषा चेः	viBAzA ceH	VIDHI
3456	7	3	59	न क्वादेः	na kvAdeH	VIDHI
3457	7	3	60	अजिव्रज्योश्च	ajivrajyoSca	VIDHI
3458	7	3	61	भुजन्युब्जौ पाण्युपतापयोः	BujanyubjO pARyupatApayoH	VIDHI
3459	7	3	62	प्रयाजानुयाजौ यज्ञाङ्गे	prayAjAnuyAjO yajYANge	VIDHI
3460	7	3	63	वञ्चेर्गतौ	vaYcergatO	VIDHI
3461	7	3	64	ओक उचः के	oka ucaH ke	VIDHI
3462	7	3	65	ण्य आवश्यके	Rya AvaSyake	VIDHI
3463	7	3	66	यजयाचरुचप्रवचर्चश्च	yajayAcarucapravacarcaSca	VIDHI
3464	7	3	67	वचोऽशब्दसंज्ञायाम्	vacoSabdasaMjYAyAm	VIDHI
3465	7	3	68	प्रयोज्यनियोज्यौ शक्यार्थे	prayojyaniyojyO SakyArTe	VIDHI
3466	7	3	69	भोज्यं भक्ष्ये	BojyaM Bakzye	VIDHI
3467	7	3	70	घोर्लोपो लेटि वा	Gorlopo lewi vA	VIDHI
3468	7	3	71	ओतः श्यनि	otaH Syani	VIDHI
3469	7	3	72	क्सस्याचि	ksasyAci	VIDHI
3470	7	3	73	लुग्वा दुहदिहलिहगुहामात्मनेपदे दन्त्ये	lugvA duhadihalihaguhAmAtmanepade dantye	VIDHI
3471	7	3	74	शमामष्टानां दीर्घः श्यनि	SamAmazwAnAM dIrGaH Syani	VIDHI
3472	7	3	75	ष्ठिवुक्लमुचमां शिति	zWivuklamucamAM Siti	VIDHI
3473	7	3	76	क्रमः परस्मैपदेषु	kramaH parasmEpadezu	VIDHI
3474	7	3	77	इषुगमियमां छः	izugamiyamAM CaH	VIDHI
3475	7	3	78	पाघ्राध्मास्थाम्नादाण्दृश्यर्त्तिसर्त्तिशदसदां पिबजिघ्रधमतिष्ठमनयच्छपश्यर्च्छधौशीयसीदाः	pAGrADmAsTAmnAdARdfSyarttisarttiSadasadAM pibajiGraDamatizWamanayacCapaSyarcCaDOSIyasIdAH	VIDHI
3476	7	3	79	ज्ञाजनोर्जा	jYAjanorjA	VIDHI
3477	7	3	80	प्वादीनां ह्रस्वः	pvAdInAM hrasvaH	VIDHI
3478	7	3	81	मीनातेर्निगमे	mInAternigame	VIDHI
3479	7	3	82	मिदेर्गुणः	miderguRaH	VIDHI
3480	7	3	83	जुसि च	jusi ca	VIDHI
3481	7	3	84	सार्वधातुकार्धधातुकयोः	sArvaDAtukArDaDAtukayoH	VIDHI
3482	7	3	85	जाग्रोऽविचिण्णल्ङित्सु	jAgroviciRRalNitsu	VIDHI
3483	7	3	86	पुगन्तलघूपधस्य च	pugantalaGUpaDasya ca	VIDHI
3484	7	3	87	नाभ्यस्तस्याचि पिति सार्वधातुके	nAByastasyAci piti sArvaDAtuke	VIDHI
3485	7	3	88	भूसुवोस्तिङि	BUsuvostiNi	VIDHI
3486	7	3	89	उतो वृद्धिर्लुकि हलि	uto vfdDirluki hali	VIDHI
3487	7	3	90	ऊर्णोतेर्विभाषा	UrRoterviBAzA	VIDHI
3488	7	3	91	गुणोऽपृक्ते	guRopfkte	VIDHI
3489	7	3	92	तृणह इम्	tfRaha im	VIDHI
3490	7	3	93	ब्रुव ईट्	bruva Iw	VIDHI
3491	7	3	94	यङो वा	yaNo vA	VIDHI
3492	7	3	95	तुरुस्तुशम्यमः सार्वधातुके	turustuSamyamaH sArvaDAtuke	VIDHI
3493	7	3	96	अस्तिसिचोऽपृक्ते	astisicopfkte	VIDHI
3494	7	3	97	बहुलं छन्दसि	bahulaM Candasi	VIDHI
3495	7	3	98	रुदश्च पञ्चभ्यः	rudaSca paYcaByaH	VIDHI
3496	7	3	99	अड्गार्ग्यगालवयोः	aqgArgyagAlavayoH	VIDHI
3497	7	3	100	अदः सर्वेषाम्	adaH sarvezAm	VIDHI
3498	7	3	101	अतो दीर्घो यञि	ato dIrGo yaYi	VIDHI
3499	7	3	102	सुपि च	supi ca	VIDHI
3500	7	3	103	बहुवचने झल्येत्	bahuvacane Jalyet	VIDHI
3501	7	3	104	ओसि च	osi ca	VIDHI
3502	7	3	105	आङि चापः	ANi cApaH	VIDHI
3503	7	3	106	सम्बुद्धौ च	sambudDO ca	VIDHI
3504	7	3	107	अम्बाऽर्थनद्योर्ह्रस्वः	ambArTanadyorhrasvaH	VIDHI
3505	7	3	108	ह्रस्वस्य गुणः	hrasvasya guRaH	VIDHI
3506	7	3	109	जसि च	jasi ca	VIDHI
3507	7	3	110	ऋतो ङिसर्वनामस्थानयोः	fto NisarvanAmasTAnayoH	VIDHI
3508	7	3	111	घेर्ङिति	GerNiti	VIDHI
3509	7	3	112	आण्नद्याः	ARnadyAH	VIDHI
3510	7	3	113	याडापः	yAqApaH	VIDHI
3511	7	3	114	सर्वनाम्नः स्याड्ढ्रस्वश्च	sarvanAmnaH syAqQrasvaSca	VIDHI
3512	7	3	115	विभाषा द्वितीयातृतीयाभ्याम्	viBAzA dvitIyAtftIyAByAm	VIDHI
3513	7	3	116	ङेराम्नद्याम्नीभ्यः	NerAmnadyAmnIByaH	VIDHI
3514	7	3	117	इदुद्भ्याम्	idudByAm	VIDHI
3515	7	3	118	औत्	Ot	VIDHI
3516	7	3	119	अच्च घेः	acca GeH	VIDHI
3517	7	3	120	आङो नाऽस्त्रियाम्	ANo nAstriyAm	VIDHI
3518	7	4	1	णौ चङ्युपधाया ह्रस्वः	RO caNyupaDAyA hrasvaH	VIDHI
3519	7	4	2	नाग्लोपिशास्वृदिताम्	nAglopiSAsvfditAm	VIDHI
3520	7	4	3	भ्राजभासभाषदीपजीवमीलपीडामन्यतरस्याम्	BrAjaBAsaBAzadIpajIvamIlapIqAmanyatarasyAm	VIDHI
3521	7	4	4	लोपः पिबतेरीच्चाभ्यासस्य	lopaH pibaterIccAByAsasya	VIDHI
3522	7	4	5	तिष्ठतेरित्	tizWaterit	VIDHI
3523	7	4	6	जिघ्रतेर्वा	jiGratervA	VIDHI
3524	7	4	7	उर्ऋत्	urft	VIDHI
3525	7	4	8	नित्यं छन्दसि	nityaM Candasi	VIDHI
3526	7	4	9	दयतेर्दिगि लिटि	dayaterdigi liwi	VIDHI
3527	7	4	10	ऋतश्च संयोगादेर्गुणः	ftaSca saMyogAderguRaH	VIDHI
3528	7	4	11	ऋच्छत्यॄताम्	fcCatyFtAm	VIDHI
3529	7	4	12	शॄदॄप्रां ह्रस्वो वा	SFdFprAM hrasvo vA	VIDHI
3530	7	4	13	केऽणः	keRaH	VIDHI
3531	7	4	14	न कपि	na kapi	VIDHI
3532	7	4	15	आपोऽन्यतरस्याम्	AponyatarasyAm	VIDHI
3533	7	4	16	ऋदृशोऽङि गुणः	fdfSoNi guRaH	VIDHI
3534	7	4	17	अस्यतेस्थुक्	asyatesTuk	VIDHI
3535	7	4	18	श्वयतेरः	SvayateraH	VIDHI
3536	7	4	19	पतः पुम्	pataH pum	VIDHI
3537	7	4	20	वच उम्	vaca um	VIDHI
3538	7	4	21	शीङः सार्वधातुके गुणः	SINaH sArvaDAtuke guRaH	VIDHI
3539	7	4	22	अयङ् यि क्ङिति	ayaN yi kNiti	VIDHI
3540	7	4	23	उपसर्गाद्ध्रस्व ऊहतेः	upasargAdDrasva UhateH	VIDHI
3541	7	4	24	एतेर्लिङि	eterliNi	VIDHI
3542	7	4	25	अकृत्सार्वधातुकयोर्दीर्घः	akftsArvaDAtukayordIrGaH	VIDHI
3543	7	4	26	च्वौ च	cvO ca	VIDHI
3544	7	4	27	रीङ् ऋतः	rIN ftaH	VIDHI
3545	7	4	28	रिङ् शयग्लिङ्क्षु	riN SayagliNkzu	VIDHI
3546	7	4	29	गुणोऽर्तिसंयोगाद्योः	guRortisaMyogAdyoH	VIDHI
3547	7	4	30	यङि च	yaNi ca	VIDHI
3548	7	4	31	ई घ्राध्मोः	I GrADmoH	VIDHI
3549	7	4	32	अस्य च्वौ	asya cvO	VIDHI
3550	7	4	33	क्यचि च	kyaci ca	VIDHI
3551	7	4	34	अशनायोदन्यधनाया बुभुक्षापिपासागर्द्धेषु	aSanAyodanyaDanAyA buBukzApipAsAgardDezu	VIDHI
3552	7	4	35	न च्छन्दस्यपुत्रस्य	na cCandasyaputrasya	VIDHI
3553	7	4	36	दुरस्युर्द्रविणस्युर्वृषण्यतिरिषण्यति	durasyurdraviRasyurvfzaRyatirizaRyati	VIDHI
3554	7	4	37	अश्वाघस्यात्	aSvAGasyAt	VIDHI
3555	7	4	38	देवसुम्नयोर्यजुषि काठके	devasumnayoryajuzi kAWake	VIDHI
3556	7	4	39	कव्यध्वरपृतनस्यर्चि लोपः	kavyaDvarapftanasyarci lopaH	VIDHI
3557	7	4	40	द्यतिस्यतिमास्थामित्ति किति	dyatisyatimAsTAmitti kiti	VIDHI
3558	7	4	41	शाच्छोरन्यतरस्याम्	SAcCoranyatarasyAm	VIDHI
3559	7	4	42	दधातेर्हिः	daDAterhiH	VIDHI
3560	7	4	43	जहातेश्च क्त्वि	jahAteSca ktvi	VIDHI
3561	7	4	44	विभाषा छन्दसि	viBAzA Candasi	VIDHI
3562	7	4	45	सुधितवसुधितनेमधितधिष्वधिषीय च	suDitavasuDitanemaDitaDizvaDizIya ca	VIDHI
3563	7	4	46	दो दद् घोः	do dad GoH	VIDHI
3564	7	4	47	अच उपसर्गात्तः	aca upasargAttaH	VIDHI
3565	7	4	48	अपो भि	apo Bi	VIDHI
3566	7	4	49	सः स्यार्द्धधातुके	saH syArdDaDAtuke	VIDHI
3567	7	4	50	तासस्त्योर्लोपः	tAsastyorlopaH	VIDHI
3568	7	4	51	रि च	ri ca	VIDHI
3569	7	4	52	ह एति	ha eti	VIDHI
3570	7	4	53	यीवर्णयोर्दीधीवेव्योः	yIvarRayordIDIvevyoH	VIDHI
3571	7	4	54	सनि मीमाघुरभलभशकपतपदामच इस्	sani mImAGuraBalaBaSakapatapadAmaca is	VIDHI
3572	7	4	55	आप्ज्ञप्यृधामीत्	ApjYapyfDAmIt	VIDHI
3573	7	4	56	दम्भ इच्च	damBa icca	VIDHI
3574	7	4	57	मुचोऽकर्मकस्य गुणो वा	mucokarmakasya guRo vA	VIDHI
3575	7	4	58	अत्र लोपोऽभ्यासस्य	atra lopoByAsasya	ADHIKARA
3576	7	4	59	ह्रस्वः	hrasvaH	VIDHI
3577	7	4	60	हलादिः शेषः	halAdiH SezaH	VIDHI
3578	7	4	61	शर्पूर्वाः खयः	SarpUrvAH KayaH	VIDHI
3579	7	4	62	कुहोश्चुः	kuhoScuH	VIDHI
3580	7	4	63	न कवतेर्यङि	na kavateryaNi	VIDHI
3581	7	4	64	कृषेश्छन्दसि	kfzeSCandasi	VIDHI
3582	7	4	65	दाधर्तिदर्धर्तिदर्धर्षिबोभूतुतेतिक्तेऽलर्ष्यापनीफणत्संसनिष्यदत्करिक्रत्कनिक्रदद्भरिभ्रद्दविध्वतोदविद्युतत्तरित्रतःसरीसृपतंवरीवृजन्मर्मृज्यागनीगन्तीति च	dADartidarDartidarDarziboBUtutetiktelarzyApanIPaRatsaMsanizyadatkarikratkanikradadBariBraddaviDvatodavidyutattaritrataHsarIsfpataMvarIvfjanmarmfjyAganIgantIti ca	VIDHI
3583	7	4	66	उरत्	urat	VIDHI
3584	7	4	67	द्युतिस्वाप्योः सम्प्रसारणम्	dyutisvApyoH samprasAraRam	VIDHI
3585	7	4	68	व्यथो लिटि	vyaTo liwi	VIDHI
3586	7	4	69	दीर्घ इणः किति	dIrGa iRaH kiti	VIDHI
3587	7	4	70	अत आदेः	ata AdeH	VIDHI
3588	7	4	71	तस्मान्नुड् द्विहलः	tasmAnnuq dvihalaH	VIDHI
3589	7	4	72	अश्नोतेश्च	aSnoteSca	VIDHI
3590	7	4	73	भवतेरः	BavateraH	VIDHI
3591	7	4	74	ससूवेति निगमे	sasUveti nigame	VIDHI
3592	7	4	75	निजां त्रयाणां गुणः श्लौ	nijAM trayARAM guRaH SlO	VIDHI
3593	7	4	76	भृञामित्	BfYAmit	VIDHI
3594	7	4	77	अर्तिपिपर्त्योश्च	artipipartyoSca	VIDHI
3595	7	4	78	बहुलं छन्दसि	bahulaM Candasi	VIDHI
3596	7	4	79	सन्यतः	sanyataH	VIDHI
3597	7	4	80	ओः पुयण्ज्यपरे	oH puyaRjyapare	VIDHI
3598	7	4	81	स्रवतिशृणोतिद्रवतिप्रवतिप्लवतिच्यवतीनां वा	sravatiSfRotidravatipravatiplavaticyavatInAM vA	VIDHI
3599	7	4	82	गुणो यङ्लुकोः	guRo yaNlukoH	VIDHI
3600	7	4	83	दीर्घोऽकितः	dIrGokitaH	VIDHI
3601	7	4	84	नीग्वञ्चुस्रंसुध्वंसुभ्रंसुकसपतपदस्कन्दाम्	nIgvaYcusraMsuDvaMsuBraMsukasapatapadaskandAm	VIDHI
3602	7	4	85	नुगतोऽनुनासिकान्तस्य	nugatonunAsikAntasya	VIDHI
3603	7	4	86	जपजभदहदशभञ्जपशां च	japajaBadahadaSaBaYjapaSAM ca	VIDHI
3604	7	4	87	चरफलोश्च	caraPaloSca	VIDHI
3605	7	4	88	उत् परस्यातः	ut parasyAtaH	VIDHI
3606	7	4	89	ति च	ti ca	VIDHI
3607	7	4	90	रीगृदुपधस्य च	rIgfdupaDasya ca	VIDHI
3608	7	4	91	रुग्रिकौ च लुकि	rugrikO ca luki	VIDHI
3609	7	4	92	ऋतश्च	ftaSca	VIDHI
3610	7	4	93	सन्वल्लघुनि चङ्परेऽनग्लोपे	sanvallaGuni caNparenaglope	ADHIKARA
3611	7	4	94	दीर्घो लघोः	dIrGo laGoH	VIDHI
3612	7	4	95	अत् स्मृदॄत्वरप्रथम्रदस्तॄस्पशाम्	at smfdFtvarapraTamradastFspaSAm	VIDHI
3613	7	4	96	विभाषा वेष्टिचेष्ट्योः	viBAzA vezwicezwyoH	VIDHI
3614	7	4	97	ई च गणः	I ca gaRaH	VIDHI
3615	8	1	1	सर्वस्य द्वे	sarvasya dve	ADHIKARA
3616	8	1	2	तस्य परमाम्रेडितम्	tasya paramAmreqitam	SAMJNA
3617	8	1	3	अनुदात्तं च	anudAttaM ca	VIDHI
3618	8	1	4	नित्यवीप्सयोः	nityavIpsayoH	VIDHI
3619	8	1	5	परेर्वर्जने	parervarjane	VIDHI
3620	8	1	6	प्रसमुपोदः पादपूरणे	prasamupodaH pAdapUraRe	VIDHI
3621	8	1	7	उपर्यध्यधसः सामीप्ये	uparyaDyaDasaH sAmIpye	VIDHI
3622	8	1	8	वाक्यादेरामन्त्रितस्यासूयासम्मतिकोपकुत्सनभर्त्सनेषु	vAkyAderAmantritasyAsUyAsammatikopakutsanaBartsanezu	VIDHI
3623	8	1	9	एकं बहुव्रीहिवत्	ekaM bahuvrIhivat	ADHIKARA
3624	8	1	10	आबाधे च	AbADe ca	VIDHI
3625	8	1	11	कर्मधारयवत् उत्तरेषु	karmaDArayavat uttarezu	ADHIKARA
3626	8	1	12	प्रकारे गुणवचनस्य	prakAre guRavacanasya	VIDHI
3627	8	1	13	अकृच्छ्रे प्रियसुखयोरन्यतरस्याम्	akfcCre priyasuKayoranyatarasyAm	VIDHI
3628	8	1	14	यथास्वे यथायथम्	yaTAsve yaTAyaTam	VIDHI
3629	8	1	15	द्वन्द्वं रहस्यमर्यादावचनव्युत्क्रमणयज्ञपात्रप्रयोगाभिव्यक्तिषु	dvandvaM rahasyamaryAdAvacanavyutkramaRayajYapAtraprayogABivyaktizu	VIDHI
3630	8	1	16	पदस्य	padasya	ADHIKARA
3631	8	1	17	पदात्	padAt	ADHIKARA
3632	8	1	18	अनुदात्तं सर्वमपादादौ	anudAttaM sarvamapAdAdO	ADHIKARA
3633	8	1	19	आमन्त्रितस्य च	Amantritasya ca	VIDHI
3634	8	1	20	युष्मदस्मदोः षष्ठीचतुर्थीद्वितीयास्थयोर्वान्नावौ	yuzmadasmadoH zazWIcaturTIdvitIyAsTayorvAnnAvO	VIDHI
3635	8	1	21	बहुवचनस्य वस्नसौ	bahuvacanasya vasnasO	VIDHI
3636	8	1	22	तेमयावेकवचनस्य	temayAvekavacanasya	VIDHI
3637	8	1	23	त्वामौ द्वितीयायाः	tvAmO dvitIyAyAH	VIDHI
3638	8	1	24	न चवाहाहैवयुक्ते	na cavAhAhEvayukte	VIDHI
3639	8	1	25	पश्यार्थैश्चानालोचने	paSyArTEScAnAlocane	VIDHI
3640	8	1	26	सपूर्वायाः प्रथमाया विभाषा	sapUrvAyAH praTamAyA viBAzA	VIDHI
3641	8	1	27	तिङो गोत्रादीनि कुत्सनाभीक्ष्ण्ययोः	tiNo gotrAdIni kutsanABIkzRyayoH	VIDHI
3642	8	1	28	तिङ्ङतिङः	tiNNatiNaH	VIDHI
3643	8	1	29	न लुट्	na luw	VIDHI
3644	8	1	30	निपातैर्यद्यदिहन्तकुविन्नेच्चेच्चण्कच्चिद्यत्रयुक्तम्	nipAtEryadyadihantakuvinnecceccaRkaccidyatrayuktam	VIDHI
3645	8	1	31	नह प्रत्यारम्भे	naha pratyAramBe	VIDHI
3646	8	1	32	सत्यं प्रश्ने	satyaM praSne	VIDHI
3647	8	1	33	अङ्गाप्रातिलोम्ये	aNgAprAtilomye	VIDHI
3648	8	1	34	हि च	hi ca	VIDHI
3649	8	1	35	छन्दस्यनेकमपि साकाङ्क्षम्	Candasyanekamapi sAkANkzam	VIDHI
3650	8	1	36	यावद्यथाभ्याम्	yAvadyaTAByAm	VIDHI
3651	8	1	37	पूजायां नानन्तरम्	pUjAyAM nAnantaram	VIDHI
3652	8	1	38	उपसर्गव्यपेतं च	upasargavyapetaM ca	VIDHI
3653	8	1	39	तुपश्यपश्यताहैः पूजायाम्	tupaSyapaSyatAhEH pUjAyAm	VIDHI
3654	8	1	40	अहो च	aho ca	VIDHI
3655	8	1	41	शेषे विभाषा	Seze viBAzA	VIDHI
3656	8	1	42	पुरा च परीप्सायाम्	purA ca parIpsAyAm	VIDHI
3657	8	1	43	नन्वित्यनुज्ञैषणायाम्	nanvityanujYEzaRAyAm	VIDHI
3658	8	1	44	किं क्रियाप्रश्नेऽनुपसर्गमप्रतिषिद्धम्	kiM kriyApraSnenupasargamapratizidDam	VIDHI
3659	8	1	45	लोपे विभाषा	lope viBAzA	VIDHI
3660	8	1	46	एहिमन्ये प्रहासे लृट्	ehimanye prahAse lfw	VIDHI
3661	8	1	47	जात्वपूर्वम्	jAtvapUrvam	VIDHI
3662	8	1	48	किम्वृत्तं च चिदुत्तरम्	kimvfttaM ca ciduttaram	VIDHI
3663	8	1	49	आहो उताहो चानन्तरम्	Aho utAho cAnantaram	VIDHI
3664	8	1	50	शेषे विभाषा	Seze viBAzA	VIDHI
3665	8	1	51	गत्यर्थलोटा लृण्न चेत् कारकं सर्वान्यत्	gatyarTalowA lfRna cet kArakaM sarvAnyat	VIDHI
3666	8	1	52	लोट् च	low ca	VIDHI
3667	8	1	53	विभाषितं सोपसर्गमनुत्तमम्	viBAzitaM sopasargamanuttamam	VIDHI
3668	8	1	54	हन्त च	hanta ca	VIDHI
3669	8	1	55	आम एकान्तरमामन्त्रितमनन्तिके	Ama ekAntaramAmantritamanantike	VIDHI
3670	8	1	56	यद्धितुपरं छन्दसि	yadDituparaM Candasi	VIDHI
3671	8	1	57	चनचिदिवगोत्रादितद्धिताम्रेडितेष्वगतेः	canacidivagotrAditadDitAmreqitezvagateH	VIDHI
3672	8	1	58	चादिषु च	cAdizu ca	VIDHI
3673	8	1	59	चवायोगे प्रथमा	cavAyoge praTamA	VIDHI
3674	8	1	60	हेति क्षियायाम्	heti kziyAyAm	VIDHI
3675	8	1	61	अहेति विनियोगे च	aheti viniyoge ca	VIDHI
3676	8	1	62	चाहलोप एवेत्यवधारणम्	cAhalopa evetyavaDAraRam	VIDHI
3677	8	1	63	चादिलोपे विभाषा	cAdilope viBAzA	VIDHI
3678	8	1	64	वैवावेति च च्छन्दसि	vEvAveti ca cCandasi	VIDHI
3679	8	1	65	एकान्याभ्यां समर्थाभ्याम्	ekAnyAByAM samarTAByAm	VIDHI
3680	8	1	66	यद्वृत्तान्नित्यम्	yadvfttAnnityam	VIDHI
3681	8	1	67	पूजनात् पूजितमनुदात्तं काष्ठादिभ्यः	pUjanAt pUjitamanudAttaM kAzWAdiByaH	VIDHI
3682	8	1	68	सगतिरपि तिङ्	sagatirapi tiN	VIDHI
3683	8	1	69	कुत्सने च सुप्यगोत्रादौ	kutsane ca supyagotrAdO	VIDHI
3684	8	1	70	गतिर्गतौ	gatirgatO	VIDHI
3685	8	1	71	तिङि चोदात्तवति	tiNi codAttavati	VIDHI
3686	8	1	72	आमन्त्रितं पूर्वमविद्यमानवत्	AmantritaM pUrvamavidyamAnavat	ADHIKARA
3687	8	1	73	नामन्त्रिते समानाधिकरणे सामान्यवचनम्	nAmantrite samAnADikaraRe sAmAnyavacanam	VIDHI
3688	8	1	74	विभाषितं विशेषवचने बहुवचनम्	viBAzitaM viSezavacane bahuvacanam	VIDHI
3689	8	2	1	पूर्वत्रासिद्धम्	pUrvatrAsidDam	ADHIKARA
3690	8	2	2	नलोपः सुप्स्वरसंज्ञातुग्विधिषु कृति	nalopaH supsvarasaMjYAtugviDizu kfti	VIDHI
3691	8	2	3	न मु ने	na mu ne	VIDHI
3692	8	2	4	उदात्तस्वरितयोर्यणः स्वरितोऽनुदात्तस्य	udAttasvaritayoryaRaH svaritonudAttasya	VIDHI
3693	8	2	5	एकादेश उदात्तेनोदात्तः	ekAdeSa udAttenodAttaH	VIDHI
3694	8	2	6	स्वरितो वाऽनुदात्ते पदादौ	svarito vAnudAtte padAdO	VIDHI
3695	8	2	7	नलोपः प्रातिपदिकान्तस्य	nalopaH prAtipadikAntasya	VIDHI
3696	8	2	8	न ङिसम्बुद्ध्योः	na NisambudDyoH	VIDHI
3697	8	2	9	मादुपधायाश्च मतोर्वोऽयवादिभ्यः	mAdupaDAyASca matorvoyavAdiByaH	VIDHI
3698	8	2	10	झयः	JayaH	VIDHI
3699	8	2	11	संज्ञायाम्	saMjYAyAm	VIDHI
3700	8	2	12	आसन्दीवदष्ठीवच्चक्रीवत्कक्षीवद्रुमण्वच्चर्मण्वती	AsandIvadazWIvaccakrIvatkakzIvadrumaRvaccarmaRvatI	VIDHI
3701	8	2	13	उदन्वानुदधौ च	udanvAnudaDO ca	VIDHI
3702	8	2	14	राजन्वान् सौराज्ये	rAjanvAn sOrAjye	VIDHI
3703	8	2	15	छन्दसीरः	CandasIraH	VIDHI
3704	8	2	16	अनो नुट्	ano nuw	VIDHI
3705	8	2	17	नाद्घस्य	nAdGasya	VIDHI
3706	8	2	18	कृपो रो लः	kfpo ro laH	VIDHI
3707	8	2	19	उपसर्गस्यायतौ	upasargasyAyatO	VIDHI
3708	8	2	20	ग्रो यङि	gro yaNi	VIDHI
3709	8	2	21	अचि विभाषा	aci viBAzA	VIDHI
3710	8	2	22	परेश्च घाङ्कयोः	pareSca GANkayoH	VIDHI
3711	8	2	23	संयोगान्तस्य लोपः	saMyogAntasya lopaH	VIDHI
3712	8	2	24	रात्सस्य	rAtsasya	VIDHI
3713	8	2	25	धि च	Di ca	VIDHI
3714	8	2	26	झलो झलि	Jalo Jali	VIDHI
3715	8	2	27	ह्रस्वादङ्गात्	hrasvAdaNgAt	VIDHI
3716	8	2	28	इट ईटि	iwa Iwi	VIDHI
3717	8	2	29	स्कोः संयोगाद्योरन्ते च	skoH saMyogAdyorante ca	VIDHI
3718	8	2	30	चोः कुः	coH kuH	VIDHI
3719	8	2	31	हो ढः	ho QaH	VIDHI
3720	8	2	32	दादेर्धातोर्घः	dAderDAtorGaH	VIDHI
3721	8	2	33	वा द्रुहमुहष्णुहष्णिहाम्	vA druhamuhazRuhazRihAm	VIDHI
3722	8	2	34	नहो धः	naho DaH	VIDHI
3723	8	2	35	आहस्थः	AhasTaH	VIDHI
3724	8	2	36	व्रश्चभ्रस्जसृजमृजयजराजभ्राजच्छशां षः	vraScaBrasjasfjamfjayajarAjaBrAjacCaSAM zaH	VIDHI
3725	8	2	37	एकाचो बशो भष् झषन्तस्य स्ध्वोः	ekAco baSo Baz Jazantasya sDvoH	VIDHI
3726	8	2	38	दधस्तथोश्च	daDastaToSca	VIDHI
3727	8	2	39	झलां जशोऽन्ते	JalAM jaSonte	VIDHI
3728	8	2	40	झषस्तथोर्धोऽधः	JazastaTorDoDaH	VIDHI
3729	8	2	41	षढोः कः सि	zaQoH kaH si	VIDHI
3730	8	2	42	रदाभ्यां निष्ठातो नः पूर्वस्य च दः	radAByAM nizWAto naH pUrvasya ca daH	VIDHI
3731	8	2	43	संयोगादेरातो धातोर्यण्वतः	saMyogAderAto DAtoryaRvataH	VIDHI
3732	8	2	44	ल्वादिभ्यः	lvAdiByaH	VIDHI
3733	8	2	45	ओदितश्च	oditaSca	VIDHI
3734	8	2	46	क्षियो दीर्घात्	kziyo dIrGAt	VIDHI
3735	8	2	47	श्योऽस्पर्शे	SyosparSe	VIDHI
3736	8	2	48	अञ्चोऽनपादाने	aYconapAdAne	VIDHI
3737	8	2	49	दिवोऽविजिगीषायाम्	divovijigIzAyAm	VIDHI
3738	8	2	50	निर्वाणोऽवाते	nirvARovAte	VIDHI
3739	8	2	51	शुषः कः	SuzaH kaH	VIDHI
3740	8	2	52	पचो वः	paco vaH	VIDHI
3741	8	2	53	क्षायो मः	kzAyo maH	VIDHI
3742	8	2	54	प्रस्त्योऽन्यतरस्याम्	prastyonyatarasyAm	VIDHI
3743	8	2	55	अनुपसर्गात् फुल्लक्षीबकृशोल्लाघाः	anupasargAt PullakzIbakfSollAGAH	VIDHI
3744	8	2	56	नुदविदोन्दत्राघ्राह्रीभ्योऽन्यतरस्याम्	nudavidondatrAGrAhrIByonyatarasyAm	VIDHI
3745	8	2	57	न ध्याख्यापॄमूर्छिमदाम्	na DyAKyApFmUrCimadAm	VIDHI
3746	8	2	58	वित्तो भोगप्रत्यययोः	vitto BogapratyayayoH	VIDHI
3747	8	2	59	भित्तं शकलम्	BittaM Sakalam	VIDHI
3748	8	2	60	ऋणमाधमर्ण्ये	fRamADamarRye	VIDHI
3749	8	2	61	नसत्तनिषत्तानुत्तप्रतूर्तसूर्तगूर्तानि छन्दसि	nasattanizattAnuttapratUrtasUrtagUrtAni Candasi	VIDHI
3750	8	2	62	क्विन्प्रत्ययस्य कुः	kvinpratyayasya kuH	VIDHI
3751	8	2	63	नशेर्वा	naServA	VIDHI
3752	8	2	64	मो नो धातोः	mo no DAtoH	VIDHI
3753	8	2	65	म्वोश्च	mvoSca	VIDHI
3754	8	2	66	ससजुषो रुः	sasajuzo ruH	VIDHI
3755	8	2	67	अवयाःश्वेतवाःपुरोडाश्च	avayAHSvetavAHpuroqASca	VIDHI
3756	8	2	68	अहन्	ahan	VIDHI
3757	8	2	69	रोऽसुपि	rosupi	VIDHI
3758	8	2	70	अम्नरूधरवरित्युभयथा छन्दसि	amnarUDaravarityuBayaTA Candasi	VIDHI
3759	8	2	71	भुवश्च महाव्याहृतेः	BuvaSca mahAvyAhfteH	VIDHI
3760	8	2	72	वसुस्रंसुध्वंस्वनडुहां दः	vasusraMsuDvaMsvanaquhAM daH	VIDHI
3761	8	2	73	तिप्यनस्तेः	tipyanasteH	VIDHI
3762	8	2	74	सिपि धातो रुर्वा	sipi DAto rurvA	VIDHI
3763	8	2	75	दश्च	daSca	VIDHI
3764	8	2	76	र्वोरुपधाया दीर्घ इकः	rvorupaDAyA dIrGa ikaH	VIDHI
3765	8	2	77	हलि च	hali ca	VIDHI
3766	8	2	78	उपधायां च	upaDAyAM ca	VIDHI
3767	8	2	79	न भकुर्छुराम्	na BakurCurAm	VIDHI
3768	8	2	80	अदसोऽसेर्दादु दो मः	adasoserdAdu do maH	VIDHI
3769	8	2	81	एत ईद्बहुवचने	eta Idbahuvacane	VIDHI
3770	8	2	82	वाक्यस्य टेः प्लुत उदात्तः	vAkyasya weH pluta udAttaH	ADHIKARA
3771	8	2	83	प्रत्यभिवादेऽशूद्रे	pratyaBivAdeSUdre	VIDHI
3772	8	2	84	दूराद्धूते च	dUrAdDUte ca	VIDHI
3773	8	2	85	हैहेप्रयोगे हैहयोः	hEheprayoge hEhayoH	VIDHI
3774	8	2	86	गुरोरनृतोऽनन्त्यस्याप्येकैकस्य प्राचाम्	guroranftonantyasyApyekEkasya prAcAm	VIDHI
3775	8	2	87	ओमभ्यादाने	omaByAdAne	VIDHI
3776	8	2	88	ये यज्ञकर्मणि	ye yajYakarmaRi	VIDHI
3777	8	2	89	प्रणवष्टेः	praRavazweH	VIDHI
3778	8	2	90	याज्याऽन्तः	yAjyAntaH	VIDHI
3779	8	2	91	ब्रूहिप्रेष्यश्रौषड्वौषडावहानामादेः	brUhiprezyaSrOzaqvOzaqAvahAnAmAdeH	VIDHI
3780	8	2	92	अग्नीत्प्रेषणे परस्य च	agnItprezaRe parasya ca	VIDHI
3781	8	2	93	विभाषा पृष्टप्रतिवचने हेः	viBAzA pfzwaprativacane heH	VIDHI
3782	8	2	94	निगृह्यानुयोगे च	nigfhyAnuyoge ca	VIDHI
3783	8	2	95	आम्रेडितं भर्त्सने	AmreqitaM Bartsane	VIDHI
3784	8	2	96	अङ्गयुक्तं तिङ् आकाङ्क्षम्	aNgayuktaM tiN AkANkzam	VIDHI
3785	8	2	97	विचार्यमाणानाम्	vicAryamARAnAm	VIDHI
3786	8	2	98	पूर्वं तु भाषायाम्	pUrvaM tu BAzAyAm	VIDHI
3787	8	2	99	प्रतिश्रवणे च	pratiSravaRe ca	VIDHI
3788	8	2	100	अनुदात्तं प्रश्नान्ताभिपूजितयोः	anudAttaM praSnAntABipUjitayoH	VIDHI
3789	8	2	101	चिदिति चोपमाऽर्थे प्रयुज्यमाने	ciditi copamArTe prayujyamAne	VIDHI
3790	8	2	102	उपरिस्विदासीदिति च	uparisvidAsIditi ca	VIDHI
3791	8	2	103	स्वरितमाम्रेडितेऽसूयासम्मतिकोपकुत्सनेषु	svaritamAmreqitesUyAsammatikopakutsanezu	VIDHI
3792	8	2	104	क्षियाऽऽशीःप्रैषेषु तिङ् आकाङ्क्षम्	kziyASIHprEzezu tiN AkANkzam	VIDHI
3793	8	2	105	अनन्त्यस्यापि प्रश्नाख्यानयोः	anantyasyApi praSnAKyAnayoH	VIDHI
3794	8	2	106	प्लुतावैच इदुतौ	plutAvEca idutO	VIDHI
3795	8	2	107	एचोऽप्रगृह्यस्यादूराद्धूते पूर्वस्यार्धस्यादुत्तरस्येदुतौ	ecopragfhyasyAdUrAdDUte pUrvasyArDasyAduttarasyedutO	VIDHI
3796	8	2	108	तयोर्य्वावचि संहितायाम्	tayoryvAvaci saMhitAyAm	ADHIKARA
3797	8	3	1	मतुवसो रु सम्बुद्धौ छन्दसि	matuvaso ru sambudDO Candasi	VIDHI
3798	8	3	2	अत्रानुनासिकः पूर्वस्य तु वा	atrAnunAsikaH pUrvasya tu vA	ADHIKARA
3799	8	3	3	आतोऽटि नित्यम्	Atowi nityam	VIDHI
3800	8	3	4	अनुनासिकात् परोऽनुस्वारः	anunAsikAt paronusvAraH	VIDHI
3801	8	3	5	समः सुटि	samaH suwi	VIDHI
3802	8	3	6	पुमः खय्यम्परे	pumaH Kayyampare	VIDHI
3803	8	3	7	नश्छव्यप्रशान्	naSCavyapraSAn	VIDHI
3804	8	3	8	उभयथर्क्षु	uBayaTarkzu	VIDHI
3805	8	3	9	दीर्घादटि समानपादे	dIrGAdawi samAnapAde	VIDHI
3806	8	3	10	नॄन् पे	nFn pe	VIDHI
3807	8	3	11	स्वतवान् पायौ	svatavAn pAyO	VIDHI
3808	8	3	12	कानाम्रेडिते	kAnAmreqite	VIDHI
3809	8	3	13	ढो ढे लोपः	Qo Qe lopaH	VIDHI
3810	8	3	14	रो रि	ro ri	VIDHI
3811	8	3	15	खरवसानयोर्विसर्जनीयः	KaravasAnayorvisarjanIyaH	VIDHI
3812	8	3	16	रोः सुपि	roH supi	VIDHI
3813	8	3	17	भोभगोअघोअपूर्वस्य योऽशि	BoBagoaGoapUrvasya yoSi	VIDHI
3814	8	3	18	व्योर्लघुप्रयत्नतरः शाकटायनस्य	vyorlaGuprayatnataraH SAkawAyanasya	VIDHI
3815	8	3	19	लोपः शाकल्यस्य	lopaH SAkalyasya	VIDHI
3816	8	3	20	ओतो गार्ग्यस्य	oto gArgyasya	VIDHI
3817	8	3	21	उञि च पदे	uYi ca pade	VIDHI
3818	8	3	22	हलि सर्वेषाम्	hali sarvezAm	VIDHI
3819	8	3	23	मोऽनुस्वारः	monusvAraH	VIDHI
3820	8	3	24	नश्चापदान्तस्य झलि	naScApadAntasya Jali	VIDHI
3821	8	3	25	मो राजि समः क्वौ	mo rAji samaH kvO	VIDHI
3822	8	3	26	हे मपरे वा	he mapare vA	VIDHI
3823	8	3	27	नपरे नः	napare naH	VIDHI
3824	8	3	28	ङ्णोः कुक्टुक् शरि	NRoH kukwuk Sari	VIDHI
3825	8	3	29	डः सि धुट्	qaH si Duw	VIDHI
3826	8	3	30	नश्च	naSca	VIDHI
3827	8	3	31	शि तुक्	Si tuk	VIDHI
3828	8	3	32	ङमो ह्रस्वादचि ङमुण्नित्यम्	Namo hrasvAdaci NamuRnityam	VIDHI
3829	8	3	33	मय उञो वो वा	maya uYo vo vA	VIDHI
3830	8	3	34	विसर्जनीयस्य सः	visarjanIyasya saH	VIDHI
3831	8	3	35	शर्परे विसर्जनीयः	Sarpare visarjanIyaH	VIDHI
3832	8	3	36	वा शरि	vA Sari	VIDHI
3833	8	3	37	कुप्वोः ≍क≍पौ च	kupvoH kapO ca	VIDHI
3834	8	3	38	सोऽपदादौ	sopadAdO	VIDHI
3835	8	3	39	इणः षः	iRaH zaH	VIDHI
3836	8	3	40	नमस्पुरसोर्गत्योः	namaspurasorgatyoH	VIDHI
3837	8	3	41	इदुदुपधस्य चाप्रत्ययस्य	idudupaDasya cApratyayasya	VIDHI
3838	8	3	42	तिरसोऽन्यतरस्याम्	tirasonyatarasyAm	VIDHI
3839	8	3	43	द्विस्त्रिश्चतुरिति कृत्वोऽर्थे	dvistriScaturiti kftvorTe	VIDHI
3840	8	3	44	इसुसोः सामर्थ्ये	isusoH sAmarTye	VIDHI
3841	8	3	45	नित्यं समासेऽनुत्तरपदस्थस्य	nityaM samAsenuttarapadasTasya	VIDHI
3842	8	3	46	अतः कृकमिकंसकुम्भपात्रकुशाकर्णीष्वनव्ययस्य	ataH kfkamikaMsakumBapAtrakuSAkarRIzvanavyayasya	VIDHI
3843	8	3	47	अधःशिरसी पदे	aDaHSirasI pade	VIDHI
3844	8	3	48	कस्कादिषु च	kaskAdizu ca	VIDHI
3845	8	3	49	छन्दसि वाऽप्राम्रेडितयोः	Candasi vAprAmreqitayoH	VIDHI
3846	8	3	50	कःकरत्करतिकृधिकृतेष्वनदितेः	kaHkaratkaratikfDikftezvanaditeH	VIDHI
3847	8	3	51	पञ्चम्याः परावध्यर्थे	paYcamyAH parAvaDyarTe	VIDHI
3848	8	3	52	पातौ च बहुलम्	pAtO ca bahulam	VIDHI
3849	8	3	53	षष्ठ्याः पतिपुत्रपृष्ठपारपदपयस्पोषेषु	zazWyAH patiputrapfzWapArapadapayaspozezu	VIDHI
3850	8	3	54	इडाया वा	iqAyA vA	VIDHI
3851	8	3	55	अपदान्तस्य मूर्धन्यः	apadAntasya mUrDanyaH	ADHIKARA
3852	8	3	56	सहेः साडः सः	saheH sAqaH saH	VIDHI
3853	8	3	57	इण्कोः	iRkoH	ADHIKARA
3854	8	3	58	नुम्विसर्जनीयशर्व्यवायेऽपि	numvisarjanIyaSarvyavAyepi	VIDHI
3855	8	3	59	आदेशप्रत्यययोः	AdeSapratyayayoH	VIDHI
3856	8	3	60	शासिवसिघसीनां च	SAsivasiGasInAM ca	VIDHI
3857	8	3	61	स्तौतिण्योरेव षण्यभ्यासात्	stOtiRyoreva zaRyaByAsAt	VIDHI
3858	8	3	62	सः स्विदिस्वदिसहीनां च	saH svidisvadisahInAM ca	VIDHI
3859	8	3	63	प्राक्सितादड्व्यवायेऽपि	prAksitAdaqvyavAyepi	VIDHI
3860	8	3	64	स्थाऽऽदिष्वभ्यासेन चाभ्यासस्य	sTAdizvaByAsena cAByAsasya	VIDHI
3861	8	3	65	उपसर्गात् सुनोतिसुवतिस्यतिस्तौतिस्तोभतिस्थासेनयसेधसिचसञ्जस्वञ्जाम्	upasargAt sunotisuvatisyatistOtistoBatisTAsenayaseDasicasaYjasvaYjAm	VIDHI
3862	8	3	66	सदिरप्रतेः	sadiraprateH	VIDHI
3863	8	3	67	स्तम्भेः	stamBeH	VIDHI
3864	8	3	68	अवाच्चालम्बनाविदूर्ययोः	avAccAlambanAvidUryayoH	VIDHI
3865	8	3	69	वेश्च स्वनो भोजने	veSca svano Bojane	VIDHI
3866	8	3	70	परिनिविभ्यः सेवसितसयसिवुसहसुट्स्तुस्वञ्जाम्	pariniviByaH sevasitasayasivusahasuwstusvaYjAm	VIDHI
3867	8	3	71	सिवादीनां वाऽड्व्यवायेऽपि	sivAdInAM vAqvyavAyepi	VIDHI
3868	8	3	72	अनुविपर्यभिनिभ्यः स्यन्दतेरप्राणिषु	anuviparyaBiniByaH syandateraprARizu	VIDHI
3869	8	3	73	वेः स्कन्देरनिष्ठायाम्	veH skanderanizWAyAm	VIDHI
3870	8	3	74	परेश्च	pareSca	VIDHI
3871	8	3	75	परिस्कन्दः प्राच्यभरतेषु	pariskandaH prAcyaBaratezu	VIDHI
3872	8	3	76	स्फुरतिस्फुलत्योर्निर्निविभ्यः	sPuratisPulatyornirniviByaH	VIDHI
3873	8	3	77	वेः स्कभ्नातेर्नित्यम्	veH skaBnAternityam	VIDHI
3874	8	3	78	इणः षीध्वंलुङ्लिटां धोऽङ्गात्	iRaH zIDvaMluNliwAM DoNgAt	VIDHI
3875	8	3	79	विभाषेटः	viBAzewaH	VIDHI
3876	8	3	80	समासेऽङ्गुलेः सङ्गः	samAseNguleH saNgaH	VIDHI
3877	8	3	81	भीरोः स्थानम्	BIroH sTAnam	VIDHI
3878	8	3	82	अग्नेः स्तुत्स्तोमसोमाः	agneH stutstomasomAH	VIDHI
3879	8	3	83	ज्योतिरायुषः स्तोमः	jyotirAyuzaH stomaH	VIDHI
3880	8	3	84	मातृपितृभ्यां स्वसा	mAtfpitfByAM svasA	VIDHI
3881	8	3	85	मातुःपितुर्भ्यामन्यतरस्याम्	mAtuHpiturByAmanyatarasyAm	VIDHI
3882	8	3	86	अभिनिसः स्तनः शब्दसंज्ञायाम्	aBinisaH stanaH SabdasaMjYAyAm	VIDHI
3883	8	3	87	उपसर्गप्रादुर्भ्यामस्तिर्यच्परः	upasargaprAdurByAmastiryacparaH	VIDHI
3884	8	3	88	सुविनिर्दुर्भ्यः सुपिसूतिसमाः	suvinirdurByaH supisUtisamAH	VIDHI
3885	8	3	89	निनदीभ्यां स्नातेः कौशले	ninadIByAM snAteH kOSale	VIDHI
3886	8	3	90	सूत्रं प्रतिष्णातम्	sUtraM pratizRAtam	VIDHI
3887	8	3	91	कपिष्ठलो गोत्रे	kapizWalo gotre	VIDHI
3888	8	3	92	प्रष्ठोऽग्रगामिनि	prazWogragAmini	VIDHI
3889	8	3	93	वृक्षासनयोर्विष्टरः	vfkzAsanayorvizwaraH	VIDHI
3890	8	3	94	छन्दोनाम्नि च	CandonAmni ca	VIDHI
3891	8	3	95	गवियुधिभ्यां स्थिरः	gaviyuDiByAM sTiraH	VIDHI
3892	8	3	96	विकुशमिपरिभ्यः स्थलम्	vikuSamipariByaH sTalam	VIDHI
3893	8	3	97	अम्बाम्बगोभूमिसव्यापद्वित्रिकुशेकुशङ्क्वङ्गुमञ्जिपुञ्जिपरमेबर्हिर्दिव्यग्निभ्यः स्थः	ambAmbagoBUmisavyApadvitrikuSekuSaNkvaNgumaYjipuYjiparamebarhirdivyagniByaH sTaH	VIDHI
3894	8	3	98	सुषामादिषु च	suzAmAdizu ca	VIDHI
3895	8	3	99	एति संज्ञायामगात्	eti saMjYAyAmagAt	VIDHI
3896	8	3	100	नक्षत्राद्वा	nakzatrAdvA	VIDHI
3897	8	3	101	ह्रस्वात् तादौ तद्धिते	hrasvAt tAdO tadDite	VIDHI
3898	8	3	102	निसस्तपतावनासेवने	nisastapatAvanAsevane	VIDHI
3899	8	3	103	युष्मत्तत्ततक्षुःष्वन्तःपादम्	yuzmattattatakzuHzvantaHpAdam	VIDHI
3900	8	3	104	यजुष्येकेषाम्	yajuzyekezAm	VIDHI
3901	8	3	105	स्तुतस्तोमयोश्छन्दसि	stutastomayoSCandasi	VIDHI
3902	8	3	106	पूर्वपदात्	pUrvapadAt	VIDHI
3903	8	3	107	सुञः	suYaH	VIDHI
3904	8	3	108	सनोतेरनः	sanoteranaH	VIDHI
3905	8	3	109	सहेः पृतनर्ताभ्यां च	saheH pftanartAByAM ca	VIDHI
3906	8	3	110	न रपरसृपिसृजिस्पृशिस्पृहिसवनादीनाम्	na raparasfpisfjispfSispfhisavanAdInAm	VIDHI
3907	8	3	111	सात्पदाद्योः	sAtpadAdyoH	VIDHI
3908	8	3	112	सिचो यङि	sico yaNi	VIDHI
3909	8	3	113	सेधतेर्गतौ	seDatergatO	VIDHI
3910	8	3	114	प्रतिस्तब्धनिस्तब्धौ च	pratistabDanistabDO ca	VIDHI
3911	8	3	115	सोढः	soQaH	VIDHI
3912	8	3	116	स्तम्भुसिवुसहां चङि	stamBusivusahAM caNi	VIDHI
3913	8	3	117	सुनोतेः स्यसनोः	sunoteH syasanoH	VIDHI
3914	8	3	118	सदेः परस्य लिटि	sadeH parasya liwi	VIDHI
3915	8	3	119	निव्यभिभ्योऽड्व्यवाये वा छन्दसि	nivyaBiByoqvyavAye vA Candasi	VIDHI
3916	8	4	1	रषाभ्यां नो णः समानपदे	razAByAM no RaH samAnapade	VIDHI
3917	8	4	2	अट्कुप्वाङ्नुम्व्यवायेऽपि	awkupvANnumvyavAyepi	VIDHI
3918	8	4	3	पूर्वपदात् संज्ञायामगः	pUrvapadAt saMjYAyAmagaH	VIDHI
3919	8	4	4	वनं पुरगामिश्रकासिध्रकाशारिकाकोटराऽग्रेभ्यः	vanaM puragAmiSrakAsiDrakASArikAkowarAgreByaH	VIDHI
3920	8	4	5	प्रनिरन्तःशरेक्षुप्लक्षाम्रकार्ष्यखदिरपीयूक्षाभ्योऽसंज्ञायामपि	pranirantaHSarekzuplakzAmrakArzyaKadirapIyUkzAByosaMjYAyAmapi	VIDHI
3921	8	4	6	विभाषौषधिवनस्पतिभ्यः	viBAzOzaDivanaspatiByaH	VIDHI
3922	8	4	7	अह्नोऽदन्तात्	ahnodantAt	VIDHI
3923	8	4	8	वाहनमाहितात्	vAhanamAhitAt	VIDHI
3924	8	4	9	पानं देशे	pAnaM deSe	VIDHI
3925	8	4	10	वा भावकरणयोः	vA BAvakaraRayoH	VIDHI
3926	8	4	11	प्रातिपदिकान्तनुम्विभक्तिषु च	prAtipadikAntanumviBaktizu ca	VIDHI
3927	8	4	12	एकाजुत्तरपदे णः	ekAjuttarapade RaH	VIDHI
3928	8	4	13	कुमति च	kumati ca	VIDHI
3929	8	4	14	उपसर्गादसमासेऽपि णोपदेशस्य	upasargAdasamAsepi RopadeSasya	VIDHI
3930	8	4	15	हिनुमीना	hinumInA	VIDHI
3931	8	4	16	आनि लोट्	Ani low	VIDHI
3932	8	4	17	नेर्गदनदपतपदघुमास्यतिहन्तियातिवातिद्रातिप्सातिवपतिवहतिशाम्यतिचिनोतिदेग्धिषु च	nergadanadapatapadaGumAsyatihantiyAtivAtidrAtipsAtivapativahatiSAmyaticinotidegDizu ca	VIDHI
3933	8	4	18	शेषे विभाषाऽकखादावषान्त उपदेशे	Seze viBAzAkaKAdAvazAnta upadeSe	VIDHI
3934	8	4	19	अनितेः	aniteH	VIDHI
3935	8	4	20	अन्तः	antaH	VIDHI
3936	8	4	21	उभौ साभ्यासस्य	uBO sAByAsasya	VIDHI
3937	8	4	22	हन्तेरत्पूर्वस्य	hanteratpUrvasya	VIDHI
3938	8	4	23	वमोर्वा	vamorvA	VIDHI
3939	8	4	24	अन्तरदेशे	antaradeSe	VIDHI
3940	8	4	25	अयनं च	ayanaM ca	VIDHI
3941	8	4	26	छन्दस्यृदवग्रहात्	CandasyfdavagrahAt	VIDHI
3942	8	4	27	नश्च धातुस्थोरुषुभ्यः	naSca DAtusToruzuByaH	VIDHI
3943	8	4	28	उपसर्गाद् बहुलम्	upasargAd bahulam	VIDHI
3944	8	4	29	कृत्यचः	kftyacaH	VIDHI
3945	8	4	30	णेर्विभाषा	RerviBAzA	VIDHI
3946	8	4	31	हलश्च इजुपधात्	halaSca ijupaDAt	VIDHI
3947	8	4	32	इजादेः सनुमः	ijAdeH sanumaH	VIDHI
3948	8	4	33	वा निंसनिक्षनिन्दाम्	vA niMsanikzanindAm	VIDHI
3949	8	4	34	न भाभूपूकमिगमिप्यायीवेपाम्	na BABUpUkamigamipyAyIvepAm	VIDHI
3950	8	4	35	षात् पदान्तात्	zAt padAntAt	VIDHI
3951	8	4	36	नशेः षान्तस्य	naSeH zAntasya	VIDHI
3952	8	4	37	पदान्तस्य	padAntasya	VIDHI
3953	8	4	38	पदव्यवायेऽपि	padavyavAyepi	VIDHI
3954	8	4	39	क्षुभ्नाऽऽदिषु च	kzuBnAdizu ca	VIDHI
3955	8	4	40	स्तोः श्चुना श्चुः	stoH ScunA ScuH	VIDHI
3956	8	4	41	ष्टुना ष्टुः	zwunA zwuH	VIDHI
3957	8	4	42	न पदान्ताट्टोरनाम्	na padAntAwworanAm	VIDHI
3958	8	4	43	तोः षि	toH zi	VIDHI
3959	8	4	44	शात्	SAt	VIDHI
3960	8	4	45	यरोऽनुनासिकेऽनुनासिको वा	yaronunAsikenunAsiko vA	VIDHI
3961	8	4	46	अचो रहाभ्यां द्वे	aco rahAByAM dve	VIDHI
3962	8	4	47	अनचि च	anaci ca	VIDHI
3963	8	4	48	नादिन्याक्रोशे पुत्रस्य	nAdinyAkroSe putrasya	VIDHI
3964	8	4	49	शरोऽचि	Saroci	VIDHI
3965	8	4	50	त्रिप्रभृतिषु शाकटायनस्य	tripraBftizu SAkawAyanasya	VIDHI
3966	8	4	51	सर्वत्र शाकल्यस्य	sarvatra SAkalyasya	VIDHI
3967	8	4	52	दीर्घादाचार्याणाम्	dIrGAdAcAryARAm	VIDHI
3968	8	4	53	झलां जश् झशि	JalAM jaS JaSi	VIDHI
3969	8	4	54	अभ्यासे चर्च	aByAse carca	VIDHI
3970	8	4	55	खरि च	Kari ca	VIDHI
3971	8	4	56	वाऽवसाने	vAvasAne	VIDHI
3972	8	4	57	अणोऽप्रगृह्यस्यानुनासिकः	aRopragfhyasyAnunAsikaH	VIDHI
3973	8	4	58	अनुस्वारस्य ययि परसवर्णः	anusvArasya yayi parasavarRaH	VIDHI
3974	8	4	59	वा पदान्तस्य	vA padAntasya	VIDHI
3975	8	4	60	तोर्लि	torli	VIDHI
3976	8	4	61	उदः स्थास्तम्भोः पूर्वस्य	udaH sTAstamBoH pUrvasya	VIDHI
3977	8	4	62	झयो होऽन्यतरस्याम्	Jayo honyatarasyAm	VIDHI
3978	8	4	63	शश्छोऽटि	SaSCowi	VIDHI
3979	8	4	64	हलो यमां यमि लोपः	halo yamAM yami lopaH	VIDHI
3980	8	4	65	झरो झरि सवर्णे	Jaro Jari savarRe	VIDHI
3981	8	4	66	उदात्तादनुदात्तस्य स्वरितः	udAttAdanudAttasya svaritaH	VIDHI
3982	8	4	67	नोदात्तस्वरितोदयमगार्ग्यकाश्यपगालवानाम्	nodAttasvaritodayamagArgyakASyapagAlavAnAm	VIDHI
3983	8	4	68	अ अ	a a	VIDHI
